대분류명,중분류명,소분류명,상품코드,관리코드,상품명,규격,박스내품,매입단가,박스매입단가,매출단가,박스매출단가,매익률,최종재고,박스,낱개,최대 주문수량,긴글비고,판매자관리코드,SKU코드
기본 대분류,음료-B동,기타음료,000001,55-04-02,히비스커스헛개수500,500ml*20,20,600,12000,850,17000,0.4167,0,0,0,0,,,
기본 대분류,음료-B동,기타음료,000002,55-04-01,히비스커스헛개수340(특수유통용),340ml*20,20,670,13400,770,15400,0.1493,0,0,0,0,,,
기본 대분류,음료-B동,HK이노앤,000003,55-04-03,히비스커스블렌딩티500ml*24BT,500ml*24,24,500,12000,641,15384,0.282,0,0,0,0,,,
기본 대분류,세제외-A동,기타,000013,42-75-02,황지수 핸드 클린겔500(손세정제)(70),500ml*15개,15,2750,41250,4000,60000,0.4545,0,0,0,0,,,
기본 대분류,음료-B동,코카콜라,000016,31-47-02,환타포도 355(업소용)/100,(355ml*24),24,551.5833,13237.9992,637.5,15300,0.1558,-48,-2,0,0,,,
기본 대분류,음료-B동,코카콜라,000017,31-42-05,환타포도250,250ml*30,30,482.3667,14471.001,600,18000,0.2439,0,0,0,0,,,
기본 대분류,음료-B동,코카콜라,000018,31-44-02,환타포도1.5,1.5L*12,12,1705.4505,20465.406,2108.335,25300.02,0.2362,324,27,0,0,,,
기본 대분류,음료-B동,코카콜라,000019,31-42-04,환타파인250/99,250ml*30,30,534.1,16023,700,21000,0.3106,-720,-24,0,0,,,
기본 대분류,음료-B동,코카콜라,000020,31-46,환타파인 600,600ml*24,24,1113.125,26715,1325,31800,0.1903,168,7,0,0,,,
기본 대분류,음료-B동,코카콜라,000021,31-44-01,환타파인 1.5,1.5L*12,12,1627.25,19527,2108.335,25300.02,0.2956,156,13,0,0,,,
기본 대분류,음료-B동,코카콜라,000022,31-42,환타오렌지190 (126/132),190ml*30,30,430.1333,12903.999,527.6667,15830.001,0.2268,7920,264,0,0,,,
기본 대분류,음료-B동,코카콜라,000023,31-45,환타오렌지 600,600ml*24,24,1113.125,26715,1325,31800,0.1903,1296,54,0,0,,,
기본 대분류,음료-B동,코카콜라,000024,31-44-05,환타오렌지 300(pet) (72),300*24,24,741.2917,17791.0008,916.6667,22000.0008,0.2366,0,0,0,0,,,
기본 대분류,음료-B동,코카콜라,000025,31-42-02,환타오렌지 250/99,250ml*30,30,534.1,16023,600,18000,0.1234,0,0,0,0,,,
기본 대분류,음료-B동,코카콜라,000026,31-44,환타오렌지 1.5,1.5L*12,12,1627.25,19527,2108.335,25300.02,0.2956,456,38,0,0,,,
기본 대분류,음료-B동,코카콜라,000027,31-47-01,환타파인 355(업소용) (88/100),(355ml*24),24,550.5833,13213.9992,695.8333,16699.9992,0.2638,6696,279,0,0,,,
기본 대분류,음료-B동,코카콜라,000028,31-47,환타오렌지 355 (업소용)/(88/100),(355ml*24),24,550.585,13214.04,695.835,16700.04,0.2638,6384,266,0,0,,,
기본 대분류,음료-B동,현대약품,000036,28-06,화이브미니(동아),100ml*100,100,469.2,46920,600,60000,0.2788,0,0,0,0,,,
기본 대분류,통조림-C동,화남산업,000040,13-02,화남황도820G,820*12,12,2850,34200,3416.6667,41000.000400000004,0.1988,0,0,0,0,,,
기본 대분류,통조림-C동,화남산업,000041,13-02.,화남 황도슬라이스3kg,3Kg*6,6,7200,43200,8550,51300,0.1875,589,98,1,0,,,
기본 대분류,통조림-C동,화남산업,000042,13-01,화남황도(小),400g*24,24,1050,25200,1250,30000,0.1905,0,0,0,0,,,
기본 대분류,통조림-C동,화남산업,000044,13-06,화남파인애플,3K*6,6,7400,44400,8333,49998,0.1261,0,0,,0,,,
기본 대분류,통조림-C동,화남산업,000045,13-03,화남백도(小),24*400,400,50,20000,63,25200,0.26,0,0,,0,,,
기본 대분류,통조림-C동,화남산업,000047,13-011,화남 파인애플 820g*12,820g*12,12,1800,21600,2083,24996,0.1572,0,0,,0,,,
기본 대분류,음료-B동,청정원,000050,01-04,홍초석류 900+500 (기획),900+500*12,12,5500,66000,6667,80004,0.2122,0,0,0,0,,,
기본 대분류,음료-B동,청정원,000051,01-06,홍초석류 900,900ml*12,12,4333.3333,51999.9996,6000,72000,0.3846,0,0,0,0,,,
기본 대분류,음료-B동,청정원,000052,01-06.,홍초블루베리900+500(기획),900ml+500*12,12,5500,66000,6667,80004,0.2122,0,0,,0,,,
기본 대분류,음료-B동,청정원,000053,01-04..,홍초블루베리 900,900ml*12,12,4000,48000,4583,54996,0.1458,0,0,,0,,,
기본 대분류,음료-B동,청정원,000054,01-06..,홍초복분자900+500(기획),900+500*12,12,4000,48000,6000,72000,0.5,0,0,,0,,,
기본 대분류,음료-B동,청정원,000055,01-04.,홍초복분자 900,900ml*12,12,4000,48000,4583,54996,0.1458,0,0,,0,,,
기본 대분류,기타,기타,000056,55-09-03,홍삼진플러스파우치70ml(30입),70ml*30입,30,0,0,733,21990,0,0,0,0,0,,,
기본 대분류,음료-B동,정관장,000057,15-41,홍삼진파우치,(70ml*120)*4,480,125,60000,182,87360,0.456,0,0,0,0,,,
기본 대분류,음료-B동,HK이노앤,000058,55-09-02,홍삼진병100ml,100ml*10,10,297,2970,350,3500,0.1785,0,0,0,0,,,
기본 대분류,음료-B동,HK이노앤,000059,55-09,홍삼진병(100*10) Hk이노앤 (40),(100ml*10)*10,100,310,31000,363,36300,0.171,940,9,40,0,,,
기본 대분류,기타,기타,000060,55-12-01,홍삼원케이스,,0,100,0,130,0,0.3,200,0,200,0,,,
기본 대분류,음료-B동,정관장,000061,15-04-09,홍삼원디(정관장)100ml (50),(10병*10set),100,530,53000,580,58000,0.0943,0,0,0,0,,,
기본 대분류,음료-B동,동화약품,000070,52-66,혼다시/아지노모드(A),k*10,10,12800,128000,15000,150000,0.1719,0,0,,0,,,
기본 대분류,음료-B동,동화약품,000071,52-65,혼다/다시노모도(계성)(B),1k*10,10,7500,75000,10000,100000,0.3333,0,0,,0,,,
기본 대분류,음료-B동,호연당,000072,34-04-02,호연당허니스파클링펫 350(104),350ml*20,20,405,8100,605,12100,0.4938,0,0,,0,,,
기본 대분류,음료-B동,호연당,000073,34-04-01,호연당스파클링꿀물캔식스팩250,(6팩*5),30,116.6667,3500.001,333,9990,1.8543,0,0,,0,,,
기본 대분류,음료-B동,호연당,000074,34-04,호연당스파클링꿀물캔250,250ml*30,30,266.6667,8000.001,333,9990,0.2487,0,0,,0,,,
기본 대분류,음료-B동,호연당,000076,34-02,호연당꿀물캔 175 (156),175ml*30,30,183.3333,5499.999,250,7500,0.3636,0,0,0,0,,,
기본 대분류,기타,기타,000077,42-86,호연당 허니향(HK817),1kg,1,33000,33000,44000,44000,0.3333,77,77,0,0,,,
기본 대분류,음료-B동,호연당,000078,34-01-01,호연당 아카시아꿀물병 (56),180ml*48병,48,500,24000,729.1667,35000.0016,0.4583,0,0,0,0,,,
기본 대분류,음료-B동,현대약품,000079,28-53-02,현대옥수수수염차 500ml,500*20,20,390,7800,500,10000,0.2821,0,0,0,0,,,
기본 대분류,파렛트,파렛트,000081,28-59,현대약품파렛트,,0,0,0,0,0,0,63,0,63,0,,,
기본 대분류,반품,반품,000082,60-31,현대미에로반품,,0,0,0,0,0,0,6,0,6,0,,,
기본 대분류,음료-B동,현대약품,000083,28-13-01,헬씨올리고200/현대약품,200ml*40,40,592.75,23710,700,28000,0.1809,1200,30,0,0,,,
기본 대분류,음료-B동,현대약품,000084,28-13,헬씨올리고100/현대,100ml*100,100,357.54,35754,400,40000,0.1188,4930,49,30,0,,,
기본 대분류,음료-B동,롯데칠성음료,000089,27-101,헛개차페트500/롯데칠성,500*20,20,637.5,12750,850,17000,0.3333,0,0,,0,,,
기본 대분류,음료-B동,HK이노앤,000091,55-01-02,헛개 컨디션120ml (70),120ml*50,50,1900,95000,2640,132000,0.3895,13430,268,30,0,,,
기본 대분류,음료-B동,매일유업,000097,25-07,허쉬쿠키앤크림235팩/매일,235*6*4=24,24,449.166666666667,10780.00000000001,500,12000,0.1132,0,0,,0,,,
기본 대분류,세제외-A동,CJ제일제당,000102,15-15-02,햇반기획210g (3입*12) (56),(210g*3)*12,36,800,28800,1000,36000,0.25,432,12,0,0,,,
기본 대분류,세제외-A동,CJ제일제당,000103,15-15-04,햇반기획200g(8입*6)/(40),200g*(8*6),48,750,36000,1125,54000,0.5,0,0,0,0,,,
기본 대분류,세제외-A동,CJ제일제당,000104,15-15,햇반기획200g (4입*12) (40),200g*(4*12),48,650,31200,729,34992,0.1215,0,0,,0,,,
기본 대분류,통조림-C동,CJ제일제당,000105,15-16,햇반기획 200g(24입)/64,200g*24,24,730,17520,1000,24000,0.3699,0,0,0,0,,,
기본 대분류,세제외-A동,기타,000116,36-83-02,해피데이 고급종이컵 (72),,1,6000,6000,7500,7500,0.25,0,0,0,0,,,
기본 대분류,세제외-A동,해표사조,000117,39-62,해표후추200g*30,200g*30,30,2800,84000,3333,99990,0.1904,0,0,,0,,,
기본 대분류,세제외-A동,해표사조,000118,41-23,해표포도씨유0.9,0.9*12,12,4500,54000,5833,69996,0.2962,0,0,,0,,,
기본 대분류,세제외-A동,해표사조,000120,41-09,사조해표 카놀라유900,900*12(64),12,5200,62400,7250,87000,0.3942,0,0,0,0,,,
기본 대분류,세제외-A동,해표사조,000124,41-14,해표올리브유(0.5*20),,1,80000,80000,90000,90000,0.125,0,0,,0,,,
기본 대분류,세제외-A동,해표사조,000126,41-16,해표식용유7호*4-(BOX),(1.8L*3)*4set,4,9150,36600,12000,48000,0.3115,0,0,,0,,,
기본 대분류,세제외-A동,해표사조,000128,41-28.,해표식용유1.5*8 (48),1.5L*8,8,2312.5,18500,2800,22400,0.2108,0,0,0,0,,,
기본 대분류,세제외-A동,해표사조,000130,41-17,해표식용유0.9,0.9*20,20,2250,45000,3000,60000,0.3333,0,0,,0,,,
기본 대분류,세제외-A동,기타,000132,41-19,해표식용유 1.8L (32),1.8L*12,12,5100,61200,7000,84000,0.3725,0,0,0,0,,,
기본 대분류,음료-B동,해태음료,000143,01-105,해태훼미리매실 1.5,1.5L*12,12,1418,17016,1667,20004,0.1756,0,0,0,0,,,
기본 대분류,음료-B동,해태음료,000144,32-20,해태후레쉬100%(1.5L),1.5L*12,12,1417,17004,1667,20004,0.1764,0,0,,0,,,
기본 대분류,음료-B동,해태음료,000145,32-32-03,해태 미닛메이드 허니유자페트280,280*24,24,848.625,20367,1129.1667,27100.0008,0.3306,0,0,0,0,,,
기본 대분류,음료-B동,해태음료,000146,32-01-02,해태포도봉봉뚱캔340,340ml*24,24,546.7083,13120.9992,775,18600,0.4176,744,31,0,0,,,
기본 대분류,음료-B동,해태음료,000147,32-01,해태포도봉봉238ml(50),238ml*72,72,458.3333,32999.9976,540.2778,38900.001599999996,0.1788,8928,124,0,0,,,
기본 대분류,파렛트,파렛트,000148,01-124,해태파렛트,,1,0,0,0,0,0,57,57,0,0,,,
기본 대분류,음료-B동,해태음료,000149,32-21,해태코코팜화이트(요쿠르트/ 스쿨존)240,240ml*30,30,480.5,14415,626.6667,18800.001,0.3042,1530,51,0,0,,,
기본 대분류,음료-B동,해태음료,000150,32-05,해태코코팜(포도) (50),238ml*72,72,458.3333,32999.9976,679.1667,48900.0024,0.4818,4608,64,0,0,,,
기본 대분류,음료-B동,해태음료,000153,31-21,해태제주감귤1.5,1.5L*12,12,1418,17016,1667,20004,0.1756,0,0,,0,,,
기본 대분류,음료-B동,해태음료,000154,22-37.,해태자몽소다펫트350,350ml*24,24,567,13608,833,19992,0.4691,0,0,0,0,,,
기본 대분류,음료-B동,해태음료,000155,32-41,해태자몽소다캔355,355ml*24,24,483,11592,625,15000,0.294,0,0,0,0,,,
기본 대분류,음료-B동,해태음료,000156,32-17,해태 미닛메이드 레몬에이드1.5,1.5L*12,12,1871.25,22455,2166.6667,26000.000400000004,0.1579,0,0,0,0,,,
기본 대분류,음료-B동,해태음료,000157,32-06,해태썬키스트 훼미리포도1.5,1.5L*12,12,2272.6667,27272.000400000004,3333.353,40000.236000000004,0.4667,0,0,0,0,,,
기본 대분류,음료-B동,해태음료,000158,32-10,해태써니텐오렌지250,250ml*30,30,485,14550,600,18000,0.2371,0,0,0,0,,,
기본 대분류,음료-B동,해태음료,000159,32-01-03,해태복숭아봉봉뚱캔340,340ml*24,24,567.2917,13615.0008,804.1667,19300.0008,0.4176,2136,89,0,0,,,
기본 대분류,반품,반품,000160,60-13,해태반품,0,1,0,0,0,0,0,11,11,0,0,,,
기본 대분류,음료-B동,해태음료,000161,32-32-02,해태 미닛메이드 모과생강페트280,280*24,24,848.625,20367,1129.1667,27100.0008,0.3306,0,0,0,0,,,
기본 대분류,음료-B동,해태음료,000162,32-39,해태멜론소다펫트350,350ml*24,24,700,16800,833,19992,0.19,0,0,,0,,,
기본 대분류,음료-B동,해태음료,000165,32-17.,해태레몬에이드캔240*30,240*30,30,363,10890,500,15000,0.3774,0,0,0,0,,,
기본 대분류,음료-B동,해태음료,000166,32-11,해태 미닛메이드 레몬에이드Pet 350,350ml*24,24,766.8333,18403.9992,1000,24000,0.3041,552,23,0,0,,,
기본 대분류,음료-B동,해태음료,000167,32-01-04,해태딸기봉봉뚱캔340,340ml*24,24,479.1667,11500.0008,625,15000,0.3043,0,0,0,0,,,
기본 대분류,음료-B동,해태음료,000169,32-13,해태 과일촌 아침에사과1.5 (44),1.5L*12,12,2080.6325,24967.590000000004,2583.353,31000.236,0.2416,-108,-9,0,0,,,
기본 대분류,음료-B동,해태음료,000170,32,해태 과일촌 아침에사과 500,500ml*24,24,894.223,21461.352,1183.3333,28399.9992,0.3233,384,16,0,0,,,
기본 대분류,음료-B동,해태음료,000171,32-18-01,해태갈아만든배뚱캔340,340ml*24,24,581.8185,13963.644,833.3333,19999.9992,0.4323,4032,168,0,0,,,
기본 대분류,음료-B동,해태음료,000172,32-02,해태갈아만든배238 (50),238ml*72,72,472.2222,33999.9984,700,50400,0.4824,10872,151,0,0,,,
기본 대분류,음료-B동,해태음료,000173,32-30,해태갈아만든배 1.5 (44),1.5L*12,12,2048.2738,24579.2856,3225,38700,0.5745,2580,215,0,0,,,
기본 대분류,세제외-A동,CJ제일제당,000175,08-18-02,해찬들태양초골드고추장1kg(12통),(1kg*12),12,5500,66000,6667,80004,0.2122,0,0,0,0,,,
기본 대분류,세제외-A동,CJ제일제당,000176,08-18,해찬들태양초고추장2.4+450g,(2.4+450)*4,4,8800,35200,10000,40000,0.1364,0,0,,0,,,
기본 대분류,세제외-A동,CJ제일제당,000177,15-39,해찬들맛있게매운고추장500g(p),500g*20,20,2300,46000,3000,60000,0.3043,0,0,,0,,,
기본 대분류,세제외-A동,CJ제일제당,000179,08-17..,해찬들고추장2kg*350,2kg*35*4,4,8750,35000,10000,40000,0.1429,0,0,,0,,,
기본 대분류,세제외-A동,CJ제일제당,000180,62-50.,해찬들/태양초골드고추장14kg,14kg,1,64500,64500,70000,70000,0.0853,0,0,0,0,,,
기본 대분류,세제외-A동,CJ제일제당,000181,52-60,해찬들/태양초고추장3kg,3kg*4,4,13200,52800,15500,62000,0.1742,0,0,0,0,,,
기본 대분류,세제외-A동,CJ제일제당,000182,08-17.,해찬들/태양초고추장2kg,2kg*6,6,8083,48498,10000,60000,0.2372,0,0,,0,,,
기본 대분류,세제외-A동,CJ제일제당,000183,08-09-03,해찬들 초고추장골드14kg,14kg,1,64500,64500,78500,78500,0.2171,0,0,0,0,,,
기본 대분류,세제외-A동,CJ제일제당,000184,08-09,해찬들 초고추장300g,300g*20,20,1243,24860,1600,32000,0.2872,0,0,,0,,,
기본 대분류,세제외-A동,CJ제일제당,000185,36-82,해찬들/집된장14k,14k,1,34000,34000,50000,50000,0.4706,0,0,,0,,,
기본 대분류,세제외-A동,CJ제일제당,000186,36-82.,해찬들/재래식된장6.5,6.5*2,2,17300,34600,24450,48900,0.4133,0,0,0,0,,,
기본 대분류,세제외-A동,CJ제일제당,000187,52-59,해찬들/재래식된장3kg,3kg*4,4,9300,37200,10000,40000,0.0753,0,0,0,0,,,
기본 대분류,세제외-A동,CJ제일제당,000188,61-54,해찬들/재래식된장2k+300g(증량),2k+300*4,4,5000,20000,5750,23000,0.15,0,0,0,0,,,
기본 대분류,세제외-A동,CJ제일제당,000189,36-11,해찬들/재래식된장1kg(48),1kg*12,12,2700,32400,3500,42000,0.2963,0,0,0,0,,,
기본 대분류,세제외-A동,CJ제일제당,000190,52-80,해찬들/재래식된장14kg,14kg,1,32000,32000,56700,56700,0.7719,0,0,0,0,,,
기본 대분류,세제외-A동,CJ제일제당,000191,08-19,해찬들/우리쌀고추장골드1kg*12통,1k*12 통,12,6167,74004,7500,90000,0.2162,0,0,0,0,,,
기본 대분류,세제외-A동,CJ제일제당,000192,08-19.,해찬들/우리쌀고추장골드1k(매운맛)통,1kg*12통,12,6083,72996,7083,84996,0.1644,0,0,,0,,,
기본 대분류,세제외-A동,CJ제일제당,000193,08-21..,해찬들/알찬고추장6.5,6.5kg*2,2,13500,27000,20000,40000,0.4815,4,2,0,0,,,
기본 대분류,세제외-A동,CJ제일제당,000194,08-21.,해찬들 알찬 고추장4.5kg,4.5kg*2,2,7000,14000,9000,18000,0.2857,0,0,,0,,,
기본 대분류,세제외-A동,CJ제일제당,000195,08-09.,해찬들/알찬고추장14k,14k,1,28500,28500,32000,32000,0.1228,0,0,,0,,,
기본 대분류,세제외-A동,CJ제일제당,000196,08-16,해찬들/사계절쌈장500g통 (48),500g*20,20,1450,29000,2000,40000,0.3793,0,0,0,0,,,
기본 대분류,세제외-A동,CJ제일제당,000197,08-15,해찬들/쌈장1k/P,1k*12,12,2860,34320,4166,49992,0.4566,0,0,,0,,,
기본 대분류,세제외-A동,CJ제일제당,000198,08-14,해찬들/쌈장170g,170g*24,24,800,19200,1042,25008,0.3025,0,0,,0,,,
기본 대분류,세제외-A동,CJ제일제당,000199,62-53,해찬들/시골된장3kg,3kg*4,4,10000,40000,11250,45000,0.125,0,0,,0,,,
기본 대분류,세제외-A동,CJ제일제당,000200,08-23,해찬들/새콤초고추장170g,170g*24(P),24,800,19200,1000,24000,0.25,0,0,0,0,,,
기본 대분류,세제외-A동,CJ제일제당,000201,08-09-01,해찬들 새콤달콤 초고추장500g (50),500g*20,20,1750,35000,2400,48000,0.3714,0,0,0,0,,,
기본 대분류,세제외-A동,CJ제일제당,000202,08-09-02,해찬들 새콤달콤 초고추장1050g (48),1050g*12,12,2675,32100,3200,38400,0.1963,0,0,0,0,,,
기본 대분류,세제외-A동,CJ제일제당,000203,52-58,해찬들/사계절쌈장3kg,3kg*4,4,9000,36000,12500,50000,0.3889,0,0,,0,,,
기본 대분류,세제외-A동,CJ제일제당,000204,52-70,해찬들/사계절쌈장14kg,14kg,1,26000,26000,30000,30000,0.1538,0,0,,0,,,
기본 대분류,세제외-A동,CJ제일제당,000205,52-822,해찬들/맛있게매운고추장1kg(싼것),1kg*12,12,5800,69600,6667,80004,0.1495,0,0,,0,,,
기본 대분류,세제외-A동,CJ제일제당,000206,36-70,해찬들/된장500g(통),500g*20,20,1400,28000,1600,32000,0.1429,0,0,,0,,,
기본 대분류,세제외-A동,CJ제일제당,000207,52-74,해찬들/구수한집된장1kg,1kg*12,12,2000,24000,2500,30000,0.25,0,0,,0,,,
기본 대분류,세제외-A동,CJ제일제당,000208,62-54,해찬들/구수한된장14kg,14kg,1,31500,31500,45000,45000,0.4286,0,0,,0,,,
기본 대분류,세제외-A동,CJ제일제당,000210,08-21,해찬들/고추장6.5kg,6.5kg*2,2,8000,16000,12000,24000,0.5,0,0,,0,,,
기본 대분류,세제외-A동,CJ제일제당,000213,08-17-01,해찬들 태양초 고추장 1.8kg+450 (48),1.8kg*450*4,4,6900,27600,8000,32000,0.1594,0,0,0,0,,,
기본 대분류,세제외-A동,팔도,000215,22-45,해물왕컵,,16,750,12000,875,14000,0.1667,0,0,0,0,,,
기본 대분류,세제외-A동,애경,000216,02-23,항균트리오(과일세척)3kg (48),3kg*4,4,4300,17200,5650,22600,0.314,304,76,0,0,,,
기본 대분류,세제외-A동,애경,000217,02-22,항균트리오(과일세척)2kg(52),2kg*6,6,2766.6667,16600.000200000002,3816.6667,22900.000200000002,0.3795,216,36,0,0,,,
기본 대분류,세제외-A동,애경,000218,02-21,항균트리오(과일세척)1kg(40),1kg*12,12,1666.6667,20000.0004,2500,30000,0.5,288,24,0,0,,,
기본 대분류,음료-B동,롯데칠성음료,000220,27-01-02,롯데칠성 핫식스캔 250 (96),(250ml*30),30,543.335,16300.050000000001,716.6667,21500.001,0.319,2670,89,0,0,,,
기본 대분류,음료-B동,롯데칠성음료,000221,27-53,핫식스라이트,250ml*30,30,294.333333333333,8829.999999999989,400,12000,0.359,0,0,0,0,,,
기본 대분류,음료-B동,롯데칠성음료,000222,27-014,롯데칠성 핫식스355ml(99),355ml*24,24,772.1212,18530.9088,837.5,20100,0.0847,576,24,0,0,,,
기본 대분류,음료-B동,롯데칠성음료,000223,27-08,핫식스 자몽캔 250,250ml*30,30,483.3333,14499.999,560,16800,0.1586,0,0,0,0,,,
기본 대분류,통조림-C동,한성,000243,57-02,한성런천미트200(130),200g*24,24,900,21600,1300,31200,0.4444,-321,-13,-9,0,,,
기본 대분류,통조림-C동,한성,000244,57-04,한성런천미트 340 (91),340g*24,24,1510,36240,2000,48000,0.3245,2592,108,0,0,,,
기본 대분류,음료-B동,CJ제일제당,000245,55-07-02,한뿌리(홍삼)120ml,10*4(set),4,19000,76000,22500,90000,0.1842,0,0,0,0,,,
기본 대분류,음료-B동,CJ제일제당,000246,55-06-02,한뿌리 (인삼)120ml,10*4(set),4,16000,64000,22500,90000,0.4062,0,0,0,0,,,
기본 대분류,음료-B동,일화,000247,29-21,한라봉제주감귤175/일화(132),175ml*30,30,243.333333333333,7299.99999999999,300,9000,0.2329,0,0,0,0,,,
기본 대분류,음료-B동,일화,000248,29-30.,한라봉에이드 350 (100),350ml*24,24,416.6667,10000.0008,541.6667,13000.0008,0.3,-1464,-61,0,0,,,
기본 대분류,음료-B동,롯데칠성음료,000249,27-105,한라봉과유자레몬175/롯데칠성,175ml*30,30,340,10200,383,11490,0.1265,0,0,,0,,,
기본 대분류,음료-B동,동화약품,000251,52-21,하인즈칠리소스(캔),3k*6,6,7000,42000,8333,49998,0.1904,0,0,,0,,,
기본 대분류,세제외-A동,세안,000254,36-02,하이썬부탄 (80),4*7,7,2973.1429,20812.0003,4285.7143,30000.000099999997,0.4415,518,74,0,0,,,
기본 대분류,음료-B동,기타음료,000255,34-03.,하이드로토닉(104),300ml*24,24,520.8333,12499.9992,625,15000,0.2,0,0,0,0,,,
기본 대분류,세제외-A동,기타,000272,17-03-03,하리보 프루티부시 100g(24입),100g*24,24,720,17280,1041,24984,0.4458,0,0,0,0,,,
기본 대분류,세제외-A동,기타,000273,17-03-02,하리보 스타믹스 100g(26입),100g*26,26,720,18720,923,23998,0.2819,0,0,0,0,,,
기본 대분류,세제외-A동,기타,000274,17-03,하리보 골드베렌 100g사용중지,100g*30,30,720,21600,800,24000,0.1111,0,0,0,0,,,
기본 대분류,세제외-A동,기타,000275,17-03-01,하리보 골드베렌 100g(26입),100g*26,26,720,18720,923,23998,0.2819,0,0,0,0,,,
기본 대분류,음료-B동,매일유업,000284,20-13,피크닉사과 (171),200ml*24,24,330,7920,375,9000,0.1364,-2088,-87,0,0,,,
기본 대분류,음료-B동,매일유업,000285,20-13-01,피크닉청포도 (171),200ml*24,24,330,7920,375,9000,0.1364,2304,96,0,0,,,
기본 대분류,세제외-A동,피죤,000286,40-09-02,피죤핑크로즈 2100 (40),(2100*2)*4,4,5010,20040,6200,24800,0.2375,0,0,0,0,,,
기본 대분류,세제외-A동,피죤,000287,40-09-01,피죤옐로우미모사 2100 (40),(2100*2)*4,4,5010,20040,6200,24800,0.2375,92,23,0,0,,,
기본 대분류,세제외-A동,피죤,000288,40-09,피죤블루비앙카 2100(40),(2100*2)*4,4,5010,20040,6200,24800,0.2375,96,24,0,0,,,
기본 대분류,세제외-A동,피죤,000289,40-10,피죤2900ml*4(핑크로즈)(48),2900ml*4,4,2850.092,11400.368,4000,16000,0.4035,236,59,0,0,,,
기본 대분류,세제외-A동,피죤,000290,40-10-02,피죤2900ml*4(옐로미모사)(48),2900ml*4,4,2645.8177,10583.2708,4000,16000,0.5118,144,36,0,0,,,
기본 대분류,세제외-A동,피죤,000291,40-10-01,피죤2900ml*4(블루비앙카)(48),2900ml*4,4,2645.8177,10583.2708,4000,16000,0.5118,204,51,0,0,,,
기본 대분류,세제외-A동,피죤,000292,40-10-04,피죤2500ml+600ml*4(비앙카),2500ml+600ml*4,4,2375,9500,2750,11000,0.1579,0,0,0,0,,,
기본 대분류,세제외-A동,피죤,000293,40-10-05,피죤2500ml+600ml*4(미모사),2500ml+600ml*4,4,2375,9500,2750,11000,0.1579,0,0,0,0,,,
기본 대분류,세제외-A동,피죤,000294,40-10-08,피죤2500*500용기(핑크)(48),2500*500*4개,4,2750,11000,3750,15000,0.3636,0,0,0,0,,,
기본 대분류,세제외-A동,피죤,000295,40-10-06,피죤2500*500용기(비앙카)(48),(2500*500)*4개,4,2750,11000,4000,16000,0.4545,8,2,0,0,,,
기본 대분류,세제외-A동,피죤,000296,40-10-07,피죤2500*500용기(미모사)(48),2500*500*4개,4,2750,11000,3750,15000,0.3636,0,0,0,0,,,
기본 대분류,세제외-A동,피죤,000297,40-11,피죤2.8용기(핑크로즈),2.8*4,4,2250,9000,3000,12000,0.3333,0,0,0,0,,,
기본 대분류,세제외-A동,피죤,000298,40-11-03,피죤2.8용기(옐로미모사),2.8*4,4,2250,9000,3000,12000,0.3333,0,0,0,0,,,
기본 대분류,세제외-A동,피죤,000299,40-11-02,피죤2.8용기(블루비앙카),2.8*4,4,2250,9000,3000,12000,0.3333,0,0,0,0,,,
기본 대분류,세제외-A동,피죤,000300,40-10-10,피죤2.0 말통,20L,1,15000,15000,20000,20000,0.3333,0,0,0,0,,,
기본 대분류,세제외-A동,피죤,000301,40-01,피죤1600(핑크),1.600*2*4,8,1562.5,12500,1937,15496,0.2397,0,0,,0,,,
기본 대분류,세제외-A동,피죤,000302,40-01.,피죤1600(비앙카)블루,1600*2*4,8,1562.5,12500,1937,15496,0.2397,0,0,,0,,,
기본 대분류,세제외-A동,피죤,000303,40-01..,피죤1600(미모사),1600*2*4,8,1562.5,12500,1937,15496,0.2397,0,0,,0,,,
기본 대분류,세제외-A동,피죤,000304,40-10-03,피죤 2500*600ml*4 (핑크),2500ml*600ml,4,2375,9500,2750,11000,0.1579,0,0,0,0,,,
기본 대분류,세제외-A동,농심,000314,01-42,프링글스핫&스파이시(112),110g*12,12,1550,18600,2000,24000,0.2903,4840,403,4,0,,,
기본 대분류,세제외-A동,농심,000315,01-44,프링글스치즈버거,110g*12,12,1150,13800,1500,18000,0.3043,0,0,,0,,,
기본 대분류,세제외-A동,농심,000316,01-43,프링글스치즈(112),110g*12,12,1550,18600,1800,21600,0.1613,1404,117,0,0,,,
기본 대분류,세제외-A동,농심,000317,01-40,프링글스오리지날 (112),110g*12,12,1550,18600,2000,24000,0.2903,1596,133,0,0,,,
기본 대분류,세제외-A동,농심,000318,01-41,프링글스양파 (112),110g*12,12,1550,18600,2000,24000,0.2903,1884,157,0,0,,,
기본 대분류,세제외-A동,농심,000319,01-48,프링글스버터카라멜(112),110g*12,12,1314,15768,1500,18000,0.1416,0,0,0,0,,,
기본 대분류,세제외-A동,농심,000320,01-45,프링글스바비큐,110g*12,12,1250,15000,1500,18000,0.2,0,0,0,0,,,
기본 대분류,세제외-A동,농심,000321,01-47,프링글스마요치즈(112),110g*12,12,1314,15768,1500,18000,0.1416,0,0,0,0,,,
기본 대분류,세제외-A동,농심,000322,01-49,프링글스 클래식(112),110g*12,12,1020,12240,1333,15996,0.3069,0,0,0,0,,,
기본 대분류,세제외-A동,농심,000323,01-51,프링글스 크리미쉬림프(새우맛),110*12,12,1200,14400,1583,18996,0.3192,0,0,0,0,,,
기본 대분류,세제외-A동,농심,000324,01-51-01,프링글스 블랙페퍼크림 (킹크랩),110g*12,12,1200,14400,1500,18000,0.25,0,0,0,0,,,
기본 대분류,음료-B동,동아제약,000326,28-61-07,프리미엄아우성(콘돔)10입*18,(10p*10)*18,180,450,81000,888,159840,0.9733,0,0,0,0,,,
기본 대분류,음료-B동,동아제약,000327,28-61-08,프리미엄아우성(콘돔)10입,(10p*10),10,450,4500,900,9000,1,0,0,0,0,,,
기본 대분류,음료-B동,풀무원,000331,480,풀무원샘물500 (112),500ml*20,20,115,2300,175,3500,0.5217,25420,1271,0,0,,,
기본 대분류,음료-B동,동아오츠카,000336,28-01,포카리캔 240 (99/90),240ml*30,30,586.5,17595,750,22500,0.2788,7080,236,0,0,,,
기본 대분류,음료-B동,동아오츠카,000337,28-04,포카리[뚱캔]340 (88),340ml*24,24,602.8333,14467.9992,770.8333,18499.9992,0.2787,2592,108,0,0,,,
기본 대분류,음료-B동,동아오츠카,000338,28-040,포카리 Pet 340(72),340ml*20,20,465,9300,525,10500,0.129,0,0,0,0,,,
기본 대분류,음료-B동,동아오츠카,000339,28-03,포카리 500 (63),500ml*20,20,1016.6,20332,1300,26000,0.2788,5960,298,0,0,,,
기본 대분류,음료-B동,동아오츠카,000340,28-02,포카리 1.5 (40),1.5L*12,12,1876.8333,22521.9996,2166.6667,26000.000400000004,0.1544,1272,106,0,0,,,
기본 대분류,음료-B동,해태음료,000343,32-01.,포도봉봉24입,238ml*24,24,488.5114,11724.2736,604.1667,14500.0008,0.2368,-1752,-73,0,0,,,
기본 대분류,통조림-C동,펭귄,000345,14-03.,펭귄황도(신형)2절(96),400g*24,24,1353,32472,1600,38400,0.1826,1551,64,15,0,,,
기본 대분류,통조림-C동,펭귄,000346,14-10,펭귄황도슬라이스(96),400g*24,24,1120,26880,1600,38400,0.4286,5322,221,18,0,,,
기본 대분류,통조림-C동,펭귄,000347,14-03,펭귄황도(小) 구형,400g*24,24,1170,28080,1300,31200,0.1111,0,0,0,0,,,
기본 대분류,통조림-C동,펭귄,000349,14-15,펭귄번데기,130g*48,48,650,31200,958.343,46000.464,0.4744,0,0,0,0,,,
기본 대분류,통조림-C동,펭귄,000351,14-04,펭귄백도(2절),400g*24,24,1353,32472,1600,38400,0.1826,-279,-11,-15,0,,,
기본 대분류,통조림-C동,펭귄,000355,14-25,펭귄꽁치1.88(덕용),1.88k*6,6,14500,87000,16500,99000,0.1379,240,40,0,0,,,
기본 대분류,통조림-C동,펭귄,000356,14-01,펭귄꽁치(한마리) 400 (96),400g*24,24,2780,66720,4000,96000,0.4388,9744,406,0,0,,,
기본 대분류,통조림-C동,펭귄,000358,14-05,펭귄골뱅이(大),400g*24,24,3650,87600,4200,100800,0.1507,0,0,0,0,,,
기본 대분류,통조림-C동,펭귄,000359,14-02-02,"펭귄고등어(신형) /100,96,88",400g*24,24,2310,55440,3000,72000,0.2987,449,18,17,0,,,
기본 대분류,통조림-C동,펭귄,000360,14-02,펭귄고등어 (구형)/100,400g*24,24,1250,30000,1600,38400,0.28,0,0,0,0,,,
기본 대분류,통조림-C동,강구나루,000361,14-12-01,펭귄HC청어 400g(강구나루)/100,400g*24,24,1300,31200,1875,45000,0.4423,0,0,0,0,,,
기본 대분류,통조림-C동,강구나루,000362,14-12,펭귄HC꽁치400g(강구나루)(100),400g*24,24,2350,56400,2916,69984,0.2409,13614,567,6,0,,,
기본 대분류,통조림-C동,강구나루,000363,14-13,펭귄HC고등어400g(강구나루)/100,400g*24,24,1500,36000,2000,48000,0.3333,-36,-1,-12,0,,,
기본 대분류,통조림-C동,펭귄,000365,14-01-01,펭귄 김치꽁치380,380g*24,24,1600,38400,1800,43200,0.125,0,0,0,0,,,
기본 대분류,통조림-C동,펭귄,000366,14-39,펭귄 과일선물 1-A호(백도4+황도4),(백도4+황도4)*6세트,6,9040,54240,11667,70002,0.2906,0,0,0,0,,,
기본 대분류,음료-B동,롯데칠성음료,000367,27-15-01,펩시콜라캔기획250(4+2),250*(4+2)*(120),6,1750,10500,2000,12000,0.1429,0,0,,0,,,
기본 대분류,음료-B동,롯데칠성음료,000368,27-15-02,펩시콜라캔190 (143),190ml*30,30,374.0219,11220.657000000001,510,15300,0.3636,11640,388,0,0,,,
기본 대분류,음료-B동,롯데칠성음료,000369,27-360,펩시콜라스터비 245ml(업소용)(135),245ml*24,24,379.625,9111,500,12000,0.3171,0,0,0,0,,,
기본 대분류,음료-B동,롯데칠성음료,000370,27-96,펩시콜라 600,600*20,20,1073.7,21474,1815,36300,0.6904,0,0,0,0,,,
기본 대분류,음료-B동,롯데칠성음료,000371,27-11,펩시콜라 500 (업소용) (84),500ml*20,20,595.65,11913,700,14000,0.1752,6060,303,0,0,,,
기본 대분류,음료-B동,롯데칠성음료,000372,27-36,펩시콜라 355 (업소용) (99),355ml*24,24,540.6667,12976.0008,704.1667,16900.0008,0.3024,6888,287,0,0,,,
기본 대분류,음료-B동,롯데칠성음료,000373,27-15,펩시콜라 250 (110/121),250ml*30,30,572.7,17181,761.6667,22850.001,0.33,570,19,0,0,,,
기본 대분류,음료-B동,롯데칠성음료,000374,27-26,펩시콜라제로 1.5 (55),1.5L*12,12,1789.775,21477.300000000003,2083.3333,24999.999599999996,0.164,108,9,0,0,,,
기본 대분류,음료-B동,롯데칠성음료,000375,27-26-01,펩시콜라 1.25 (업소용) (60),1.25*12,12,992.7278,11912.7336,1166.6667,14000.0004,0.1752,6348,529,0,0,,,
기본 대분류,세제외-A동,피엔지,000377,04-05,페브리지(허브)370g,370g*15,15,2900,43500,3466,51990,0.1952,0,0,,0,,,
기본 대분류,세제외-A동,피엔지,000378,04-09,페브리지(은은한향)370g,370g*15,15,2700,40500,3466,51990,0.2837,0,0,,0,,,
기본 대분류,세제외-A동,피엔지,000379,04-04,페브리지(은은)370+320*12,370+320*12,12,5000,60000,5833,69996,0.1666,0,0,,0,,,
기본 대분류,세제외-A동,피엔지,000380,04-06,페브리지(상쾌)370g,370g*15,15,2700,40500,3466,51990,0.2837,0,0,,0,,,
기본 대분류,세제외-A동,피엔지,000381,04-04.,페브리지(상쾌)370+320*12,370+320*12,12,5000,60000,6000,72000,0.2,0,0,,0,,,
기본 대분류,세제외-A동,피엔지,000382,04-07,페브리지(무향)370g,370g*12,12,4700,56400,5833,69996,0.2411,0,0,,0,,,
기본 대분류,세제외-A동,피엔지,000383,04-08,페브리지(다우니)370*g,370g*15,15,2900,43500,3466,51990,0.1952,0,0,,0,,,
기본 대분류,세제외-A동,피엔지,000384,04-11,페브리즈(은은향)리필,320*24,24,2400,57600,2916,69984,0.215,0,0,,0,,,
기본 대분류,세제외-A동,피엔지,000385,04-10,페브리즈(상쾌한향)리필,320*24,24,2400,57600,2916,69984,0.215,0,0,,0,,,
기본 대분류,음료-B동,커피앤칵테일,000396,65-03-02,페리에자몽 330ml (81),330ml*24,24,733,17592,875,21000,0.1937,0,0,0,0,,,
기본 대분류,음료-B동,커피앤칵테일,000397,65-03,페리에 플레인 330ml (81),(330ml*24),24,1089,26136,1250,30000,0.1478,9792,408,0,0,,,
기본 대분류,음료-B동,커피앤칵테일,000398,65-03-06,페리에[복숭아] 330ml(81),330ml*24,24,833.353,20000.471999999998,1108.353,26600.472,0.33,0,0,0,0,,,
기본 대분류,음료-B동,커피앤칵테일,000399,65-02,페리에[레몬] 330ml (81),330ml*24,24,541.6667,13000.0008,1108.373,26600.952,1.0462,0,0,0,0,,,
기본 대분류,음료-B동,커피앤칵테일,000400,65-01,페리에 라임캔250ml (132),(250ml*30),30,968,29040,1200,36000,0.2397,0,0,0,0,,,
기본 대분류,세제외-A동,헨켈(퍼실),000413,09-06,퍼실(일반)2.7+1.8,2.7+1.8*4,4,12500,50000,15000,60000,0.2,0,0,,0,,,
기본 대분류,세제외-A동,헨켈(퍼실),000414,09-05,퍼실(일반)2.7,2.7*4,4,8250,33000,10000,40000,0.2121,0,0,,0,,,
기본 대분류,세제외-A동,헨켈(퍼실),000415,09-07,퍼실(드럼)2.7+1.8*4,2.7+1.8*4,4,12500,50000,15000,60000,0.2,0,0,,0,,,
기본 대분류,세제외-A동,헨켈(퍼실),000416,09-05.,퍼실(드럼)2.7,2.7*4,4,9500,38000,12500,50000,0.3158,0,0,,0,,,
기본 대분류,음료-B동,기타음료,000417,17-12-01,팬파인애플쥬스 1L,1L*12,12,1508.3333,18099.9996,1833,21996,0.2152,0,0,0,0,,,
기본 대분류,음료-B동,해태음료,000420,32-04.,팬돌이블루/해태,300*20,20,591,11820,750,15000,0.269,0,0,,0,,,
기본 대분류,세제외-A동,기타,000421,80-81-02,패션입체마스크(소분),20입,20,400,8000,600,12000,0.5,0,0,0,0,,,
기본 대분류,세제외-A동,기타,000422,80-81,패션입체마스크,20입*50,50,8000,400000,12000,600000,0.5,0,0,0,0,,,
기본 대분류,세제외-A동,유한양행,000424,03-02.,팡뚜러/2L*6,2L*6,6,1083.33333333333,6499.99999999998,1250,7500,0.1538,0,0,,0,,,
기본 대분류,세제외-A동,유한양행,000425,03-02,팡뚜러/1L*12(휴먼텍),1k*12,12,541.666666666667,6500.000000000004,666,7992,0.2295,0,0,,0,,,
기본 대분류,세제외-A동,팔도,000428,22-51-07,팔도틈새볶음면 컵,130*16,16,877,14032,1063,17008,0.2121,0,0,0,0,,,
기본 대분류,세제외-A동,팔도,000429,22-51-01,팔도틈새볶음면,130*32,32,658.625,21076,781,24992,0.1858,0,0,0,0,,,
기본 대분류,세제외-A동,팔도,000430,22-51-00,팔도틈새라면 매운김치(4*8),120g*32,32,659,21088,781,24992,0.1851,0,0,0,0,,,
기본 대분류,세제외-A동,팔도,000431,22-51,팔도틈새라면,120g*40,40,850.65,34026,950,38000,0.1168,120,3,0,0,,,
기본 대분류,세제외-A동,팔도,000432,22-51-02,팔도틈새떡볶이,166*16,16,1606,25696,1875,30000,0.1675,0,0,0,0,,,
기본 대분류,세제외-A동,팔도,000433,54-21-02,팔도쫄비빔면(40입),(5*8),8,3100,24800,3400,27200,0.0968,0,0,0,0,,,
기본 대분류,세제외-A동,팔도,000434,22-23-05,팔도짬뽕왕뚜껑,110g*18,18,993.5556,17884.0008,1000,18000,0.0065,594,33,0,0,,,
기본 대분류,세제외-A동,팔도,000435,22-51-03,팔도짜장면(32입),4*8,8,4750,38000,5250,42000,0.1053,0,0,0,0,,,
기본 대분류,세제외-A동,팔도,000437,22-51-05,팔도일품해물라면,120g*40,40,614.8,24592,700,28000,0.1386,0,0,0,0,,,
기본 대분류,세제외-A동,팔도,000438,22-51-04,팔도일품삼선짜장,120g*32,32,610.5,19536,687,21984,0.1253,0,0,0,0,,,
기본 대분류,세제외-A동,팔도,000439,22-23-02,팔도우동왕뚜껑,(110*18),18,725.8889,13066.0002,1000,18000,0.3776,0,0,,0,,,
기본 대분류,세제외-A동,팔도,000440,22-51-06,팔도왕짬뽕(불)(32입),(4*8),8,3738,29904,5000,40000,0.3376,0,0,,0,,,
기본 대분류,세제외-A동,팔도,000441,22-23-06,팔도왕뚜껑기획(왕뚜3+김치왕뚜3),(왕뚜6*3),3,4506.6667,13520.0001,5500,16500,0.2204,0,0,0,0,,,
기본 대분류,세제외-A동,팔도,000442,22-22-01,팔도왕뚜껑UP,130*18,18,725.8889,13066.0002,1000,18000,0.3776,0,0,0,0,,,
기본 대분류,세제외-A동,팔도,000443,22-22,팔도왕뚜껑,110g*18,18,993.5556,17884.0008,1138.8889,20500.0002,0.1463,-198,-11,0,0,,,
기본 대분류,세제외-A동,팔도,000445,54-21,팔도비빔면멀티(40입)/(56/64),5*8,8,3062.5,24500,4375,35000,0.4286,1616,202,0,0,,,
기본 대분류,세제외-A동,팔도,000446,54-21-04,팔도비빔면기획 (5+1),(6*8),48,2776.125,133254,3250,156000,0.1707,0,0,0,0,,,
기본 대분류,세제외-A동,팔도,000447,54-21-03,팔도비빔면 컵,115*16,16,1002.8125,16045,1125,18000,0.1218,240,15,0,0,,,
기본 대분류,반품,반품,000448,60-09,팔도비락반품,,0,0,0,0,0,0,13,0,13,0,,,
기본 대분류,세제외-A동,팔도,000449,22-40,팔도라볶이(32입),(4*8),8,2374.375,18995,3000,24000,0.2635,0,0,0,0,,,
기본 대분류,세제외-A동,팔도,000450,81-04,팔도도시락컵,86g*24,24,744.375,17865,916.6667,22000.0008,0.2315,0,0,0,0,,,
기본 대분류,세제외-A동,팔도,000451,22-23-07,팔도더왕뚜껑 멀티 (4입),(4*8),8,2058,16464,2500,20000,0.2148,0,0,0,0,,,
기본 대분류,세제외-A동,팔도,000452,22-42,팔도남자라면멀티(40),5*8,8,2575.75,20606,3125,25000,0.2132,0,0,0,0,,,
기본 대분류,세제외-A동,팔도,000453,22-36,팔도꼬꼬면멀티(40입),(5*8),8,3137.625,25101,3500,28000,0.1155,0,0,,0,,,
기본 대분류,세제외-A동,팔도,000454,22-23-01,팔도김치왕뚜껑,110g*18,18,993.5556,17884.0008,1138.8889,20500.0002,0.1463,216,12,0,0,,,
기본 대분류,세제외-A동,팔도,000455,81-05,팔도김치도시락컵,(86*24),24,510.5417,12253.0008,625,15000,0.2242,0,0,0,0,,,
기본 대분류,음료-B동,광동제약,000458,54-100,파워오투[오렌지레몬] (48),500ml*24,24,895.8333,21499.9992,1291.6667,31000.0008,0.4419,0,0,0,0,,,
기본 대분류,음료-B동,농심,000459,54-102,파워오투(애플키위) (48),500ml*24,24,895.8333,21499.9992,1291.6667,31000.0008,0.4419,0,0,0,0,,,
기본 대분류,음료-B동,농심,000460,54-101,파워오투(아이스베리)(48),500ml*24,24,1000,24000,1291.6667,31000.0008,0.2917,0,0,0,0,,,
기본 대분류,음료-B동,코카콜라,000461,31-13-05,파워에이드 퍼플스톰(메탈)600,600ml*20,20,925,18500,1100,22000,0.1892,0,0,0,0,,,
기본 대분류,음료-B동,코카콜라,000462,31-13-03,파워에이드600(54),600ml*20,20,1009.9,20198,1465,29300,0.4506,120,6,0,0,,,
기본 대분류,음료-B동,코카콜라,000463,31-13,파워에이드240(99/132),240ml*30,30,377.8667,11336.001,565.3333,16959.999,0.4961,-1170,-39,0,0,,,
기본 대분류,음료-B동,코카콜라,000464,31-13-01,파워에이드[뚱340] (88/100),340ml*24,24,548.6667,13168.0008,650,15600,0.1847,3000,125,0,0,,,
기본 대분류,음료-B동,코카콜라,000465,31-13-02,파워에이드 355 (PET),355ml*20,20,741.8554,14837.108,935,18700,0.2604,0,0,0,0,,,
기본 대분류,음료-B동,코카콜라,000466,31-16,파워에이드 1.5 (32),1.5L*12,12,1761.75,21141,2408.3333,28899.999599999996,0.367,1584,132,0,0,,,
기본 대분류,음료-B동,광동제약,000469,20-07-01,팁코오렌지500ml,500ml*12,12,1850,22200,2500,30000,0.3514,0,0,0,0,,,
기본 대분류,음료-B동,광동제약,000470,20-07-02,팁코브로콜리500lml,500ml*12,12,1850,22200,2191,26292,0.1843,0,0,0,0,,,
기본 대분류,음료-B동,동서식품,000471,24-072,티오피콜드브루아메리카노 275,275ml*20,20,840,16800,1000,20000,0.1905,0,0,0,0,,,
기본 대분류,음료-B동,동서식품,000472,24-073,티오피콜드브루스위트아메리카노 275,275ml*20,20,840,16800,1000,20000,0.1905,0,0,0,0,,,
기본 대분류,음료-B동,동서식품,000473,24-07-08,티오피초콜릿모카 275 (120),275ml*20,20,718,14360,800,16000,0.1142,0,0,0,0,,,
기본 대분류,음료-B동,동서식품,000474,24-36-01,티오피심플리스무스스위트240ml(펫),(240ml*20),20,922.5,18450,1100,22000,0.1924,0,0,0,0,,,
기본 대분류,음료-B동,동서식품,000475,24-36-02,티오피심플리스무스블랙240ml(펫),(240ml*20),20,922.5,18450,1100,22000,0.1924,0,0,0,0,,,
기본 대분류,음료-B동,동서식품,000476,24-36-08,동서티오피심플리스무스로스티블랙360ml(펫),(360ml*20),20,843.2,16864,1000,20000,0.186,0,0,0,0,,,
기본 대분류,음료-B동,동서식품,000477,24-36-07,동서티오피심플리스무스로스티라떼360ml(펫),(360ml*20),20,843.2,16864,1000,20000,0.186,0,0,0,0,,,
기본 대분류,음료-B동,동서식품,000478,24-36-06,티오피심플리스무스로스트티 블랙380캔,500*20,20,835,16700,1000,20000,0.1976,0,0,0,0,,,
기본 대분류,음료-B동,동서식품,000479,24-36-04,티오피심플리스무스로스트티 라떼380캔,380*20,20,835,16700,1000,20000,0.1976,0,0,,0,,,
기본 대분류,음료-B동,동서식품,000480,24-36,티오피심플리스무스라떼240ml(펫),(240ml*20),20,922.5,18450,1100,22000,0.1924,0,0,0,0,,,
기본 대분류,음료-B동,동서식품,000481,24-705,티오피시그니쳐블랙 275,275ml*20,20,700,14000,850,17000,0.2143,0,0,0,0,,,
기본 대분류,음료-B동,동서식품,000482,24-07-01,티오피스위트아메 275 (초록)(120),275ml*20,20,700,14000,900,18000,0.2857,0,0,0,0,,,
기본 대분류,음료-B동,동서식품,000483,24-06-09,티오피 더블랙200(6팩) (108),200ml*36,36,598.1389,21533.0004,705.5556,25400.0016,0.1796,7524,209,0,0,,,
기본 대분류,음료-B동,동서식품,000484,24-07,티오피마스터라떼 275 (노랑)(120),275ml*20,20,746.7,14934,900,18000,0.2053,0,0,0,0,,,
기본 대분류,음료-B동,동서식품,000485,24-07-03,티오피더블랙 275 (120),275ml*20,20,746.7,14934,900,18000,0.2053,60,3,0,0,,,
기본 대분류,음료-B동,동서식품,000486,24-08-01,동서티오피200스위트(144),200ml*30,30,456.1667,13685.001,600,18000,0.3153,0,0,0,0,,,
기본 대분류,음료-B동,동서식품,000487,24-08,동서티오피200마스터라떼(144),200ml*30,30,456.1667,13685.001,600,18000,0.3153,0,0,0,0,,,
기본 대분류,음료-B동,동서식품,000488,24-08-02,동서티오피200더블랙(144),200ml*30,30,456.1667,13685.001,600,18000,0.3153,90,3,0,0,,,
기본 대분류,음료-B동,동서식품,000489,24-06-08,티오피 스위트아메리카노200(6팩) (108),200ml*36,36,598.1389,21533.0004,705.5556,25400.0016,0.1796,9972,277,0,0,,,
기본 대분류,음료-B동,동서식품,000490,24-07-05,티오피 스모키블랙275(120),275ml*20,20,807.7,16154,1000,20000,0.2381,0,0,0,0,,,
기본 대분류,음료-B동,동서식품,000491,24-07-04,티오피 스모키라떼275(120),275ml*20,20,969.85,19397,1150,23000,0.1858,0,0,0,0,,,
기본 대분류,음료-B동,동서식품,000492,24-06-07,티오피 마스터라떼200(6팩) (108),200ml*36,36,598.1389,21533.0004,705.5556,25400.0016,0.1796,11520,320,0,0,,,
기본 대분류,세제외-A동,CJ제일제당,000493,45-12.,특선16호(제당),4셋트,1,20500,20500,28800,28800,0.4049,0,0,,0,,,
기본 대분류,음료-B동,롯데칠성음료,000495,27-94,트로피카나스파클링포도355/롯데칠성,355ml*24,24,460,11040,625,15000,0.3587,0,0,0,0,,,
기본 대분류,음료-B동,롯데칠성음료,000496,27-93-04,트로피카나스파클링파인355/롯데칠성,355ml*24,24,433.3333,10399.9992,625,15000,0.4423,0,0,0,0,,,
기본 대분류,음료-B동,롯데칠성음료,000497,27-94-01,트로피카나스파클링오렌지355/롯데칠성,355ml*24,24,433.3333,10399.9992,625,15000,0.4423,0,0,0,0,,,
기본 대분류,음료-B동,롯데칠성음료,000498,27-93-02,트로피카나스파클링사과355/롯데칠성,355ml*24,24,458,10992,625,15000,0.3646,0,0,0,0,,,
기본 대분류,음료-B동,롯데칠성음료,000499,27-93-03,트로피카나스파클링복숭아355/롯데칠성,355ml*24,24,433.3333,10399.9992,625,15000,0.4423,0,0,0,0,,,
기본 대분류,음료-B동,롯데칠성음료,000500,27-94-03,트로피카나스파클링망고355/롯데칠성,355ml*24,24,433.3333,10399.9992,625,15000,0.4423,0,0,0,0,,,
기본 대분류,음료-B동,롯데칠성음료,000501,27-17-02,트레비플레인 500 (77),500ml*20,20,736.35,14727,900,18000,0.2222,140,7,0,0,,,
기본 대분류,음료-B동,롯데칠성음료,000502,27-2-02,트레비플레인 355,355ml*24,24,466.6667,11200.0008,541,12984,0.1593,0,0,,0,,,
기본 대분류,음료-B동,롯데칠성음료,000503,27-17-03,트레비자몽 500 (77),500ml*20,20,725,14500,980,19600,0.3517,0,0,0,0,,,
기본 대분류,음료-B동,롯데칠성음료,000504,27-17-01,트레비레몬 500 (77),500ml*20,20,736.35,14727,900,18000,0.2222,100,5,0,0,,,
기본 대분류,음료-B동,롯데칠성음료,000505,27-2-01,트레비레몬 355,355ml*24,24,441.2173,10589.2152,541,12984,0.2262,0,0,0,0,,,
기본 대분류,음료-B동,롯데칠성음료,000506,27-17,트레비라임 500(77),500ml*20,20,736.35,14727,900,18000,0.2222,80,4,0,0,,,
기본 대분류,음료-B동,롯데칠성음료,000507,27-2,트레비라임 355,355ml*24,24,466.6667,11200.0008,541,12984,0.1593,0,0,,0,,,
기본 대분류,음료-B동,롯데칠성음료,000508,27-2-03,트레비라임 300ml,300ml*20,20,468,9360,550,11000,0.1752,0,0,0,0,,,
기본 대분류,음료-B동,롯데칠성음료,000509,21-17-03,트레비(플레인)190ml/143,190ml*30,30,286.3667,8591.001,343,10290,0.1978,3840,128,0,0,,,
기본 대분류,음료-B동,동화약품,000512,52-32,튜립햄340,340g*24,24,1700,40800,2000,48000,0.1765,0,0,,0,,,
기본 대분류,음료-B동,동화약품,000513,52-33,튜립햄(A),1810*12,12,17800,213600,18500,222000,0.0393,0,0,,0,,,
기본 대분류,세제외-A동,기타,000518,54-24-03,톡톡 왕꿈틀이캔디 포도맛16g,(16g*12)*6,72,183.3333,13199.9976,208,14976,0.1345,0,0,0,0,,,
기본 대분류,세제외-A동,기타,000519,54-24-02,톡톡 왕꿈틀이캔디 딸기맛16g,(16g*12)*6,72,183.3333,13199.9976,208,14976,0.1345,0,0,0,0,,,
기본 대분류,음료-B동,기타음료,000527,27-14,토마스헨리토닉워터,200ml*24,24,1687.5,40500,1958,46992,0.1603,0,0,,0,,,
기본 대분류,음료-B동,하이트진로,000529,25-50-04,진로토닉워터캔250 (121),250ml*30,30,486.6667,14600.001,600,18000,0.2329,3390,113,0,0,,,
기본 대분류,통조림-C동,기타,000534,10-19-01,테이프 투명(아크릴),48*78,78,440,34320,537,41886,0.2205,22260,285,30,0,,,
기본 대분류,반품,반품,000535,01-111-02,택배비b-반품,,0,0,0,0,0,0,0,0,0,0,,,
기본 대분류,반품,반품,000536,01-111-01,택배비a-반품,,0,1700,0,0,0,-1,-2,0,-2,0,,,
기본 대분류,기타,기타,000539,15-02,택배비 나들 제주,"\3,000",1,3000,3000,3000,3000,0,0,0,0,0,,,
기본 대분류,기타,기타,000540,15-01-03,택배비 CJ택배 클레임 합의서,,1,0,0,0,0,0,0,0,0,0,,,
기본 대분류,기타,기타,000542,01-111,택배비 2500,,1,2500,2500,2500,2500,0,-22,-22,0,0,,,
기본 대분류,세제외-A동,아모레,000543,06-30,태평양아모레퍼시픽 종합 3호/6세트-(BOX),6set,6,7200,43200,10000,60000,0.3889,0,0,0,0,,,
기본 대분류,음료-B동,일화,000545,29-52-01,탑씨포도캔 170(143),170ml*30,30,160,4800,183,5490,0.1437,0,0,0,0,,,
기본 대분류,음료-B동,일화,000546,29-53,탑씨파인애플캔 170(143),170ml*30,30,160,4800,183,5490,0.1437,0,0,0,0,,,
기본 대분류,음료-B동,일화,000547,29-54,탑씨콜라 170(143),170ml*30,30,166.666666666667,5000.00000000001,200,6000,0.2,0,0,0,0,,,
기본 대분류,음료-B동,일화,000548,29-52,탑씨오렌지 170(143),170ml*30,30,160,4800,183,5490,0.1437,0,0,0,0,,,
기본 대분류,음료-B동,일화,000549,29-07-01,탑씨 포도 1.5 (40),1.5L*12,12,850.9167,10211.0004,1000,12000,0.1752,1488,124,0,0,,,
기본 대분류,음료-B동,일화,000550,29-08,탑씨 파인애플 1.5 (40),1.5L*12,12,850.9167,10211.0004,1000,12000,0.1752,1308,109,0,0,,,
기본 대분류,음료-B동,일화,000551,29-08-01,탑씨 콜라 1.5 (40),1.5L*12,12,850.9167,10211.0004,1000,12000,0.1752,1872,156,0,0,,,
기본 대분류,음료-B동,일화,000552,29-07,탑씨 오렌지 1.5 (40),1.5L*12,12,850.9167,10211.0004,1000,12000,0.1752,2172,181,0,0,,,
기본 대분류,세제외-A동,타임,000554,36-83,타임종이컵(72),,1,6500,6500,7500,7500,0.1538,-1,-1,0,0,,,
기본 대분류,세제외-A동,기타,000555,36-111,타이거에탄올워셔액,1.8L*12,12,1016.6667,12200.0004,1166,13992,0.1469,0,0,0,0,,,
기본 대분류,음료-B동,코카콜라,000558,31-31,킨사이다캔240ml,240ml*30,30,450,13500,450,13500,0,0,0,0,0,,,
기본 대분류,음료-B동,코카콜라,000559,31-27,킨사이다 355,355ml*24,24,578.2917,13879.0008,737.5,17700,0.2753,0,0,0,0,,,
기본 대분류,음료-B동,코카콜라,000560,31-23.,킨사이다 1.5,1.5L*12,12,1641.6667,19700.0004,1733,20796,0.0556,-12,-1,0,0,,,
기본 대분류,음료-B동,코카콜라,000561,31-23,킨사이다 (업소) 1.5 (44/40),1.5L*12,12,893.0833,10716.9996,1133.3333,13599.9996,0.269,804,67,0,0,,,
기본 대분류,세제외-A동,지피지피,000577,03-01.,크린유니락스 2L(60),2L*6,6,916.6667,5500.0002,1050,6300,0.1455,0,0,0,0,,,
기본 대분류,세제외-A동,지피지피,000578,03-01,크린유니락스 1L,1L*12,12,500,6000,500,6000,0,0,0,0,0,,,
기본 대분류,세제외-A동,CJ제일제당,000583,15-47-06,큐원흑설탕1kg(삼양/ 64),1kg*20,16,2125,34000,2562.5,41000,0.2059,0,0,0,0,,,
기본 대분류,세제외-A동,큐원삼양,000584,15-60,큐원하얀설탕3K(삼양)(70),3k*8,8,4000,32000,5750,46000,0.4375,0,0,0,0,,,
기본 대분류,세제외-A동,큐원삼양,000585,15-61,큐원하얀설탕15k(삼양)(84),15kg,1,16700,16700,27000,27000,0.6168,0,0,0,0,,,
기본 대분류,세제외-A동,큐원삼양,000586,15-47,큐원하얀설탕 1kg (삼양),1kg*20,20,1650,33000,2150,43000,0.303,0,0,0,0,,,
기본 대분류,세제외-A동,큐원삼양,000587,15-60-02,큐원 갈색설탕3k(삼양) (50),3k*8,8,5259.25,42074,6250,50000,0.1884,0,0,0,0,,,
기본 대분류,세제외-A동,큐원삼양,000588,15-47-02,큐원갈색설탕1kg(삼양),1kg*20,20,2200,44000,2575,51500,0.1705,0,0,0,0,,,
기본 대분류,세제외-A동,큐원삼양,000589,15-61-03,큐원갈색설탕15kg(삼양)(84),15kg,1,23700,23700,31600,31600,0.3333,0,0,0,0,,,
기본 대분류,세제외-A동,큐원삼양,000590,15-62,큐원 흑설탕15kg (삼양/ 84),15kg,1,27000,27000,36000,36000,0.3333,0,0,0,0,,,
기본 대분류,세제외-A동,큐원삼양,000591,54-10-03,큐원 상쾌환3g,{(3g*3입)*6pack}*8case,144,500,72000,1500,216000,2,0,0,0,0,,,
기본 대분류,음료-B동,팔도,000595,22-60,쿠퍼스헛개차 500,500ml*20,20,520,10400,583,11660,0.1212,0,0,0,0,,,
기본 대분류,음료-B동,동서식품,000603,24-070,맥스웰 콜롬비아나 마스터카페라떼240(120),240ml*30,30,502.2667,15068.001,600,18000,0.1946,-8,0,-8,0,,,
기본 대분류,음료-B동,동서식품,000604,24-071-01,맥스웰 콜롬비아나 마스터 오리지날블랙240/120,240ml*30,30,502.2667,15068.001,600,18000,0.1946,0,0,0,0,,,
기본 대분류,음료-B동,동서식품,000605,24-071,맥스웰 콜롬비아나 마스터스위트아메리카노240(120),240ml*30,30,502.2667,15068.001,600,18000,0.1946,0,0,0,0,,,
기본 대분류,파렛트,파렛트,000606,60-06-01,콜라파렛트,,1,0,0,0,0,0,120,120,0,0,,,
기본 대분류,반품,반품,000607,60-06,콜라반품,0,1,0,0,0,0,0,13,13,0,0,,,
기본 대분류,세제외-A동,켈로그,000613,01-18-01,콘푸라이트 베리요거트바 108g,108g*20,20,110,2200,160,3200,0.4545,0,0,,0,,,
기본 대분류,음료-B동,해태음료,000625,32-19-04,코코팜화이트뚱캔340,340ml*24,24,543.4167,13042.0008,775,18600,0.4262,480,20,0,0,,,
기본 대분류,음료-B동,해태음료,000626,32-19-07,코코팜화이트뚱캔340,340*24,24,429.1667,10300.0008,0,0,-1,744,31,0,0,,,
기본 대분류,음료-B동,해태음료,000627,32-19-02,코코팜피치핑크뚱캔340,340ml*24,24,541.0833,12985.9992,775,18600,0.4323,2544,106,0,0,,,
기본 대분류,음료-B동,해태음료,000628,32-19-01,코코팜피치핑크(복숭아/스쿨존)240,240ml*30,30,480.5,14415,626.6667,18800.001,0.3042,750,25,0,0,,,
기본 대분류,음료-B동,해태음료,000629,32-19-03,코코팜포도뚱캔340,340ml*24,24,546.6667,13120.0008,775,18600,0.4177,2448,102,0,0,,,
기본 대분류,음료-B동,해태음료,000630,32-19,코코팜포도24입/해태,238ml*24,24,483.4226,11602.1424,625,15000,0.2929,-1416,-59,0,0,,,
기본 대분류,음료-B동,해태음료,000631,32-26,코코팜탱글탱글포도1.5,1.5L*12,12,1946.25,23355,2591.6667,31100.000400000004,0.3316,0,0,0,0,,,
기본 대분류,음료-B동,해태음료,000632,32-25,코코팜탱글탱글복숭아1.5,1.5L*12,12,1946.25,23355,2591.6667,31100.000400000004,0.3316,0,0,0,0,,,
기본 대분류,음료-B동,해태음료,000633,32-19-06,코코팜망고뚱캔(코코넛)340,340ml*24,24,546.7083,13120.9992,775,18600,0.4176,552,23,0,0,,,
기본 대분류,음료-B동,코카콜라,000634,31-01-12,코카콜라알루미늄보틀(카카오),250ml*30,30,1090,32700,1333,39990,0.2229,0,0,0,0,,,
기본 대분류,음료-B동,코카콜라,000635,31-28-05,코카콜라제로500(6입),500ml*6,6,1033,6198,1166,6996,0.1288,0,0,0,0,,,
기본 대분류,음료-B동,코카콜라,000636,31-28,코카콜라제로500,500ml*24,24,1244.75,29874,1691.6667,40600.0008,0.359,960,40,0,0,,,
기본 대분류,음료-B동,코카콜라,000637,31-01-06,코카콜라제로250(99),250ml*30,30,750,22500,926.6667,27800.001,0.2356,7920,264,0,0,,,
기본 대분류,음료-B동,코카콜라,000638,31-22-01,코카콜라제로 300,300ml*24,24,792.083333333333,19009.999999999993,1150,27600,0.4519,0,0,0,0,,,
기본 대분류,음료-B동,코카콜라,000639,31-28-01,코카콜라제로 1.5(44),1.5L*12,12,1500,18000,2966.6667,35600.000400000004,0.9778,408,34,0,0,,,
기본 대분류,음료-B동,코카콜라,000640,31-01-05,코카콜라 250 (99),250ml*30,30,786.6667,23600.001,926.6667,27800.001,0.178,8580,286,0,0,,,
기본 대분류,음료-B동,코카콜라,000642,31-30,코카콜라 태양의식후비법W차,500ml*24,24,672.7963,16147.1112,862.5,20700,0.282,0,0,0,0,,,
기본 대분류,음료-B동,코카콜라,000643,31-05-03,코카콜라기획1.5*6+스프1.5*6기획,콜라기획1.5*6+스프1.5*6기획(44),12,1500,18000,2083,24996,0.3887,0,0,0,0,,,
기본 대분류,음료-B동,코카콜라,000644,31-05-04,코카콜라기획 1.5*6+환타오렌지1.5*6기획(44),콜라기획1.5*6+환타오렌지1.5*6기획,12,1500,18000,2083,24996,0.3887,0,0,0,0,,,
기본 대분류,음료-B동,코카콜라,000645,31-37,코카콜라글라소파워씨(빨강)500,500ml*12,12,1131.5,13578,1291.6667,15500.0004,0.1416,0,0,0,0,,,
기본 대분류,음료-B동,코카콜라,000646,31-36,코카콜라글라소트리플엑스(블랙)500,500ml*12,12,1131.5,13578,1291.6667,15500.0004,0.1416,0,0,0,0,,,
기본 대분류,음료-B동,코카콜라,000647,31-38,코카콜라글라소에센셜500,500ml*12,12,1131.5,13578,1291.6667,15500.0004,0.1416,0,0,0,0,,,
기본 대분류,음료-B동,코카콜라,000648,31-35,코카콜라글라소에너지(노란색)500,500ml*12,12,1131.5,13578,1291.6667,15500.0004,0.1416,0,0,0,0,,,
기본 대분류,음료-B동,코카콜라,000649,31-34,코카콜라글라소멀티브이(초록)500,500ml*12,12,1131.5,13578,1291.6667,15500.0004,0.1416,0,0,0,0,,,
기본 대분류,음료-B동,코카콜라,000650,31-04-02,코카콜라500 [업소](48),500ml*24,24,705.0417,16921.0008,887.5,21300,0.2588,3360,140,0,0,,,
기본 대분류,음료-B동,코카콜라,000651,31-03-05,코카콜라355업소(88)(100)/바코드없음,355ml*24,24,688.25,16518,866.6667,20800.0008,0.2592,17352,723,0,0,,,
기본 대분류,음료-B동,코카콜라,000652,31-01-02,코카콜라210ml,210ml*30,30,483.333333333333,14499.999999999989,531,15930,0.0986,0,0,0,0,,,
기본 대분류,음료-B동,코카콜라,000653,31-01-01,코카콜라190 (126)(144),190ml*30,30,476.0333,14280.999,612.6667,18380.001,0.287,1710,57,0,0,,,
기본 대분류,음료-B동,코카콜라,000654,31-50-03,코카콜라/토레타뚱캔340 (88)(100),340ml*24,24,518.9167,12454.0008,679.1667,16300.0008,0.3088,-312,-13,0,0,,,
기본 대분류,음료-B동,코카콜라,000655,31-50,코카콜라/토레타240(99/132),240ml*30,30,413.335,12400.05,516.6667,15500.001,0.25,180,6,0,0,,,
기본 대분류,음료-B동,코카콜라,000656,31-50-02,코카콜라/토레타1.5 (32),1.5L*12,12,1535.8555,18430.266,2191.6667,26300.000400000004,0.427,588,49,0,0,,,
기본 대분류,음료-B동,코카콜라,000657,31-50-01,코카콜라/토레타 500(70),500ml*24,24,753.7917,18091.0008,991.6667,23800.0008,0.3156,1440,60,0,0,,,
기본 대분류,음료-B동,코카콜라,000658,31-05-01,코카콜라(업소) 1.25(45),1.25L*12,12,1242.25,14907,1566.6667,18800.0004,0.2612,2616,218,0,0,,,
기본 대분류,음료-B동,코카콜라,000659,31-01-03,코카콜라 스터비245 (120),245ml*24,24,633.375,15201,850,20400,0.342,0,0,0,0,,,
기본 대분류,음료-B동,코카콜라,000660,31-04-01,코카콜라 500 (48/60),500ml*24,24,1349,32376,1745.8333,41899.9992,0.2942,-120,-5,0,0,,,
기본 대분류,음료-B동,코카콜라,000661,31-03,코카콜라 355/ 바코드O (88),355ml*24,24,723.1667,17356.0008,910,21840,0.2584,984,41,0,0,,,
기본 대분류,음료-B동,코카콜라,000662,31-04,코카콜라 300(pet),300(pet)*24,24,897.375,21537,1150,27600,0.2815,0,0,0,0,,,
기본 대분류,음료-B동,코카콜라,000663,31-01-04,코카콜라 245ml (업소용)슬림(99),245ml*30,30,480.7667,14423.001,606.6667,18200.001,0.2619,26040,868,0,0,,,
기본 대분류,음료-B동,코카콜라,000664,31-05-02,코카콜라 1.8,1.8L*12,12,1791.6667,21500.0004,2083,24996,0.1626,0,0,,0,,,
기본 대분류,음료-B동,코카콜라,000665,31-05,코카콜라 1.5(40),1.5L*12,12,2447.3131,29367.7572,2966.6667,35600.000400000004,0.2122,996,83,0,0,,,
기본 대분류,세제외-A동,켈로그,000669,01-18,켈로그) 콘푸로스트600 (24)(20),600g*12,12,3355.9322,40271.186400000006,4400,52800,0.3111,7034,586,2,0,,,
기본 대분류,세제외-A동,애경,000676,02-04,케라시스(볼륨)600*3,(600샴푸2+린스)*6,6,7500,45000,8333,49998,0.1111,0,0,0,0,,,
기본 대분류,세제외-A동,애경,000677,02-45,케라시스(모이스체)6644,6644*8,8,6300,50400,7050,56400,0.119,0,0,,0,,,
기본 대분류,세제외-A동,애경,000678,02-46.,케라시스(두피스케일링)800,800*8,8,3125,25000,7300,58400,1.336,0,0,,0,,,
기본 대분류,세제외-A동,애경,000679,02-41,케라시스(두피)600*3,(600샴푸2+린스)*6,6,8000,48000,9166,54996,0.1458,0,0,0,0,,,
기본 대분류,세제외-A동,애경,000680,02-44,케라시스(데미지)6644,6644*8,8,6300,50400,7000,56000,0.1111,0,0,,0,,,
기본 대분류,세제외-A동,애경,000681,02-04.,케라시스(데미지)600*3,(600샴푸2+린스)*6,6,7500,45000,9166,54996,0.2221,0,0,,0,,,
기본 대분류,음료-B동,동아오츠카,000682,28-12-01,컨피던스 180ml,180*30,30,950.9333,28527.999,1166.6667,35000.001,0.2269,0,0,0,0,,,
기본 대분류,세제외-A동,HK이노엔,000684,55-01-03,컨디션환스틱3g,3g*200,200,1210,242000,1391,278200,0.1496,0,0,0,0,,,
기본 대분류,음료-B동,HK이노앤,000686,55-02-01,컨디션레이디100ml(10병),100ml*10병,10,2255,22550,3560,35600,0.5787,0,0,0,0,,,
기본 대분류,음료-B동,HK이노앤,000687,55-13,컨디션CEO(쎄오) 150ml(6입),150ml*6입,6,27500,165000,51750,310500,0.8818,0,0,0,0,,,
기본 대분류,음료-B동,해태음료,000691,32-50,캘리포니아레몬에이드,355ml*24,24,375,9000,458,10992,0.2213,0,0,0,0,,,
기본 대분류,세제외-A동,애경,000704,02-47,캐라시스(두피클리닉)800,800*8,8,3125,25000,3750,30000,0.2,0,0,,0,,,
기본 대분류,음료-B동,코카콜라,000705,31-11,캐나다드라이/토닉워터캔(99/132)코카,250ml*30,30,465.0335,13951.005000000001,583.3333,17499.999,0.2544,5970,199,0,0,,,
기본 대분류,음료-B동,코카콜라,000706,31-55,캐나다드라이/클럽소다(99/132),250ml*30,30,465.0333,13950.999,585.6667,17570.001,0.2594,6030,201,0,0,,,
기본 대분류,음료-B동,코카콜라,000707,31-29,캐나다드라이/진저엘(99/132),250ml*30,30,465.0333,13950.999,585.6667,17570.001,0.2594,390,13,0,0,,,
기본 대분류,음료-B동,롯데칠성음료,000709,27-45,칸타타프리미엄라떼 275(노랑) (121),275*20,20,791.6,15832,950,19000,0.2001,0,0,0,0,,,
기본 대분류,음료-B동,롯데칠성음료,000710,27-44,칸타타프리미엄라떼 175 (노랑)(143),175ml*30,30,630,18900,866.6667,26000.001,0.3757,810,27,0,0,,,
기본 대분류,음료-B동,롯데칠성음료,000711,27-45-03,칸타타콜드브루블랙 275(132),275ml*20,20,791.6,15832,950,19000,0.2001,0,0,0,0,,,
기본 대분류,음료-B동,롯데칠성음료,000712,27-45-04,칸타타콜드브루라떼 275,275ml*24,24,875,21000,1000,24000,0.1429,0,0,0,0,,,
기본 대분류,음료-B동,롯데칠성음료,000713,27-45-05,칸타타콘트라베이스 콜드브루 라떼 500ml,500ml*24,24,1019.375,24465,1305,31320,0.2802,168,7,0,0,,,
기본 대분류,음료-B동,롯데칠성음료,000714,27-44-01,칸타타스위트아메리카노(빨강) 175(143),175ml*30,30,630,18900,866.6667,26000.001,0.3757,270,9,0,0,,,
기본 대분류,음료-B동,롯데칠성음료,000715,27-45-01,칸타타스위트아메리카노 275(빨강) (132),275*20,20,791.6,15832,950,19000,0.2001,0,0,0,0,,,
기본 대분류,음료-B동,롯데칠성음료,000716,27-44-03,칸타타스위트아메리카 200ml,200ml*30,30,433.3333,12999.999,500,15000,0.1538,0,0,0,0,,,
기본 대분류,음료-B동,롯데칠성음료,000717,27-44-02,칸타타 프리미엄 200ml,200ml*30,30,433.3333,12999.999,500,15000,0.1538,0,0,0,0,,,
기본 대분류,음료-B동,롯데칠성음료,000718,27-45-09,칸타타 콘트라베이스 콜드브루블랙500(6입),500ml*6,6,935,5610,1166,6996,0.2471,390,65,0,0,,,
기본 대분류,음료-B동,롯데칠성음료,000719,27-45-06,칸타타 콘트라베이스 콜드브루 블랙500ml,500ml*24,24,1019.375,24465,1305,31320,0.2802,-120,-5,0,0,,,
기본 대분류,음료-B동,롯데칠성음료,000720,27-45-08,칸타타 콘트라베이스 콜드브루라떼500(6입),500ml*6,6,935,5610,1166,6996,0.2471,6,1,0,0,,,
기본 대분류,음료-B동,롯데칠성음료,000721,27-45-10,칸타타 콘트라베이스 스위트블랙(6입),500ml*6,6,935,5610,1166,6996,0.2471,0,0,0,0,,,
기본 대분류,음료-B동,롯데칠성음료,000722,27-45-07,칸타타 콘트라베이스 콜드브루 스위트 블랙 500ml,500ml*24,24,1019.375,24465,1305,31320,0.2802,0,0,0,0,,,
기본 대분류,음료-B동,롯데칠성음료,000723,27-45-02,칸타타 카라멜 마키아토 275,275ml * 20,20,791.6,15832,950,19000,0.2001,0,0,0,0,,,
기본 대분류,음료-B동,해태음료,000727,32-37,칵테일샤인온더비치뚱캔340,340ml*24,24,429.1667,10300.0008,550,13200,0.2816,0,0,,0,,,
기본 대분류,음료-B동,농심,000729,24-49-06,카프리썬(페어리드링크)(378),200ml*10,10,320,3200,400,4000,0.25,0,0,0,0,,,
기본 대분류,음료-B동,농심,000730,24-49-01,카프리썬(오렌지망고)(378),200ml*10,10,420,4200,640,6400,0.5238,1770,177,0,0,,,
기본 대분류,음료-B동,농심,000731,24-49,카프리썬(오렌지)(378),200ml*10,10,420,4200,640,6400,0.5238,4830,483,0,0,,,
기본 대분류,음료-B동,농심,000732,24-49-05,카프리썬(알래스카아아스티)(378),200ml*10,10,420,4200,640,6400,0.5238,0,0,0,0,,,
기본 대분류,음료-B동,농심,000733,24-49-02,카프리썬(사파리맛)(378),200ml*10,10,420,4200,640,6400,0.5238,1040,104,0,0,,,
기본 대분류,음료-B동,농심,000734,24-49-04,카프리썬(사과맛) (378),200ml*10,10,420,4200,640,6400,0.5238,1360,136,0,0,,,
기본 대분류,기타,기타,000746,200-07,카드수수료,,1,0,0,0,0,0,-14,-14,0,0,,,
기본 대분류,음료-B동,롯데칠성음료,000747,27-01-01,칠성사이다캔250 (110),250ml*30,30,666.5667,19997.001,866.6667,26000.001,0.3002,12270,409,0,0,,,
기본 대분류,음료-B동,롯데칠성음료,000748,27-01,칠성사이다캔 190 (143),190ml*30,30,374.0333,11220.999,460,13800,0.2298,15990,533,0,0,,,
기본 대분류,음료-B동,롯데칠성음료,000749,27-01-05,칠성사이다제로캔250,250ml*30,30,666.5667,19997.001,876.6667,26300.001,0.3152,1140,38,0,0,,,
기본 대분류,음료-B동,롯데칠성음료,000750,27-28-02,칠성사이다제로1.5,1.5L*12,12,1879.1667,22550.0004,2500,30000,0.3304,60,5,0,0,,,
기본 대분류,음료-B동,롯데칠성음료,000751,27-08,칠성사이다스터비캔245(업소)(135),245*24,24,495.1667,11884.0008,625,15000,0.2622,0,0,0,0,,,
기본 대분류,음료-B동,롯데칠성음료,000752,27-18,칠성사이다pet 300,300ml*20,20,700,14000,775,15500,0.1071,0,0,,0,,,
기본 대분류,음료-B동,롯데칠성음료,000753,27-28-04,칠성사이다1.8(6입),1.8*6,6,1474,8844,2500,15000,0.6961,0,0,,0,,,
기본 대분류,음료-B동,롯데칠성음료,000754,27-25,칠성사이다 500(77),500ml*20,20,1193.2,23864,1465,29300,0.2278,20,1,0,0,,,
기본 대분류,음료-B동,롯데칠성음료,000755,27-25-01,칠성사이다 500 (업소용) (77),500ml*20,20,734.6182,14692.364,900,18000,0.2251,9080,454,0,0,,,
기본 대분류,음료-B동,롯데칠성음료,000756,27-16,칠성사이다 355업소용 (99),355ml*24,24,604.1667,14500.0008,750,18000,0.2414,15479,644,23,0,,,
기본 대분류,음료-B동,롯데칠성음료,000757,27-28-01,칠성사이다 1.5 (55),1.5L*12,12,2108,25296,2500,30000,0.186,1032,86,0,0,,,
기본 대분류,음료-B동,롯데칠성음료,000758,27-28,칠성사이다 1.25 (업소용) (60),1.25L*12,12,1224.4167,14693.0004,1500,18000,0.2251,672,56,0,0,,,
기본 대분류,음료-B동,롯데칠성음료,000759,27-46,칸타타프리미엄라떼 275*24,275*24,24,800,19200,916,21984,0.145,0,0,0,0,,,
기본 대분류,음료-B동,롯데칠성음료,000760,27-46-01,칠성)칸타타아메리카노275*24,275ml*24,24,720.8333,17299.9992,916,21984,0.2708,0,0,,0,,,
기본 대분류,음료-B동,롯데칠성음료,000761,27-46-02,칠성)칸타타(더치블랙)275*24,275ml*24,24,592.9167,14230.0008,791,18984,0.3341,0,0,,0,,,
기본 대분류,음료-B동,남양유업,000782,21-22,초코에몽팩180,180*24,24,808.3333,19399.9992,916.6667,22000.0008,0.134,0,0,0,0,,,
기본 대분류,음료-B동,일화,000783,29-13,초정탄산수캔라임/250,250*30,30,430,12900,483,14490,0.1233,0,0,,0,,,
기본 대분류,음료-B동,일화,000784,29-05,초정탄산수캔 250 (110),250ml*30,30,383.0667,11492.001,466.6667,14000.001,0.2182,4140,138,0,0,,,
기본 대분류,음료-B동,일화,000785,29-37,초정탄산수자몽350,350ml*20,20,550,11000,625,12500,0.1364,0,0,,0,,,
기본 대분류,음료-B동,일화,000786,29-36,초정탄산수자몽500,500ml*20,20,624,12480,750,15000,0.2019,0,0,0,0,,,
기본 대분류,음료-B동,일화,000787,29-35,초정탄산수레몬500,500ml*20,20,615,12300,750,15000,0.2195,0,0,0,0,,,
기본 대분류,음료-B동,일화,000788,29-34,초정탄산수라임500,500ml*20,20,624,12480,750,15000,0.2019,0,0,0,0,,,
기본 대분류,음료-B동,일화,000789,29-05-02,초정탄산수350캔(100),350ml*24,24,429.75,10314,625,15000,0.4543,2544,106,0,0,,,
기본 대분류,음료-B동,일화,000790,29-38,초정탄산수(플레인)350,350ml*20,20,550,11000,625,12500,0.1364,0,0,,0,,,
기본 대분류,음료-B동,일화,000791,29-06,초정탄산수 500 (66),500ml*20,20,682.5,13650,825,16500,0.2088,660,33,0,0,,,
기본 대분류,음료-B동,일화,000792,29-04,초정탄산수 1.5 (40),1.5L*12,12,1041.6667,12500.0004,1428.5,17142,0.3714,132,11,0,0,,,
기본 대분류,음료-B동,일화,000794,29-05-01,초정 탄산수 190(132),190ml*30,30,274.8,8244,400,12000,0.4556,80790,2693,0,0,,,
기본 대분류,음료-B동,가야웅진,000795,23-19-01,초록매실캔180(90입) 48,180*(15*6),90,244.4444,21999.996,288.8889,26000.000999999997,0.1818,0,0,0,0,,,
기본 대분류,세제외-A동,청정원,000799,62-01,청정원현미태양초찰고추장500g,500g*20,20,2300,46000,2550,51000,0.1087,0,0,,0,,,
기본 대분류,세제외-A동,청정원,000800,62-02,청정원현미매운태양초고추장500g,500g*20,20,2300,46000,2550,51000,0.1087,0,0,,0,,,
기본 대분류,세제외-A동,청정원,000801,62-03,청정원현미고추장2K(쌈장500+된장500),2K*6,6,8000,48000,8666,51996,0.0833,0,0,,0,,,
기본 대분류,통조림-C동,청정원,000802,01-17-08,청정원팜고급유NH-1호(3세트)-(BOX),(1*3set),3,15000,45000,22000,66000,0.4667,0,0,0,0,,,
기본 대분류,세제외-A동,청정원,000803,62-04,청정원태양초고추장1.5(+400g),(1.5kg+400g)*6,6,5900,35400,6666,39996,0.1298,0,0,,0,,,
기본 대분류,세제외-A동,청정원,000804,01-30,청정원초고추장1kg,1kg*12입,12,2200,26400,2666,31992,0.2118,0,0,0,0,,,
기본 대분류,세제외-A동,청정원,000805,61-87,청정원양념장(소불고기),500g*15,15,1400,21000,1566,23490,0.1186,0,0,,0,,,
기본 대분류,세제외-A동,청정원,000806,61-79,청정원양념장(소갈비),500g*15,15,1400,21000,1566,23490,0.1186,0,0,0,0,,,
기본 대분류,세제외-A동,청정원,000807,61-61,청정원양념장(돼지불고기),500g*15,15,1400,21000,1566,23490,0.1186,0,0,,0,,,
기본 대분류,세제외-A동,청정원,000808,61-86,청정원양념장(돼지갈비),500g*15,15,1400,21000,1566,23490,0.1186,0,0,,0,,,
기본 대분류,세제외-A동,청정원,000809,01-03,청정원쌈장P500g,500g*20,20,1350,27000,1500,30000,0.1111,0,0,,0,,,
기본 대분류,세제외-A동,청정원,000813,01-05.,청정원/진태양초고추장14kg,14kg,1,25300,25300,27500,27500,0.087,0,0,,0,,,
기본 대분류,세제외-A동,청정원,000814,01-23.,청정원/재래식생된장14kg,14kg,1,27000,27000,30000,30000,0.1111,0,0,0,0,,,
기본 대분류,세제외-A동,청정원,000815,15-52,청정원/우리쌀로만든태양초고추장2.5+450,(2.5kg+450g)4set,1,32000,32000,36000,36000,0.125,0,0,,0,,,
기본 대분류,세제외-A동,청정원,000816,01-16,청정원/순창태양초찰고추장500,500g*24,24,2666.66666666667,64000.00000000009,0,0,-1,0,0,,0,,,
기본 대분류,세제외-A동,청정원,000817,01-05,청정원/순창태양초고추장3k,3k*4,4,10000,40000,11000,44000,0.1,0,0,,0,,,
기본 대분류,세제외-A동,청정원,000818,01-22,청정원/순창된장2.8(통),2.8*4,4,6500,26000,7500,30000,0.1538,0,0,,0,,,
기본 대분류,세제외-A동,청정원,000819,62-08,청정원/순창고추장500g통,500g*20,20,3100,62000,3500,70000,0.129,0,0,,0,,,
기본 대분류,세제외-A동,청정원,000820,62-09,청정원/순창고추장500g봉지,500g*24,24,2333.33333333333,55999.99999999991,2500,60000,0.0714,0,0,,0,,,
기본 대분류,통조림-C동,청정원,000821,01-19-04,청정원 고급유6호 / 8세트-(BOX)/24,(카놀라유500ml*2+요리유500ml*1)*8,8,7800,62400,10000,80000,0.2821,0,0,0,0,,,
기본 대분류,통조림-C동,청정원,000822,01-19-02,청정원 고급유3호 /4세트-(BOX),(포도씨유500ml*1+올리브유500ml*1+카놀라유500ml*2)*4,4,19500,78000,23000,92000,0.1795,0,0,0,0,,,
기본 대분류,통조림-C동,청정원,000823,01-17-05,청정원 NH-5호 / 3세트-(BOX),NH5호/3세트,3,13000,39000,18333,54999,0.4102,0,0,0,0,,,
기본 대분류,통조림-C동,청정원,000824,01-17-03,청정원 NH3호 / 3세트-(BOX)/32,(카놀500ml*2+올리700g*1+식초470ml*1+잇츠팜*6)*3,3,19500,58500,25000,75000,0.2821,0,0,0,0,,,
기본 대분류,통조림-C동,청정원,000825,01-17,청정원 스페셜 NH2호/3세트,NH2호 /3세트,3,20666.6667,62000.000100000005,24500,73500,0.1855,146,48,2,0,,,
기본 대분류,세제외-A동,기타,000828,41-50,청수국수 2.5kg,2.5kg*6,6,5750,34500,6200,37200,0.0783,0,0,0,0,,,
기본 대분류,음료-B동,일화,000833,29-22-01,천연사이다캔 250 (씩스팩),250ml*30,30,433.333333333333,12999.999999999989,716,21480,0.6523,0,0,,0,,,
기본 대분류,음료-B동,일화,000834,29-10,천연사이다캔 160,160ml*30,30,160,4800,200,6000,0.25,0,0,0,0,,,
기본 대분류,음료-B동,일화,000835,29-24-01,천연사이다병 340 (42),340ml*24,24,500,12000,916,21984,0.832,0,0,,0,,,
기본 대분류,기타,기타,000836,29-39.,천연사이다공상자,,1,1000,1000,0,0,-1,0,0,0,0,,,
기본 대분류,기타,기타,000837,29-39,천연사이다공병,,1,2400,2400,0,0,-1,0,0,0,0,,,
기본 대분류,음료-B동,일화,000838,29-23,천연사이다 500,500ml*20,20,735,14700,800,16000,0.0884,680,34,0,0,,,
기본 대분류,음료-B동,일화,000839,29-04-02,천연사이다 350ml,350ml*24,24,465.5833,11173.9992,625,15000,0.3424,1656,69,0,0,,,
기본 대분류,음료-B동,일화,000840,29-22,천연사이다 250(110),250ml*30,30,440.0667,13202.001,533.3333,15999.999,0.2119,2910,97,0,0,,,
기본 대분류,음료-B동,일화,000841,29-10-01,천연사이다(업소용) 190(132),190ml*30,30,245.4667,7364.001,300,9000,0.2222,106050,3535,0,0,,,
기본 대분류,음료-B동,일화,000842,29-24,천연사이다 1.5L(40),1.5L*12,12,1083.3333,12999.9996,1333.3333,15999.9996,0.2308,204,17,0,0,,,
기본 대분류,세제외-A동,큐원삼양,000847,08-55,참튀김가루/큐원삼양(50),1kg*10,10,1050,10500,1150,11500,0.0952,0,0,,0,,,
기본 대분류,음료-B동,그래미,000851,25-59-05,참조은겨 그랑프리737 (15입),119*15,15,16500,247500,20000,300000,0.2121,0,0,0,0,,,
기본 대분류,음료-B동,대일,000854,35-09,참맑은홍삼골드 175ml,175ml*30,30,173.3333,5199.999,233,6990,0.3442,0,0,0,0,,,
기본 대분류,음료-B동,대일,000855,52-55.,참맑은알로에 175ml (156),175ml*30,30,242.6667,7280.001,300,9000,0.2363,12480,416,0,0,,,
기본 대분류,음료-B동,대일,000856,35-07,참맑은 우리집식혜 175ml (156),175ml*30,30,242.6667,7280.001,300,9000,0.2363,2490,83,0,0,,,
기본 대분류,음료-B동,대일,000857,35-27,참맑은복숭아175ml (156),175ml*30,30,242.6667,7280.001,300,9000,0.2363,16050,535,0,0,,,
기본 대분류,음료-B동,대일,000858,35-14,참맑은복분자캔175ml (156),175ml*30,30,242.6667,7280.001,316.6667,9500.001,0.3049,4050,135,0,0,,,
기본 대분류,음료-B동,대일,000859,35-42,참맑은베아르시카푸치노캔150ml (168),150ml*30,30,223.2,6696,266.6667,8000.001,0.1947,-90,-3,0,0,,,
기본 대분류,음료-B동,대일,000860,35-41,참맑은베아르시카푸치노캔175ml (156),175ml*30,30,203,6090,260,7800,0.2808,0,0,0,0,,,
기본 대분류,음료-B동,대일,000861,35-08,참맑은벌꿀175ml (156),170ml*30,30,251.7667,7553.000999999999,350,10500,0.3902,3240,108,0,0,,,
기본 대분류,음료-B동,대일,000862,35-10,참맑은망고175ml  (156),175ml*30,30,242.6667,7280.001,300,9000,0.2363,15690,523,0,0,,,
기본 대분류,음료-B동,대일,000863,35-40,참맑은꿀수박175ml,175ml*30,30,0,0,0,0,0,0,0,,0,,,
기본 대분류,음료-B동,대일,000864,35-05,참맑은홍차 175ml (156),175ml*30,30,212.3333,6369.999,246.6667,7400.001,0.1617,55770,1859,0,0,,,
기본 대분류,음료-B동,대일,000865,35-06,참맑은헛개차 175ml (156),175ml*30,30,203.2333,6096.999000000001,240,7200,0.1809,16080,536,0,0,,,
기본 대분류,음료-B동,대일,000866,35-03,참맑은우롱차175ml(156),175ml*30,30,203.2333,6096.999000000001,300,9000,0.4761,9360,312,0,0,,,
기본 대분류,음료-B동,대일,000867,35-01,참맑은옥수수수염차175ml (156),175ml*30,30,203.2333,6096.999000000001,240,7200,0.1809,-6510,-217,0,0,,,
기본 대분류,음료-B동,대일,000868,35-02,참맑은보성녹차175ml(156),175ml*30,30,203.2333,6096.999000000001,240,7200,0.1809,8520,284,0,0,,,
기본 대분류,음료-B동,대일,000869,35-04,참맑은둥굴레차175ml (156),175ml*30,30,176,5280,210,6300,0.1932,0,0,0,0,,,
기본 대분류,음료-B동,대일,000870,35-02-01,참맑은녹차두유175ml,175ml*30,30,200,6000,216,6480,0.08,0,0,,0,,,
기본 대분류,음료-B동,대일,000871,35-16,참맑은 참대추175 (156),175ml*30,30,166.6667,5000.001,266.6667,8000.001,0.6,60,2,0,0,,,
기본 대분류,세제외-A동,CJ제일제당,000873,08-01,참그린녹차뽀드득1k(용기),1k*12,12,3291.6667,39500.000400000004,4416.6667,53000.0004,0.3418,0,0,0,0,,,
기본 대분류,세제외-A동,CJ제일제당,000880,08-01-01,참그린 청귤산뜻설거지,970L* 10,10,1550,15500,1860,18600,0.2,0,0,,0,,,
기본 대분류,세제외-A동,농심,000885,54-07,짜파게티멀티 (8팩) (56),(5*8),40,807.5,32300,1050,42000,0.3003,0,0,0,0,,,
기본 대분류,세제외-A동,오뚜기,000892,39-920,진짬뽕(32입)/오뚜기,4입*8,8,3312.5,26500,4125,33000,0.2453,0,0,0,0,,,
기본 대분류,세제외-A동,오뚜기,000894,39-91-03,진진짜라 {멀티],5*8,8,0,0,0,0,0,0,0,0,0,,,
기본 대분류,통조림-C동,기타,000902,13-12,진양죽순4호,400g*24,24,2100,50400,2525,60600,0.2024,216,9,0,0,,,
기본 대분류,파렛트,파렛트,000905,28-08,진로파렛트,,0,0,0,0,0,0,21,0,21,0,,,
기본 대분류,음료-B동,하이트진로,000906,25-50-03,진로토닉워터애플(96),300ml*24,24,566.6667,13600.0008,666.6667,16000.0008,0.1765,0,0,0,0,,,
기본 대분류,음료-B동,하이트진로,000907,25-50-02,진로토닉워터깔라만시(96),300ml*24,24,620.835,14900.04,729.1667,17500.0008,0.1745,672,28,0,0,,,
기본 대분류,음료-B동,하이트진로,000908,25-50-06,진로토닉워터600 (54),600ml*20,20,980,19600,1100,22000,0.1224,340,17,0,0,,,
기본 대분류,음료-B동,하이트진로,000909,25-50-01,진로토닉워터 300ml (104),300ml*24,24,620.835,14900.04,729.1667,17500.0008,0.1745,20520,855,0,0,,,
기본 대분류,음료-B동,하이트진로,000910,25-11,진로 하이트제로355ml (100),355ml*24,24,654.1667,15700.0008,729.1667,17500.0008,0.1146,6048,252,0,0,,,
기본 대분류,음료-B동,하이트진로,000911,25-22,진로/카린스300,300ml*24,24,566.6667,13600.0008,666.6667,16000.0008,0.1765,0,0,0,0,,,
기본 대분류,세제외-A동,오뚜기,000912,81-34,진라면큰컵(순한맛)/90,12입,1,6500,6500,9000,9000,0.3846,0,0,0,0,,,
기본 대분류,세제외-A동,오뚜기,000913,81-33,진라면큰컵(매운맛)/90,12입,1,6500,6500,9000,9000,0.3846,1,1,0,0,,,
기본 대분류,세제외-A동,오뚜기,000914,39-94,진라면순한맛기획 20입(63),20입,20,440,8800,600,12000,0.3636,0,0,0,0,,,
기본 대분류,세제외-A동,오뚜기,000915,81-16,진라면소컵(순한맛)/272,6입,1,2350,2350,5000,5000,1.1277,0,0,0,0,,,
기본 대분류,세제외-A동,오뚜기,000916,81-15,진라면소컵(매운맛)/272,6입,1,2350,2350,5000,5000,1.1277,0,0,0,0,,,
기본 대분류,세제외-A동,오뚜기,000917,39-93,진라면매운맛기획 20입(63),20입,20,440,8800,600,12000,0.3636,0,0,0,0,,,
기본 대분류,세제외-A동,오뚜기,000918,39-91-01,진라면[순한맛]멀티팩40 (70),5*8,40,515.55,20622,600,24000,0.1638,-1120,-28,0,0,,,
기본 대분류,세제외-A동,오뚜기,000919,39-91,진라면[매운맛]멀티팩40 (70),(5*8),40,515.55,20622,600,24000,0.1638,7040,176,0,0,,,
기본 대분류,통조림-C동,청정원,000920,36-69.,진골드고추장14K/청정원,14kg,1,24500,24500,28000,28000,0.1429,0,0,,0,,,
기본 대분류,세제외-A동,샘표,000921,03-16,진간장금F-3일반(샘표)930,930*12,12,3333.3333,39999.999599999996,3833,45996,0.1499,0,0,,0,,,
기본 대분류,세제외-A동,기타,000925,52-01.,죽순(홀),3kg*6,6,8000,48000,10000,60000,0.25,0,0,,0,,,
기본 대분류,음료-B동,코카콜라,000935,27-64,조지아커피캔오리지날 옐로우 175 (126/156),175ml*30,30,318.2667,9548.001,406.6667,12200.001,0.2778,1080,36,0,0,,,
기본 대분류,음료-B동,코카콜라,000936,31-40,조지아카페라떼 240 (99),240ml*30,30,529,15870,626.6667,18800.001,0.1846,-480,-16,0,0,,,
기본 대분류,음료-B동,코카콜라,000937,31-10,조지아오리지날 240 (99),240ml*30,30,461.7,13851,583,17490,0.2627,4050,135,0,0,,,
기본 대분류,음료-B동,코카콜라,000938,31-40-10,조지아맥스캔240 (132),240ml*30,30,466.6667,14000.001,533.335,16000.050000000001,0.1429,300,10,0,0,,,
기본 대분류,음료-B동,코카콜라,000939,27-64-1,조지아라떼175,175ml*30,30,273.3333,8199.999,333,9990,0.2183,0,0,0,0,,,
기본 대분류,음료-B동,코카콜라,000940,31-41-06,조지아고티카콜드브루스위트아메리카노265ml(스윗),265*18,18,977.777777777778,17600.000000000004,1250,22500,0.2784,0,0,0,0,,,
기본 대분류,음료-B동,코카콜라,000941,31-41-01,조지아고티카콜드브루라떼 265,265*18,18,977.777777777778,17600.000000000004,1222,21996,0.2498,-48,-2,-12,0,,,
기본 대분류,음료-B동,코카콜라,000942,81-22,조지아 크래프트 밀크라떼470,470*24,24,1083.3333,25999.9992,1250,30000,0.1538,0,0,0,0,,,
기본 대분류,음료-B동,코카콜라,000943,31-41-05,조지아 고티카콜드브루아메리카노 265,265*18,18,977.777777777778,17600.000000000004,1222,21996,0.2498,0,0,0,0,,,
기본 대분류,통조림-C동,대명웰라이프,000944,50-60-02,조이웰 황도 백도345g 6입*4세트-(BOX),{345g* (황3+백3)*4세트},4,9900,39600,12870,51480,0.3,0,0,0,0,,,
기본 대분류,통조림-C동,대명웰라이프,000945,50-60-03,조이웰 황도 백도 망고345g 8입*3세트-(BOX),{345g*(황2+백2+망4)*3세트},3,15290,45870,19877,59631,0.3,0,0,0,0,,,
기본 대분류,통조림-C동,대명웰라이프,000946,50-60,조이웰 황도 백도 망고 345g 3입*4세트-(BOX),{345g*(황1+백도1+망고1)*4세트},4,6545,26180,8508,34032,0.2999,0,0,0,0,,,
기본 대분류,통조림-C동,대명웰라이프,000947,50-59,조이웰 한마음 선물세트345g 8입*3세트-(BOX),{345g* (황도4+백4)*3세트},3,15840,47520,20592,61776,0.3,0,0,0,0,,,
기본 대분류,통조림-C동,대명웰라이프,000948,50-60-01,조이웰 망고345g 6입*4세트-(BOX),{(345g* 망6)*4세트},4,11000,44000,16250,65000,0.4773,0,0,0,0,,,
기본 대분류,통조림-C동,동원에프앤비,000956,11-510,정통불고기참치150g,150g*48,48,1500,72000,1850,88800,0.2333,0,0,0,0,,,
기본 대분류,통조림-C동,동원에프앤비,000957,11-500,정통불고기참치100g,100g*60,60,1200,72000,1500,90000,0.25,0,0,0,0,,,
기본 대분류,음료-B동,정관장,000958,55-12,정관장홍삼골드100ml,(10병*10set),100,550,55000,650,65000,0.1818,0,0,,0,,,
기본 대분류,음료-B동,정관장,000959,55-08,정관장 홍삼원50ml (32),(50ml+30p)*5,5,16200,81000,20000,100000,0.2346,1782,356,2,0,,,
기본 대분류,통조림-C동,롯데,000962,16-03,장조림(롯데)/72,135g*48,48,1500,72000,2104,100992,0.4027,0,0,0,0,,,
기본 대분류,통조림-C동,롯데,000963,16-07,장조림(롯데),80*48,48,1000,48000,1366,65568,0.366,0,0,0,0,,,
장려금,장려금,장려금(대체.현금),000964,10-10,장려금(대체.통장),,1,0,0,0,0,0,-38,-38,0,0,,,
기본 대분류,세제외-A동,면사랑,000965,39-84,잔치국수소면900g/면사랑,900g*15,15,1110,16650,1400,21000,0.2613,0,0,,0,,,
기본 대분류,세제외-A동,면사랑,000966,39-83,잔치국수소면3kg/면사랑 (91),3kg*4,4,3750,15000,4800,19200,0.28,0,0,0,0,,,
기본 대분류,음료-B동,가야웅진,000978,23-51,자연은행복세트(알토감+키친)(1.5*3)*3-(BOX),(1.5*3)*3+9키친,27,513,13851,648,17496,0.2632,0,0,,0,,,
기본 대분류,음료-B동,가야웅진,000979,23-53,웅진 자연은요거풋풋사과펫340,340ml*24,24,538.2083,12916.9992,604.1667,14500.0008,0.1226,936,39,0,0,,,
기본 대분류,음료-B동,가야웅진,000980,23-54-01,웅진 자연은요거풋풋사과1.5 (48),1.5L*12,12,1089.6667,13076.0004,1416.6667,17000.0004,0.3001,432,36,0,0,,,
기본 대분류,음료-B동,가야웅진,000981,23-54,웅진 자연은요거상큼복숭아펫340,340ml*24,24,538.2083,12916.9992,604.1667,14500.0008,0.1226,624,26,0,0,,,
기본 대분류,음료-B동,가야웅진,000982,23-54-02,웅진 자연은요거상큼복숭아1.5(48),1.5L*12,12,1089.6667,13076.0004,1416.6667,17000.0004,0.3001,708,59,0,0,,,
기본 대분류,음료-B동,가야웅진,000983,23-54-03,웅진 자연은 요거새콤파인애플1.5 (48),1.5L*12,12,1089.6667,13076.0004,1416.6667,17000.0004,0.3001,552,46,0,0,,,
기본 대분류,음료-B동,가야웅진,000984,23-54-05,웅진 자연은 요거상큼코코앤복숭아뚱캔340,340ml*24,24,503.4583,12082.9992,604.1667,14500.0008,0.2,0,0,0,0,,,
기본 대분류,세제외-A동,청정원,000987,01-230,자연숙성진간장1.7+500(청정원),(1.7+500)*8,8,3300,26400,3750,30000,0.1364,0,0,,0,,,
기본 대분류,세제외-A동,청정원,000988,01-23,자연숙성진간장1.7*8(청정원),1.7*8,8,2600,20800,3625,29000,0.3942,0,0,,0,,,
기본 대분류,음료-B동,일화,000993,29-17-01,일화헛개꿀물캔 (132),175ml*30,30,200,6000,316.6667,9500.001,0.5833,420,14,0,0,,,
기본 대분류,음료-B동,일화,000994,29-17,일화 헛개차340 (104),340ml*20,20,498.95,9979,650,13000,0.3027,3680,184,0,0,,,
기본 대분류,음료-B동,일화,000995,29-33,일화프레주제주감귤1.5,1.5L*12,12,916.666666666667,11000.000000000004,1000,12000,0.0909,0,0,,0,,,
기본 대분류,파렛트,파렛트,000996,29-12,일화파렛트,,1,20000,20000,20000,20000,0,2,2,0,0,,,
기본 대분류,음료-B동,일화,000997,29-17-02,일화유자꿀물캔175,175ml*30,30,193.333333333333,5799.99999999999,226,6780,0.169,0,0,0,0,,,
기본 대분류,음료-B동,일화,000998,29-00,일화 옥수수수염차340 (144),340ml*20,20,498.95,9979,625,12500,0.2526,500,25,0,0,,,
기본 대분류,음료-B동,일화,001001,28-13-03,일화배도라지175,175ml*30,30,190.333333333333,5709.99999999999,233,6990,0.2242,0,0,0,0,,,
기본 대분류,반품,반품,001002,60-10,일화반품,0,1,0,0,0,0,0,22,22,0,0,,,
기본 대분류,음료-B동,일화,001003,23-40,일화 맑은하늘도라지(빙그레) 500 (72),500ml*20,20,585.9894,11719.788,800,16000,0.3652,380,19,0,0,,,
기본 대분류,음료-B동,일화,001004,23-40.,일화 맑은하늘도라지(빙그레) 340 (105),340ml*20,20,601.95,12039,750,15000,0.246,4400,220,0,0,,,
기본 대분류,세제외-A동,기타,001005,12-62,일화냉장고,310*20,20,50000,1000000,75000,1500000,0.5,0,0,0,0,,,
기본 대분류,음료-B동,일화,001006,29-18,일화꿀물캔,175ml*30,30,216.666666666667,6500.00000000001,250,7500,0.1538,0,0,,0,,,
기본 대분류,음료-B동,일화,001007,29-18.,일화꿀물(병)170*48,170ml*48,48,343.75,16500,416,19968,0.2102,0,0,,0,,,
기본 대분류,음료-B동,일화,001009,29-31,일화/녹차두유175,175ml*30,30,220,6600,250,7500,0.1364,0,0,,0,,,
기본 대분류,음료-B동,일화,001010,29-14,일화 한라봉제주감귤 340 (80),340ml*20,20,630.5,12610,700,14000,0.1102,0,0,0,0,,,
기본 대분류,음료-B동,일화,001011,29-51,일화 프레주한라봉제주감귤240(110),240ml*30,30,277.3667,8321.001,316.6667,9500.001,0.1417,0,0,0,0,,,
기본 대분류,음료-B동,일화,001012,29-50,일화 프레주복숭아 240 (110),240ml*30,30,216.666666666667,6500.00000000001,276,8280,0.2738,0,0,0,0,,,
기본 대분류,음료-B동,일화,001013,29-50-01,일화 프레주망고240(110),240ml*30,30,216.666666666667,6500.00000000001,276,8280,0.2738,0,0,0,0,,,
기본 대분류,음료-B동,일화,001014,29-00-01,일화 옥수수수염차캔 340 (24입),340ml*24,24,357.5,8580,458,10992,0.2811,0,0,0,0,,,
기본 대분류,음료-B동,일화,001015,30-00,일화 아임보리 410(77),410*20,20,445,8900,550,11000,0.236,0,0,0,0,,,
기본 대분류,음료-B동,일화,001016,29-11,일화 고려홍삼디캔175*30(132),175ml*30,30,232,6960,266,7980,0.1466,0,0,0,0,,,
기본 대분류,기타,기타,001017,20-00,일렉팟 오토캐치 자동 무선충전 거치대 EP-1100,1개*박스,1,16000,16000,20000,20000,0.25,14,14,0,0,,,
기본 대분류,음료-B동,롯데칠성음료,001019,27-02,롯데칠성 이프로캔제로 240 (121),240ml*30,30,453.8,13614,550,16500,0.212,2700,90,0,0,,,
기본 대분류,음료-B동,롯데칠성음료,001020,27-02-01,롯데칠성  이프로350 (98),350ml*20,20,660.6,13212,800,16000,0.211,0,0,0,0,,,
기본 대분류,음료-B동,롯데칠성음료,001021,27-02-03,롯데칠성 이프로1.5(45),1.5L*12,12,1360.1667,16322.0004,1666.6667,20000.0004,0.2253,0,0,0,0,,,
기본 대분류,세제외-A동,CJ제일제당,001024,15-97,이츠웰 파인애플청크,3kg*6,6,9300,55800,10250,61500,0.1022,18,3,0,0,,,
기본 대분류,세제외-A동,CJ제일제당,001025,15-98,이츠웰 파인애플슬라이스,836*12,12,2900,34800,3191.6667,38300.000400000004,0.1006,132,11,0,0,,,
기본 대분류,음료-B동,한국청정음료,001027,14-51,이동크리스탈 500 (119),500ml*20,20,112.5,2250,225,4500,1,-120,-6,0,0,,,
기본 대분류,음료-B동,한국청정음료,001028,14-52,이동크리스탈 2L,2L*6,6,283.353,1700.118,500,3000,0.7646,0,0,0,0,,,
기본 대분류,세제외-A동,기타,001037,63-01,의성농협 미(20kg),20kg,1,42000,42000,46000,46000,0.0952,0,0,,0,,,
기본 대분류,세제외-A동,기타,001038,63-02,의성농협 미(10kg),10kg,1,21500,21500,26000,26000,0.2093,0,0,,0,,,
기본 대분류,세제외-A동,유한양행,001045,37-09,유한펑크린1L(50),1L*12,12,1850,22200,1875,22500,0.0135,684,57,0,0,,,
기본 대분류,세제외-A동,유한양행,001046,37-06,유한펑크린 2L(60),2L*6,6,3500,21000,5000,30000,0.4286,234,39,0,0,,,
기본 대분류,세제외-A동,유한양행,001047,37-02,유한락스후레쉬1L(55),1L*12,12,2360,28320,2750,33000,0.1653,984,82,0,0,,,
기본 대분류,세제외-A동,유한양행,001048,37-02.,유한락스후레쉬 2L(50),2L*6,6,4333.353,26000.118000000002,5166.6667,31000.0002,0.1923,390,65,0,0,,,
기본 대분류,세제외-A동,유한양행,001049,37-01.,유한락스레귤러2L(50),2L*6,6,4027.1317,24162.7902,4666.6667,28000.0002,0.1588,114,19,0,0,,,
기본 대분류,세제외-A동,유한양행,001050,37-01,유한락스레귤러1L(55),1L*12,12,2000,24000,2666.6667,32000.000400000004,0.3333,192,16,0,0,,,
기본 대분류,세제외-A동,유한양행,001051,37-08,유한락스(후로날)2L,2L*6,6,3000,18000,3333,19998,0.111,0,0,,0,,,
기본 대분류,통조림-C동,기타,001057,18-03,유성신창완두콩(大),3kg*6,6,3000,18000,4000,24000,0.3333,0,0,0,0,,,
기본 대분류,통조림-C동,기타,001058,18-09,유성신창완두콩 400g (100),400g*24,24,480,11520,600,14400,0.25,0,0,0,0,,,
기본 대분류,통조림-C동,유성물산,001059,10-08-02,유동황도슬라이스400 (96),400g*24,24,979,23496,1600,38400,0.6343,5895,245,15,0,,,
기본 대분류,통조림-C동,유성물산,001061,10-40,유동천일염고등어,400g*24,24,1375,33000,1500,36000,0.0909,0,0,,0,,,
기본 대분류,통조림-C동,유성물산,001062,10-21-02,유동순살왕꼬막매운맛 280,280g*24,24,3292,79008,3700,88800,0.1239,0,0,0,0,,,
기본 대분류,통조림-C동,유성물산,001063,10-21-04,유동순살왕꼬막&골뱅이 280,280g*24,24,3910,93840,4500,108000,0.1509,0,0,0,0,,,
기본 대분류,통조림-C동,유성물산,001064,10-21,유동순살왕꼬막 280,280g*24,24,3292,79008,3700,88800,0.1239,-18,0,-18,0,,,
기본 대분류,통조림-C동,유성물산,001065,10-29,유동번데기 280g(96),280g*24,24,1300,31200,1900,45600,0.4615,743,30,23,0,,,
기본 대분류,통조림-C동,유성물산,001066,10-07,유동번데기 130 (96),130g*48,48,700,33600,1100,52800,0.5714,13553,282,17,0,,,
기본 대분류,반품,반품,001067,60-01,유동반품,0,0,0,0,0,0,0,1,0,1,0,,,
기본 대분류,통조림-C동,유성물산,001068,10-09,유동매운골뱅이300g,300g*24,24,5200,124800,6000,144000,0.1538,0,0,0,0,,,
기본 대분류,통조림-C동,유성물산,001069,10-14,유동뚝배기번데기탕(얼큰한맛) (96),280g*24,24,1450,34800,2000,48000,0.3793,1944,81,0,0,,,
기본 대분류,통조림-C동,유성물산,001070,10-14-02,유동뚝배기번데기탕(구수한맛)(96),280g*24,24,1450,34800,2000,48000,0.3793,2040,85,0,0,,,
기본 대분류,통조림-C동,유성물산,001071,10-31,유동나들이어묵280g(시원한맛),280*24,24,968,23232,1100,26400,0.1364,0,0,,0,,,
기본 대분류,통조림-C동,유성물산,001072,10-32,유동나들이어묵280(얼큰한맛),280*24,24,968,23232,1100,26400,0.1364,0,0,,0,,,
기본 대분류,통조림-C동,유성물산,001073,10-15,유동꽁치덕용 (40),1.88kg*6,6,12800,76800,16000,96000,0.25,0,0,0,0,,,
기본 대분류,통조림-C동,유성물산,001074,10-04,유동꽁치 400(96),400g*24,24,2550,61200,3500,84000,0.3725,-348,-14,-12,0,,,
기본 대분류,통조림-C동,유성물산,001075,10-06,유동구슬골뱅이(소),140*48,48,2000,96000,2400,115200,0.2,0,0,0,0,,,
기본 대분류,통조림-C동,유성물산,001076,10-05,유동구슬골뱅이(대),400g*24,24,3500,84000,5000,120000,0.4286,0,0,0,0,,,
기본 대분류,통조림-C동,유성물산,001077,10,유동골뱅이400+황도400,황400+골뱅400,1,54000,54000,70000,70000,0.2963,0,0,0,0,,,
기본 대분류,통조림-C동,유성물산,001078,10-03,유동골뱅이3kg,3kg*6,6,30666.6666666667,184000.0000000002,35750,214500,0.1658,0,0,0,0,,,
기본 대분류,통조림-C동,유성물산,001079,10-00-02,유동골뱅이300(96),300g*24,24,6340,152160,8000,192000,0.2618,0,0,0,0,,,
기본 대분류,통조림-C동,유성물산,001080,10-01,유동골뱅이(中) 230(96),230g*24,24,4900,117600,6000,144000,0.2245,1032,43,0,0,,,
기본 대분류,통조림-C동,유성물산,001081,10-02,유동골뱅이(小) 140(96),140g*48,48,3150,151200,4000,192000,0.2698,1466,30,26,0,,,
기본 대분류,통조림-C동,유성물산,001082,10-00,유동골뱅이(大) 400 (88),400g*24,24,7950,190800,9000,216000,0.1321,-345,-14,-9,0,,,
기본 대분류,통조림-C동,유성물산,001083,10-13,유동고등어,400g*24,24,1900,45600,2500,60000,0.3158,0,0,0,0,,,
기본 대분류,음료-B동,농심,001091,24-04,웰치스포도1.5(72),1.5L*6,3,1400,4200,2200,6600,0.5714,0,0,0,0,,,
기본 대분류,음료-B동,농심,001092,24-05,웰치스포도 355 (110),355ml*24,24,612.5,14700,687.5,16500,0.1224,4224,176,0,0,,,
기본 대분류,음료-B동,농심,001093,24-06,웰치스포도 250(120),250ml*30,30,310,9300,350,10500,0.129,0,0,0,0,,,
기본 대분류,음료-B동,농심,001094,24-04-01,웰치스청포도1.5(72),1.5L*6,3,1400,4200,1666,4998,0.19,0,0,0,0,,,
기본 대분류,음료-B동,농심,001095,24-05-02,웰치스청포도 355 (110),355ml*24,24,612.5,14700,666.6667,16000.0008,0.0884,0,0,0,0,,,
기본 대분류,음료-B동,농심,001096,24-05-01,웰치스딸기 355 (110),355ml*24,24,612.5,14700,666.6667,16000.0008,0.0884,0,0,0,0,,,
기본 대분류,음료-B동,가야웅진,001106,23-32.,웅진홍삼꿀D100*100,100ml*100,100,227.27,22727,240,24000,0.056,0,0,0,0,,,
기본 대분류,음료-B동,가야웅진,001107,23-35,웅진헛개차500 (72)(66),500ml*20,20,535.7,10714,750,15000,0.4,-340,-17,0,0,,,
기본 대분류,음료-B동,가야웅진,001108,23-012,웅진하늘보리325 (112),325ml*20,20,519.2,10384,625,12500,0.2038,800,40,0,0,,,
기본 대분류,음료-B동,가야웅진,001109,23-18,웅진하늘보리 500 (72),500ml*20,20,561.65,11233,800,16000,0.4244,33760,1688,0,0,,,
기본 대분류,음료-B동,가야웅진,001110,23-17,웅진하늘보리 1.5(48),1.5L*12,12,1018.5,12222,1375,16500,0.35,1032,86,0,0,,,
기본 대분류,음료-B동,가야웅진,001111,32-35..,웅진코코몽포도200,200ml*24,24,416.666666666667,10000.00000000001,500,12000,0.2,0,0,0,0,,,
기본 대분류,음료-B동,해태음료,001112,32-33,웅진코코몽사과200,200ml*24,24,416.666666666667,10000.00000000001,500,12000,0.2,0,0,0,0,,,
기본 대분류,음료-B동,해태음료,001113,32-34,웅진코코몽딸기200,200ml*24,24,416.666666666667,10000.00000000001,500,12000,0.2,0,0,0,0,,,
기본 대분류,음료-B동,가야웅진,001114,23-19,웅진자연은초록매실캔 180 (132),180ml*30,30,241.6667,7250.001,300,9000,0.2414,31920,1064,0,0,,,
기본 대분류,음료-B동,가야웅진,001115,23-12,웅진자연은초록매실병 180,180ml*48병,48,460.0625,22083,552.0833,26499.9984,0.2,480,10,0,0,,,
기본 대분류,음료-B동,가야웅진,001116,23-08,웅진자연은초록매실 500 (72),500ml*20,20,1000,20000,1200,24000,0.2,700,35,0,0,,,
기본 대분류,음료-B동,가야웅진,001117,23-07,웅진자연은초록매실 1.5 (48),1.5L*12,12,1666.6667,20000.0004,2500,30000,0.5,1920,160,0,0,,,
기본 대분류,음료-B동,가야웅진,001119,23-20,웅진자연은포도병180,180ml*(12*4),48,511.3542,24545.0016,562.5,27000,0.1,1152,24,0,0,,,
기본 대분류,음료-B동,가야웅진,001120,23-38,웅진자연은포도 500,500ml*20,20,1000,20000,1200,24000,0.2,100,5,0,0,,,
기본 대분류,음료-B동,가야웅진,001121,23-31,웅진자연은포도 1.5 (48),1.5L*12,12,2173.9167,26087.000400000004,2500,30000,0.15,384,32,0,0,,,
기본 대분류,음료-B동,가야웅진,001122,23-03,웅진자연은토마토캔175,175ml*30,30,213.3333,6399.999,250,7500,0.1719,0,0,0,0,,,
기본 대분류,음료-B동,가야웅진,001123,23-30,웅진자연은토마토병180,180ml*(12*4),48,460.0625,22083,552.0833,26499.9984,0.2,240,5,0,0,,,
기본 대분류,음료-B동,가야웅진,001124,23-301,웅진자연은토마토340,340ml*24,24,625,15000,750,18000,0.2,0,0,0,0,,,
기본 대분류,음료-B동,가야웅진,001125,23-28,웅진자연은토마토1.5(48),1.5L*12,12,1785.75,21429,2500,30000,0.4,660,55,0,0,,,
기본 대분류,음료-B동,가야웅진,001126,23-29,웅진자연은토마토 500(72),500ml*20,20,1000,20000,1200,24000,0.2,160,8,0,0,,,
기본 대분류,음료-B동,가야웅진,001127,23-31-01,웅진자연은청포도1.5,1.5L*12,12,1250,15000,1500,18000,0.2,0,0,0,0,,,
기본 대분류,음료-B동,가야웅진,001128,23-101,웅진자연은종합병(알토망) (64),180ml*48병,48,427.875,20538,556.25,26700,0.3,1632,34,0,0,,,
기본 대분류,음료-B동,가야웅진,001129,23-10,웅진자연은제주감귤병180,180ml*(12*4),48,501.8958,24090.9984,552.0833,26499.9984,0.1,0,0,0,0,,,
기본 대분류,음료-B동,가야웅진,001130,23-10..,웅진자연은제주감귤500,500ml*20,20,666.65,13333,800,16000,0.2,0,0,0,0,,,
기본 대분류,음료-B동,가야웅진,001131,23-10…,웅진자연은제주감귤340,340ml*24,24,458.333333333333,10999.99999999999,604,14496,0.3178,0,0,,0,,,
기본 대분류,음료-B동,가야웅진,001132,23-10-01,웅진자연은제주감귤 1.5 (48),1.5L*12,12,916.6667,11000.0004,1375,16500,0.5,0,0,0,0,,,
기본 대분류,음료-B동,가야웅진,001133,23-33,웅진자연은오렌지병180,180ml*(12*4),48,501.8958,24090.9984,562.5,27000,0.1208,0,0,0,0,,,
기본 대분류,음료-B동,가야웅진,001134,23-15-01,웅진 자연은상큼오렌지 1.5(48),1.5L*12,12,1666.6667,20000.0004,2000,24000,0.2,132,11,0,0,,,
기본 대분류,음료-B동,가야웅진,001135,23-27,웅진자연은알로에병180,180ml*(12*4),48,460.0625,22083,552.0833,26499.9984,0.2,144,3,0,0,,,
기본 대분류,음료-B동,가야웅진,001136,23..,웅진자연은알로에340,340ml*24,24,625,15000,750,18000,0.2,0,0,0,0,,,
기본 대분류,음료-B동,가야웅진,001137,23-23-01,웅진자연은알로에 500 (72),500ml*20,20,1000,20000,1200,24000,0.2,240,12,0,0,,,
기본 대분류,음료-B동,가야웅진,001138,23-23,웅진자연은알로에 1.5(48),1.5L*12,12,1785.75,21429,2500,30000,0.4,276,23,0,0,,,
기본 대분류,음료-B동,가야웅진,001139,23-1,웅진자연은싱그런종합(오.포.알)180,180*48,48,428.8125,20583,556.25,26700,0.2972,0,0,0,0,,,
기본 대분류,음료-B동,가야웅진,001140,23-42,웅진자연은석류병 180,(180ml*12)*2,24,920.125,22083,1104.1667,26500.0008,0.2,0,0,0,0,,,
기본 대분류,음료-B동,가야웅진,001141,23-49,웅진자연은석류1.5,1.5L*12,12,1500,18000,2500,30000,0.6667,180,15,0,0,,,
기본 대분류,음료-B동,가야웅진,001142,23-34,웅진자연은사과캔,175ml*30,30,213.3333,6399.999,250,7500,0.1719,0,0,,0,,,
기본 대분류,음료-B동,가야웅진,001143,23-34-03,웅진자연은사과병 180,180ml*(12*4),48,501.8958,24090.9984,552.0833,26499.9984,0.1,96,2,0,0,,,
기본 대분류,음료-B동,가야웅진,001144,23-34-01,웅진자연은사과 1.5 (48),1.5L*12,12,1923.0833,23076.9996,2500,30000,0.3,96,8,0,0,,,
기본 대분류,음료-B동,가야웅진,001145,23-41,웅진자연은블루베리 1.5,1.5L*12,12,1500,18000,2500,30000,0.6667,12,1,0,0,,,
기본 대분류,음료-B동,가야웅진,001146,24-44,웅진자연은복분자병180,180*48,48,434.0417,20834.0016,447,21456,0.0299,0,0,0,0,,,
기본 대분류,음료-B동,가야웅진,001147,23-48.,웅진자연은망고캔180 (132),180ml*30,30,230,6900,300,9000,0.3043,2880,96,0,0,,,
기본 대분류,음료-B동,가야웅진,001148,23-48,웅진자연은망고병 180,180ml*(12*4),4,4825,19300,5500,22000,0.1399,0,0,,0,,,
기본 대분류,음료-B동,가야웅진,001149,23-50,웅진자연은망고 1.5 (48),1.5L*12,12,2083.3333,24999.999599999996,2500,30000,0.2,180,15,0,0,,,
기본 대분류,음료-B동,가야웅진,001150,23-43,웅진자연은당근병 180,180ml*(12*4),4,5208.5,20834,6000,24000,0.152,0,0,0,0,,,
기본 대분류,음료-B동,가야웅진,001151,23-45,웅진자연은당근 1.5,1.5L*12,12,2083.3333,24999.999599999996,2500,30000,0.2,72,6,0,0,,,
기본 대분류,음료-B동,가야웅진,001152,23-36,웅진자연은내사랑알로에캔180(132),180ml*30,30,213.353,6400.59,283.353,8500.59,0.3281,0,0,0,0,,,
기본 대분류,음료-B동,가야웅진,001153,23-16,웅진자연은고칼슘오렌지캔180 (132),180ml*30,30,233.335,7000.05,300,9000,0.2857,16890,563,0,0,,,
기본 대분류,음료-B동,가야웅진,001154,23-16-01,웅진자연은고칼슘오렌지병180,180ml*(12*4),4,5416.75,21667,6400,25600,0.1815,0,0,0,0,,,
기본 대분류,음료-B동,가야웅진,001155,23-14-01,웅진자연은고칼슘오렌지500,500ml*20,20,1083.3,21666,1300,26000,0.2,80,4,0,0,,,
기본 대분류,음료-B동,가야웅진,001156,23-15,웅진자연은고칼슘오렌지 1.5(48),1.5L*12,12,2083.3333,24999.999599999996,2500,30000,0.2,564,47,0,0,,,
기본 대분류,음료-B동,가야웅진,001157,81-11,웅진자연은 타트체리펫1.5(48),1.5L*12,12,1250,15000,1500,18000,0.2,0,0,0,0,,,
기본 대분류,음료-B동,가야웅진,001158,81-12,웅진자연은 샤인머스캣펫1.5(48),1.5L*12,12,1250,15000,1500,18000,0.2,0,0,0,0,,,
기본 대분류,음료-B동,가야웅진,001159,23--34-02,웅진은자연은사과 500,500ml*20,20,875,17500,1050,21000,0.2,0,0,0,0,,,
기본 대분류,음료-B동,가야웅진,001160,23-45.,웅진유기농하늘보리 200,200ml*24,24,458.333333333333,10999.99999999999,541,12984,0.1804,0,0,,0,,,
기본 대분류,음료-B동,가야웅진,001161,23-39-01,웅진옥수수수염차1.5 (48),1.5L*12,12,922.5833,11070.9996,1291.6667,15500.0004,0.4001,456,38,0,0,,,
기본 대분류,음료-B동,가야웅진,001162,23-05,웅진 맑게우려낸 누룽지500 (72),500ml*20,20,535.7,10714,700,14000,0.3067,1280,64,0,0,,,
기본 대분류,음료-B동,가야웅진,001163,23-11,웅진아침햇살병 180,180ml*(12*4),48,434.1667,20840.0016,520.8333,24999.9984,0.1996,384,8,0,0,,,
기본 대분류,음료-B동,가야웅진,001164,23-13,웅진아침햇살 500 (72),500ml*20,20,1000,20000,1200,24000,0.2,100,5,0,0,,,
기본 대분류,음료-B동,가야웅진,001165,23-09,웅진아침햇살 1.5 (48),1.5L*12,12,1666.6667,20000.0004,2500,30000,0.5,576,48,0,0,,,
기본 대분류,음료-B동,가야웅진,001166,23-41-01,웅진블루베리180병,180ml*(12*4),4,5208.5,20834,6400,25600,0.2288,0,0,0,0,,,
기본 대분류,반품,반품,001167,60-14,웅진반품,,1,0,0,0,0,0,5,5,0,0,,,
기본 대분류,음료-B동,가야웅진,001168,23-02,웅진매실캔(90)선물용,180ml*90,90,188.888888888889,17000.00000000001,233,20970,0.2335,0,0,,0,,,
기본 대분류,음료-B동,가야웅진,001169,23-19-02,웅진 초록매실 매실청 1.5 (48),1.5L*12,12,2500,30000,6666.6667,80000.00039999999,1.6667,0,0,0,0,,,
기본 대분류,음료-B동,가야웅진,001170,23-39.,웅진맑은땅옥수수수염차캔180,180ml*30,30,200,6000,266.6667,8000.001,0.3333,0,0,0,0,,,
기본 대분류,음료-B동,가야웅진,001171,23-332-1,웅진내사랑포도팩185,185ml*24,24,208.3333,4999.9992,250,6000,0.2,0,0,0,0,,,
기본 대분류,음료-B동,가야웅진,001172,24-46,웅진내사랑제주감귤,1.5L*12,12,791.6667,9500.0004,1000,12000,0.2632,0,0,,0,,,
기본 대분류,음료-B동,가야웅진,001173,23-332,웅진내사랑유자병180,180ml*(12*4),48,460.0625,22083,552.0833,26499.9984,0.2,0,0,0,0,,,
기본 대분류,음료-B동,가야웅진,001174,23-330,웅진내사랑유자펫280,280ml*24,24,659.7083,15832.9992,791.6667,19000.0008,0.2,0,0,0,0,,,
기본 대분류,음료-B동,가야웅진,001175,21-91,웅진꿀홍삼병180 (64),180ml*(12*4),48,460.0625,22083,552.0833,26499.9984,0.2,1056,22,0,0,,,
기본 대분류,음료-B동,가야웅진,001176,21-910,웅진꿀홍삼280펫,280ml*24,24,659.7083,15832.9992,791.6667,19000.0008,0.2,0,0,0,0,,,
기본 대분류,음료-B동,가야웅진,001177,23-32,웅진꿀홍삼1.5,1.5L*12,12,2250,27000,0,0,-1,0,0,,0,,,
기본 대분류,음료-B동,가야웅진,001178,21-91.,웅진꿀물헛개병 180,180ml*(12*4),48,416.6667,20000.0016,500,24000,0.2,0,0,,0,,,
기본 대분류,음료-B동,가야웅진,001179,23-333,웅진결명자차500 (72),500ml*20,20,555.55,11111,750,15000,0.35,920,46,0,0,,,
기본 대분류,음료-B동,가야웅진,001182,26-25,웅진815사이다캔250,250*30,30,340,10200,0,0,-1,0,0,,0,,,
기본 대분류,음료-B동,가야웅진,001183,26-27,웅진815사이다1.5,1.5*12,12,1000,12000,0,0,-1,0,0,,0,,,
기본 대분류,음료-B동,가야웅진,001184,23-44,웅진[내사랑]토마토 1.5(48),1.5L*12,12,1008.3333,12099.9996,1250,15000,0.2397,0,0,0,0,,,
기본 대분류,음료-B동,가야웅진,001185,24-45,웅진[내사랑]알로에1.5(48),1.5L*12,12,1008.3333,12099.9996,1250,15000,0.2397,0,0,0,0,,,
기본 대분류,음료-B동,가야웅진,001186,23-01-01,웅진/아침햇살캔180,180ml*30,30,350,10500,400,12000,0.1429,0,0,0,0,,,
기본 대분류,음료-B동,가야웅진,001187,23-01,웅진/아침햇살캔(선물용)180 (48),180*(15*6),6,4050,24300,5250,31500,0.2963,0,0,0,0,,,
기본 대분류,음료-B동,가야웅진,001188,26-27-03,웅진 티즐 제로 피치우롱티500 (80),500ml*20,20,707.3,14146,850,17000,0.2018,320,16,0,0,,,
기본 대분류,음료-B동,가야웅진,001189,26-27-02,웅진 티즐 제로 유자그린티500 (80),500ml*20,20,707.3,14146,850,17000,0.2018,220,11,0,0,,,
기본 대분류,음료-B동,가야웅진,001190,23-22,웅진 옥수수수염차500 (72),500ml*20,20,535.7,10714,750,15000,0.4,1460,73,0,0,,,
기본 대분류,기타,기타,001193,200-04,운임,,1,0,0,0,0,0,7,7,0,0,,,
기본 대분류,음료-B동,남양유업,001195,21-69,우엉차0.5/남양,500*20,20,510,10200,700,14000,0.3725,0,0,,0,,,
기본 대분류,세제외-A동,CJ제일제당,001197,36-69,우리쌀진골드초고추장14kg,14kg,1,26500,26500,30000,30000,0.1321,0,0,,0,,,
기본 대분류,세제외-A동,CJ제일제당,001208,15-87-01,올리고당1.2(요리)1.2*500*9,1.2*500*9,9,2100,18900,2333,20997,0.111,0,0,0,0,,,
기본 대분류,세제외-A동,CJ제일제당,001209,15-87,올리고당1.2(리뉴얼)1.2+500*9,1.2+500*9,9,2100,18900,2333,20997,0.111,0,0,,0,,,
기본 대분류,기타,기타,001210,42-77,온장고3단,,1,110000,110000,130000,130000,0.1818,-1,-1,0,0,,,
기본 대분류,기타,기타,001211,42-76,온장고2단,,1,90000,90000,150000,150000,0.6667,0,0,0,0,,,
기본 대분류,세제외-A동,농심,001227,54-20,오징어짬뽕멀티/농심(56),(5*8),40,846.4,33856,1127.5,45100,0.3321,0,0,0,0,,,
기본 대분류,음료-B동,동서식품,001235,01-53,오션/크랜베리 3 L,3L*6,6,5800,34800,6333,37998,0.0919,0,0,,0,,,
기본 대분류,음료-B동,동서식품,001236,24-40,오션/크랜베리 1.89 L,1.89*8,8,4459.75,35678,5000,40000,0.1211,0,0,0,0,,,
기본 대분류,음료-B동,동서식품,001237,24-40.,오션/루비레드(자몽) 1.89 L,1.89*8,8,4459.75,35678,5000,40000,0.1211,0,0,0,0,,,
기본 대분류,음료-B동,동아오츠카,001246,28-24-01,오로나민C 10입*5개(64),120ml*(10입*5),50,594.32,29716.000000000004,700,35000,0.1778,950,19,0,0,,,
기본 대분류,음료-B동,동아오츠카,001249,28-20,오란씨파인애플250,250ml*30,30,364.9333,10947.999,466.6667,14000.001,0.2788,630,21,0,0,,,
기본 대분류,음료-B동,동아오츠카,001250,28-19,오란씨파인 500,500ml*20,20,664.7,13294,900,18000,0.354,200,10,0,0,,,
기본 대분류,음료-B동,동아오츠카,001251,28-15,오란씨파인 1.5 (40),1.5L*12,12,1173,14076,1500,18000,0.2788,564,47,0,0,,,
기본 대분류,음료-B동,동아오츠카,001252,28-20-01,오란씨오렌지250,250ml*30,30,364.9333,10947.999,466.6667,14000.001,0.2788,180,6,0,0,,,
기본 대분류,음료-B동,동아오츠카,001253,28-19-02,오란씨오렌지 500,500ml*20,20,625,12500,0,0,-1,0,0,,0,,,
기본 대분류,음료-B동,동아오츠카,001254,28-09,오란씨오렌지 1.5,1.5L*12,12,1173,14076,1500,18000,0.2788,108,9,0,0,,,
기본 대분류,음료-B동,동아오츠카,001255,28-20-02,오란씨깔라만시250,250*30,30,300,9000,413,12390,0.3767,0,0,,0,,,
기본 대분류,음료-B동,동아오츠카,001256,28-21,오란씨355*24(파인),355ml*24,24,488.75,11730,625,15000,0.2788,0,0,,0,,,
기본 대분류,세제외-A동,오뚜기,001266,39-25,오뚜기카레 약간매운맛 1kg,1Kg*10,10,6300,63000,3700,37000,-0.4127,0,0,0,0,,,
기본 대분류,세제외-A동,오뚜기,001267,39-26,오뚜기카레 순한맛 1kg,1kg*10,10,3500,35000,4000,40000,0.1429,0,0,,0,,,
기본 대분류,세제외-A동,오뚜기,001268,39-28,오뚜기카레 매운맛 1kg,1kg*10,10,3500,35000,3700,37000,0.0571,0,0,,0,,,
기본 대분류,세제외-A동,오뚜기,001274,39-03.,오뚜기중면900g(10입),900*10,10,1500,15000,1700,17000,0.1333,10,1,0,0,,,
기본 대분류,세제외-A동,오뚜기,001275,39-03,오뚜기중면900g,900g*15,15,1000,15000,2600,39000,1.6,0,0,0,0,,,
기본 대분류,반품,반품,001276,60-12,오뚜기제품반품,0,0,0,0,0,0,0,0,0,,0,,,
기본 대분류,세제외-A동,오뚜기,001297,39-18,오뚜기식용유18L(60),18L,1,62000,62000,75000,75000,0.2097,0,0,0,0,,,
기본 대분류,세제외-A동,오뚜기,001317,39-126-05,오뚜기밥210g(8입) 72,8입*3,3,6160,18480,7333,21999,0.1904,0,0,0,0,,,
기본 대분류,세제외-A동,오뚜기,001318,39-126-04,오뚜기밥210g(6입),6입*4,4,4950,19800,5850,23400,0.1818,0,0,,0,,,
기본 대분류,세제외-A동,오뚜기,001319,39-126-03,오뚜기밥210g(4입),(4입*6),6,2640,15840,3333,19998,0.2625,0,0,0,0,,,
기본 대분류,세제외-A동,오뚜기,001320,39-29.,오뚜기밥210g 24입 (64),210*24,24,650,15600,875,21000,0.3462,0,0,,0,,,
기본 대분류,세제외-A동,오뚜기,001321,39-29..,오뚜기밥200g (10입)/56,10입*3,3,6750,20250,10000,30000,0.4815,0,0,0,0,,,
기본 대분류,세제외-A동,오뚜기,001322,39-126-02,오뚜기밥 210g (3입),3입*8,8,1980,15840,2475,19800,0.25,0,0,,0,,,
기본 대분류,세제외-A동,오뚜기,001323,39-126-06,오뚜기밥 210g (12입) (104)(120),(12입*210g),12,786.2879,9435.4548,850,10200,0.081,5616,468,0,0,,,
기본 대분류,세제외-A동,오뚜기,001326,39-39,오뚜기마일드참치 200*36,200g*36,36,1100,39600,1450,52200,0.3182,0,0,,0,,,
기본 대분류,세제외-A동,오뚜기,001340,39-07,오뚜기 옛날당면1kg,1k*10,10,6400,64000,7200,72000,0.125,0,0,0,0,,,
기본 대분류,세제외-A동,오뚜기,001343,39-27-01,오뚜기/참깨라면멀티 4입,4*8=32,32,703.125,22500,906,28992,0.2885,0,0,,0,,,
기본 대분류,세제외-A동,오뚜기,001344,39-93-02,오뚜기/참깨라면멀티,5*8,8,2750,22000,3500,28000,0.2727,0,0,0,0,,,
기본 대분류,세제외-A동,오뚜기,001345,39-27,오뚜기/참깨라면기획(5+1),(5+1)*8,8,2875,23000,3250,26000,0.1304,0,0,,0,,,
기본 대분류,세제외-A동,오뚜기,001347,39-09,오뚜기/참기름350ml캔,350ml*12,12,3400,40800,4166,49992,0.2253,0,0,,0,,,
기본 대분류,세제외-A동,오뚜기,001348,39-06-01,오뚜기/자른당면500g,500g*20,20,4718,94360,6000,120000,0.2717,0,0,0,0,,,
기본 대분류,세제외-A동,오뚜기,001349,39-100,오뚜기/옛날참기름병320,320*12,12,2750,33000,3500,42000,0.2727,0,0,,0,,,
기본 대분류,세제외-A동,오뚜기,001350,39-80..,오뚜기/옛날참기름450ml(102),450ml*12,12,4650,55800,6500,78000,0.3978,540,45,0,0,,,
기본 대분류,세제외-A동,오뚜기,001351,39-102,오뚜기/옛날자른당면300g(20개입),300g*20,20,1950,39000,2250,45000,0.1538,0,0,,0,,,
기본 대분류,세제외-A동,오뚜기,001352,39-06,오뚜기/옛날당면500,500*20,20,4718,94360,6000,120000,0.2717,0,0,0,0,,,
기본 대분류,세제외-A동,오뚜기,001353,39-101,오뚜기/옛날당면300g(20개입),300g*20),20,2016,40320,2250,45000,0.1161,0,0,,0,,,
기본 대분류,세제외-A동,오뚜기,001354,39-05,오뚜기/옛날당면300g,300g*30,30,1933.3333,57999.999,2166,64980,0.1203,0,0,,0,,,
기본 대분류,세제외-A동,오뚜기,001355,39-93-01,오뚜기/열라면멀티,5*8,8,1437.5,11500,1875,15000,0.3043,0,0,,0,,,
기본 대분류,세제외-A동,오뚜기,001357,39-10,오뚜기/알뜰당면1k,1k*10,10,2650,26500,3500,35000,0.3208,0,0,,0,,,
기본 대분류,세제외-A동,오뚜기,001358,39-17.,오뚜기/식용유1.8*8,1.8*8,8,4227.875,33823,4500,36000,0.0644,0,0,,0,,,
기본 대분류,세제외-A동,오뚜기,001359,39-01,오뚜기/소면3k,3k*4,4,7000,28000,9000,36000,0.2857,0,0,0,0,,,
기본 대분류,세제외-A동,오뚜기,001360,39-02,오뚜기/소면(900*15) (70),900g*15,15,2336,35040,2800,42000,0.1986,0,0,0,0,,,
기본 대분류,세제외-A동,오뚜기,001367,39-08,오뚜기/고소한참기름1000ml,1000*8*(80),8,9243.75,73950,12200,97600,0.3198,0,0,0,0,,,
기본 대분류,세제외-A동,오뚜기,001369,39-94-01,오뚜기 진비빔면 (84),4*8,32,468.75,15000,593.75,19000,0.2667,0,0,0,0,,,
기본 대분류,세제외-A동,오뚜기,001370,39-09-01,오뚜기 옛날쌀떡국 108.6g*12,181.6g*12,12,2070,24840,2583,30996,0.2478,0,0,,0,,,
기본 대분류,세제외-A동,오뚜기,001371,39-95-01,오뚜기 김치라면멀티 (84),4*8,8,2000,16000,2200,17600,0.1,0,0,0,0,,,
기본 대분류,음료-B동,해태음료,001380,22-57,영진구론산 스파클링오리지날 150 ml*30(64),150*30,30,512.2,15366.000000000002,866.6667,26000.001,0.692,330,11,0,0,,,
기본 대분류,음료-B동,해태음료,001381,22-56,영진구론산 바몬드오리지날 150ml*30(64),150*30,30,510,15300,866.6667,26000.001,0.6993,4320,144,0,0,,,
기본 대분류,음료-B동,그래미,001386,25-59,여명1004 119ml(곽),(119ml*15병),15,4444,66660,6000,90000,0.3501,0,0,0,0,,,
기본 대분류,통조림-C동,엘지,001392,07-31-05,엘지쓰임가득16호(엘지3호)/6세트-(BOX),6세트,6,8300,49800,12500,75000,0.506,0,0,0,0,,,
기본 대분류,통조림-C동,엘지,001393,07-31-06,엘지쓰임가득16호(엘지3호)/1세트,1set,1,8300,8300,11000,11000,0.3253,0,0,0,0,,,
기본 대분류,통조림-C동,엘지,001394,07-31-02,엘지쓰임가득 두배세트*6 -(BOX),6set,6,8650,51900,12500,75000,0.4451,0,0,0,0,,,
기본 대분류,통조림-C동,엘지,001397,07-31,엘지 생활의감동y호/6세트(32),(샴푸2+바디워시1+치약2+비누2+페리오캐5)*6,6,11000,66000,15000,90000,0.3636,0,0,0,0,,,
기본 대분류,통조림-C동,엘지,001398,07-32,엘지1호*6-(BOX),6set,6,6300,37800,9167,55002,0.4551,0,0,,0,,,
기본 대분류,세제외-A동,기타,001416,40-12,에프킬라 에어로졸 킨500*24(48),500*24,24,1900,45600,2500,60000,0.3158,0,0,0,0,,,
기본 대분류,세제외-A동,기타,001417,36-112,에탄올워셔액(유니켐),1.8L*12,12,1108.3333,13299.9996,1333,15996,0.2027,0,0,0,0,,,
기본 대분류,기타,기타,001419,51-04,에어캪(小)뽁뽁이,50*50,50,66,3300,96,4800,0.4545,0,0,0,0,,,
기본 대분류,세제외-A동,기타,001421,81-02,에스 미라클 타이거 스네일 80 마스크팩 25ml,25ml*12,12,566.6667,6800.0004,1133,13596,0.9994,0,0,0,0,,,
기본 대분류,음료-B동,롯데칠성음료,001423,01-50,에비앙500 (96),500ml*24,24,825,19800,1041.6667,25000.0008,0.2626,2568,107,0,0,,,
기본 대분류,통조림-C동,동원에프앤비,001430,11-15,양반김4D호,8*김*24,24,833.3333,19999.9992,1041,24984,0.2492,0,0,0,0,,,
기본 대분류,파렛트,파렛트,001431,22-61,야쿠르트파렛트,,0,0,0,0,0,0,1,0,1,0,,,
기본 대분류,세제외-A동,피죤,001442,01-26,액츠(일반)3.0/용기,3.0*4,4,5375,21500,6500,26000,0.2093,0,0,0,0,,,
기본 대분류,세제외-A동,피죤,001443,01-28,액츠(일반)2.0/리필,2.0*2*4,8,3125,25000,3500,28000,0.12,0,0,0,0,,,
기본 대분류,세제외-A동,피죤,001444,01-25,액츠(드럼)3.0/용기,3.0*4,4,6500,26000,6500,26000,0,0,0,,0,,,
기본 대분류,세제외-A동,피죤,001445,01-29,액츠(드럼)2.0/리필,2.0*2*4,8,2750,22000,5062,40496,0.8407,0,0,0,0,,,
기본 대분류,통조림-C동,애경,001447,45-13,애경행복3-1*5-(BOX),(3-1*5세트,5,7300,36500,11000,55000,0.5068,0,0,0,0,,,
기본 대분류,세제외-A동,애경,001448,02-18,애경트리오400g,400g*30,30,700,21000,800,24000,0.1429,0,0,0,0,,,
기본 대분류,세제외-A동,애경,001450,02-59,애경울샴푸1.3(리필),1.3*9,9,5556,50004,7778,70002,0.3999,0,0,0,0,,,
기본 대분류,통조림-C동,애경,001452,45-20,애경사랑1호*7-(BOX),7set,7,5500,38500,8571.4286,60000.000199999995,0.5584,0,0,0,0,,,
기본 대분류,세제외-A동,애경,001453,45-42,애경브라보주방세제14L,14L,1,10800,10800,11000,11000,0.0185,0,0,,0,,,
기본 대분류,통조림-C동,애경,001454,45-14,애경3호*6-(BOX),6set,6,8000,48000,10833,64998,0.3541,0,0,0,0,,,
기본 대분류,세제외-A동,애경,001455,02-29-03,애경2080미세모칫솔(5+5),(5+5)*8,8,3187.5,25500,4000,32000,0.2549,0,0,,0,,,
기본 대분류,세제외-A동,애경,001456,02-29,애경2080( 탄력모)칫솔(5+5),(5+5)*8,8,3187.5,25500,4000,32000,0.2549,0,0,0,0,,,
기본 대분류,음료-B동,코카콜라,001458,31-47-08,환타밀크소다 500ml,500ml*24,24,729.17,17500.079999999998,916,21984,0.2562,0,0,0,0,,,
기본 대분류,음료-B동,코카콜라,001459,31-28-02,암바사 1.5L,1.5*12,12,1241.6667,14900.0004,1458,17496,0.1742,0,0,0,0,,,
기본 대분류,세제외-A동,농심,001461,01-09,농심새우깡90g / 56,90g*20,20,810,16200,950,19000,0.1728,0,0,0,0,,,
기본 대분류,세제외-A동,농심,001470,54-02,안성탕면멀티/농심,(5*8),40,575,23000,750,30000,0.3043,0,0,0,0,,,
기본 대분류,파렛트,파렛트,001472,26-15.,아주파렛트,,1,0,0,0,0,0,22216,22216,0,0,,,
기본 대분류,파렛트,파렛트,001473,20-11.,아주광동파렛트,,1,0,0,0,0,0,-50,-50,0,0,,,
기본 대분류,음료-B동,롯데칠성음료,001474,27-100,아이시스300/롯데칠성 (152),300*20,20,171.8,3436,200,4000,0.1641,0,0,0,0,,,
기본 대분류,음료-B동,기타음료,001475,65-04-03,아이스헤이즐넛향 230ml,230ml*10,10,348,3480,500,5000,0.4368,0,0,0,0,,,
기본 대분류,음료-B동,기타음료,001476,65-04-06,아이스티복숭아230ml,230ml*10,10,370,3700,500,5000,0.3514,0,0,0,0,,,
기본 대분류,음료-B동,롯데칠성음료,001477,65-04-01,아이스테디레몬밤 천도복숭아 230ml,230ml*10,10,347,3470,500,5000,0.4409,0,0,0,0,,,
기본 대분류,음료-B동,롯데칠성음료,001478,65-04-02,아이스테디레몬밤 자몽230ml,230ml*10,10,370,3700,500,5000,0.3514,0,0,0,0,,,
기본 대분류,음료-B동,롯데칠성음료,001479,65-04,아이스테디 레몬밤석류230ml,230ml*10,10,370,3700,500,5000,0.3514,0,0,0,0,,,
기본 대분류,음료-B동,롯데칠성음료,001480,65-04-04,아이스아메리카노블랙 230ml,230ml*10,10,343,3430,500,5000,0.4577,0,0,0,0,,,
기본 대분류,음료-B동,롯데칠성음료,001481,65-04-05,아이스스위트아메리카노 230ml,230ml*10,10,340,3400,500,5000,0.4706,0,0,0,0,,,
기본 대분류,음료-B동,매일유업,001487,25-27,아몬드브리즈오리지날950ml/매일,950*10,10,1848,18480,2200,22000,0.1905,0,0,0,0,,,
기본 대분류,음료-B동,매일유업,001488,25-29,아몬드브리즈언스위트950ml/매일,950*10,10,1848,18480,2200,22000,0.1905,0,0,,0,,,
기본 대분류,세제외-A동,제일참,001491,29-29-05,아망아망 물티슈캡형100매*20(72),100매*20,20,572,11440,750,15000,0.3112,10120,506,0,0,,,
기본 대분류,반품,반품,001495,60-18,씨제이제품반품,,0,0,0,0,0,0,0,0,,0,,,
기본 대분류,음료-B동,코카콜라,001499,100-100,씨그램플레인 350(pet),350ml*24,24,490,11760,616.6667,14800.0008,0.2585,1632,68,0,0,,,
기본 대분류,음료-B동,코카콜라,001500,100-100-02,씨그램레몬 350(pet),350ml*24,24,490,11760,616.6667,14800.0008,0.2585,1032,43,0,0,,,
기본 대분류,음료-B동,코카콜라,001501,100-100-01,씨그램라임 350(pet),350ml*24,24,490,11760,616.6667,14800.0008,0.2585,48,2,0,0,,,
기본 대분류,음료-B동,코카콜라,001502,100-100-03,씨그램 워터 아티스트,500*20,20,0,0,0,0,0,0,0,,0,,,
기본 대분류,음료-B동,해태음료,001503,32-15,썬키스트훼미리포도,180ml*30,36,382.222222222222,13759.999999999993,444,15984,0.1616,0,0,,0,,,
기본 대분류,음료-B동,해태음료,001504,32-16,썬키스트훼미리오렌지,180ml*30,36,361.666666666667,13020.000000000013,444,15984,0.2276,0,0,,0,,,
기본 대분류,음료-B동,해태음료,001505,32-24-05,썬키스트제주감귤180,180ml*30,30,173.333333333333,5199.99999999999,250,7500,0.4423,0,0,0,0,,,
기본 대분류,음료-B동,광동제약,001506,32-16-04,광동 썬키스트 자몽소다뚱캔355 (110),355ml*24,24,535,12840,687.5,16500,0.285,1560,65,0,0,,,
기본 대분류,음료-B동,해태음료,001507,32-24-03,해태과일촌우리배175,175ml*30,30,247.0333,7410.999,326.6667,9800.001,0.3224,0,0,0,0,,,
기본 대분류,음료-B동,해태음료,001508,32-24-14,썬키스트옥수수180,180ml*30,30,166.666666666667,5000.00000000001,266,7980,0.596,0,0,0,0,,,
기본 대분류,음료-B동,해태음료,001509,32-24-13,썬키스트오렌지180,180ml*30,30,166.666666666667,5000.00000000001,250,7500,0.5,0,0,0,0,,,
기본 대분류,음료-B동,해태음료,001510,32-24,썬키스트알로에180,180ml*30,30,173.333333333333,5199.99999999999,400,12000,1.3077,0,0,,0,,,
기본 대분류,음료-B동,해태음료,001511,32-24-08,썬키스트석류180,180ml*30,30,173.333333333333,5199.99999999999,200,6000,0.1538,0,0,0,0,,,
기본 대분류,음료-B동,해태음료,001512,32-16-12,썬키스트샤인온더비치뚱캔340,340ml*24,24,429.1667,10300.0008,550,13200,0.2816,0,0,,0,,,
기본 대분류,음료-B동,해태음료,001514,32-24-12,썬키스트사과 180,180ml*30,30,173.333333333333,5199.99999999999,183,5490,0.0558,0,0,0,0,,,
기본 대분류,음료-B동,해태음료,001515,32-16-11,썬키스트블루하와이뚱캔340,340ml*24,24,512.75,12306,712.5,17100,0.3896,0,0,0,0,,,
기본 대분류,음료-B동,해태음료,001516,32-24-06,썬키스트블루하와이180,180ml*30,30,173.333333333333,5199.99999999999,250,7500,0.4423,0,0,0,0,,,
기본 대분류,음료-B동,해태음료,001517,32-16-13,썬키스트모히또뚱캔340,340ml*24,24,429.1667,10300.0008,550,13200,0.2816,0,0,,0,,,
기본 대분류,음료-B동,해태음료,001518,32-16-03,썬키스트멜론소다뚱캔355,355ml*24,24,429.1667,10300.0008,550,13200,0.2816,0,0,,0,,,
기본 대분류,음료-B동,해태음료,001519,32-24-01,썬키스트매실180,180ml*30,30,180,5400,283,8490,0.5722,0,0,0,0,,,
기본 대분류,음료-B동,해태음료,001520,32-24-02,썬키스트망고180,180ml*30,30,173.333333333333,5199.99999999999,383,11490,1.2096,0,0,0,0,,,
기본 대분류,음료-B동,해태음료,001521,32-40,해태 미닛메이드 레몬에이드뚱캔340,340ml*24,24,429.1667,10300.0008,550,13200,0.2816,-96,-4,0,0,,,
기본 대분류,음료-B동,해태음료,001522,32-38-02,썬키스트드링크포도240,240*30,30,233.3333,6999.999,266,7980,0.14,0,0,,0,,,
기본 대분류,음료-B동,해태음료,001523,32-38-06,썬키스트드링크제주자몽240,240*30,30,233.3333,6999.999,266,7980,0.14,0,0,,0,,,
기본 대분류,음료-B동,해태음료,001524,32-38-05,썬키스트드링크제주감귤240,240*30,30,233.3333,6999.999,266,7980,0.14,0,0,,0,,,
기본 대분류,음료-B동,해태음료,001525,32-38,썬키스트드링크오렌지240,240*30,30,233.3333,6999.999,266,7980,0.14,0,0,,0,,,
기본 대분류,음료-B동,해태음료,001526,32-38-04,썬키스트드링크석류240,240*30,30,266.6667,8000.001,300,9000,0.125,0,0,,0,,,
기본 대분류,음료-B동,해태음료,001527,32-38-01,썬키스트드링크사과240,240*30,30,233.3333,6999.999,266,7980,0.14,0,0,,0,,,
기본 대분류,음료-B동,해태음료,001528,32-38-07,썬키스트드링크망고240,240*30,30,500,15000,667,20010,0.334,0,0,,0,,,
기본 대분류,음료-B동,해태음료,001529,32-38-03,썬키스트드링크 머스캣240 (청포도),240*30,30,233.3333,6999.999,266,7980,0.14,0,0,,0,,,
기본 대분류,음료-B동,해태음료,001531,32-24-11,썬키스트 머스캣 180 (청포도),175ml*30,30,243.343,7300.29,326.6667,9800.001,0.3424,0,0,0,0,,,
기본 대분류,음료-B동,해태음료,001532,23-25-14,썬키스트 로보카폴리포도 210,210*20,20,520,10400,675,13500,0.2981,0,0,0,0,,,
기본 대분류,음료-B동,해태음료,001533,23-25-15,썬키스트 로보카폴리사과 210,210*20,20,520,10400,675,13500,0.2981,0,0,0,0,,,
기본 대분류,음료-B동,해태음료,001534,23-25-16,썬키스트 로보카폴리딸기 210,210*20,20,520,10400,675,13500,0.2981,0,0,0,0,,,
기본 대분류,음료-B동,해태음료,001535,32-24-09,썬키스트 과일사이다 체리  380ml,380ml*24,24,666.666666666667,16000.000000000007,937,22488,0.4055,0,0,0,0,,,
기본 대분류,음료-B동,해태음료,001536,32-24-10,썬키스트 과일사이다 딸기키위 380ml,380ml*24,24,666.666666666667,16000.000000000007,937,22488,0.4055,0,0,0,0,,,
기본 대분류,음료-B동,해태음료,001537,32-24-07,썬키스트 과일사이다  파인애플 380,380ml*24,24,666.666666666667,16000.000000000007,937,22488,0.4055,0,0,0,0,,,
기본 대분류,음료-B동,해태음료,001538,81-19,썬키스트 겨울왕국포도210,(210*20),20,587.85,11757,750,15000,0.2758,0,0,0,0,,,
기본 대분류,음료-B동,해태음료,001539,81-18,썬키스트 겨울왕국딸기210,(210*20),20,630.35,12607,750,15000,0.1898,0,0,0,0,,,
기본 대분류,세제외-A동,세안,001543,36-01,썬연료부탄가스*28입 (80/70),4*7 (80/70),7,3766.7143,26367.0001,4285.7143,30000.000099999997,0.1378,56,8,0,0,,,
기본 대분류,음료-B동,해태음료,001548,32-35,써니텐포도250*30,250ml*30,30,410,12300,433,12990,0.0561,0,0,0,0,,,
기본 대분류,음료-B동,해태음료,001549,32-51,써니텐포도1.5,1.5L*12,12,1135.8333,13629.9996,1416.6667,17000.0004,0.2472,0,0,0,0,,,
기본 대분류,음료-B동,해태음료,001550,32-35.,써니텐파인250*30,250ml*30,30,485,14550,550,16500,0.134,0,0,0,0,,,
기본 대분류,음료-B동,해태음료,001551,32-52,써니텐파인1.5,1.5L*12,12,1469.75,17637,1666.6667,20000.0004,0.134,0,0,0,0,,,
기본 대분류,음료-B동,해태음료,001552,32-36,써니텐파인0.5*20,0.5*20,20,720,14400,800,16000,0.1111,0,0,,0,,,
기본 대분류,음료-B동,해태음료,001553,32-12,써니텐오렌지1.5,1.5L*12,12,1135.75,13629,1416.6667,17000.0004,0.2473,0,0,0,0,,,
기본 대분류,음료-B동,롯데칠성음료,001554,27-03-01,실론티(업소)175(154),175ml*30,30,302.5455,9076.365,366.6667,11000.001,0.2119,2520,84,0,0,,,
기본 대분류,음료-B동,롯데칠성음료,001555,27-03,실론티 250 (121)(110),250ml*30,30,429.535,12886.050000000001,520,15600,0.2106,7680,256,0,0,,,
기본 대분류,음료-B동,그래미,001559,25-59-03,신형 여명808 (15*6곽),119ml*90,90,2420,217800,3055.5556,275000.004,0.2626,90,1,0,0,,,
기본 대분류,세제외-A동,농심,001566,54-01,농심 신라면멀티 (56),(5*8),40,680.9091,27236.363999999998,800,32000,0.1749,120,3,0,0,,,
기본 대분류,세제외-A동,농심,001568,54-04,신라면30입,30개,1,16000,16000,18000,18000,0.125,0,0,0,0,,,
기본 대분류,음료-B동,코카콜라,001576,31-17,스프라이트캔 355(업소) (88/100),355ml*24,24,553.9583,13294.9992,700,16800,0.2636,4416,184,0,0,,,
기본 대분류,음료-B동,코카콜라,001577,31-09-09,스프라이트제로1.5 (일반)/44,1.5L*12,12,1150,13800,1458,17496,0.2678,0,0,0,0,,,
기본 대분류,음료-B동,코카콜라,001578,31-09,스프라이트(일반) 1.5 (55),1.5L*12,12,1400,16800,2025,24300,0.4464,0,0,0,0,,,
기본 대분류,음료-B동,코카콜라,001579,31-09-01,스프라이트(업소) 1.5 (44)(40),1.5L*12,12,1000.5,12006,1266.6667,15200.0004,0.266,1728,144,0,0,,,
기본 대분류,음료-B동,코카콜라,001581,31-09-05,스프라이트 500(일반)/48,500ml*24,24,920.8334,22100.0016,1300,31200,0.4118,0,0,0,0,,,
기본 대분류,음료-B동,코카콜라,001582,31-09-06,스프라이트 500(업소용)/48,500ml*24,24,574.125,13779,633.3333,15199.9992,0.1031,120,5,0,0,,,
기본 대분류,음료-B동,코카콜라,001583,31-17-01,스프라이트 250(99),250ml*30,30,521.6886,15650.658,583.335,17500.050000000003,0.1182,4170,139,0,0,,,
기본 대분류,음료-B동,코카콜라,001584,31-17-02,스프라이트 190,190ml*30,30,451.2333,13536.999,570,17100,0.2632,4560,152,0,0,,,
기본 대분류,음료-B동,코카콜라,001585,31-09-02,스프라이트 1.5(일반)6입,1.5L*6,6,1333.3333,7999.9998,1441,8646,0.0808,0,0,0,0,,,
기본 대분류,통조림-C동,CJ제일제당,001586,45-07-03,CJ특별한선택N호/4세트(24),(스팸클200g*7+참330ml*1+카놀500ml*2)*4,4,25000,100000,32000,128000,0.28,0,0,0,0,,,
기본 대분류,통조림-C동,CJ제일제당,001587,45-12,스팸특별한선택 N2호 / 4세트-(BOX)/24,스팸7+참기름1+식용유2,4,26000,104000,31250,125000,0.2019,0,0,0,0,,,
기본 대분류,통조림-C동,CJ제일제당,001588,15-04,스팸클래식340(96),340g*20,20,3450,69000,5000,100000,0.4493,10400,520,0,0,,,
기본 대분류,통조림-C동,CJ제일제당,001589,15-22,스팸클래식200g(3입),200g*(3*8),24,1800,43200,2500,60000,0.3889,0,0,0,0,,,
기본 대분류,통조림-C동,CJ제일제당,001590,15-23,스팸기획클래식340g(4입),(340g*4)*8,32,3210,102720,4000,128000,0.2461,0,0,0,0,,,
기본 대분류,통조림-C동,CJ제일제당,001591,15-03,스팸클래식 200 (160),200g*20,20,2400,48000,3300,66000,0.375,-20,-1,0,0,,,
기본 대분류,통조림-C동,CJ제일제당,001592,45-25,스팸복합NH호*4-(BOX),(스팸소6+카놀1+요리유1)*4set,4,16000,64000,20000,80000,0.25,0,0,0,0,,,
기본 대분류,통조림-C동,CJ제일제당,001594,45-27,CJ스팸복합2호 / 4세트(32),(스팸클200g*6+카놀라유500ml*3)*4,4,23500,94000,30000,120000,0.2766,424.33,106,0,0,,,
기본 대분류,통조림-C동,CJ제일제당,001595,45-11,CJ스팸복합1호 / 5세트(24),(스팸클200g*6+카놀라유500ml*2)*5,5,19500,97500,25000,125000,0.2821,910,182,0,0,,,
기본 대분류,통조림-C동,CJ제일제당,001596,15-04-03,스팸기획340(클3+마일드1)*8(56),(340g*4)*8,32,2227.5,71280,3800,121600,0.7059,0,0,0,0,,,
기본 대분류,통조림-C동,CJ제일제당,001597,15-03-04,스팸기획200(클5+마1)*8,(클200*5+마200*1)*8,48,2150,103200,2600,124800,0.2093,0,0,0,0,,,
기본 대분류,통조림-C동,CJ제일제당,001598,15-03-08,스팸기획200(클2+마2)*8,(2+2)*8,8,6400,51200,8000,64000,0.25,0,0,,0,,,
기본 대분류,통조림-C동,CJ제일제당,001599,15-03-09,스팸기획200(클*3+마*1)*12 (56),(3+1)*12,48,2016.6667,96800.0016,2791.6667,134000.00160000002,0.3843,0,0,0,0,,,
기본 대분류,통조림-C동,CJ제일제당,001602,45-21,CJ스팸8호 / 5세트 (40),(스팸클200g*9)*5,5,22000,110000,30000,150000,0.3636,3021.8,604,1,0,,,
기본 대분류,통조림-C동,CJ제일제당,001603,45-06,CJ 스팸8E호 / 5세트-(BOX) (40),클래식7EA+마일드2EA,5,23000,115000,30000,150000,0.3043,0,0,0,0,,,
기본 대분류,통조림-C동,CJ제일제당,001604,45-05,CJ스팸6호/4세트(40),(스팸클래식200g*12)*4,4,32500,130000,40000,160000,0.2308,220,55,0,0,,,
기본 대분류,통조림-C동,CJ제일제당,001605,45-09,스팸5호,대16소24,1,113200,113200,120000,120000,0.0601,0,0,,0,,,
기본 대분류,통조림-C동,CJ제일제당,001606,45-10-01,CJ스팸3호/4세트 (40),(스팸클200g*6+스팸클340g*6)*4,4,42200,168800,52000,208000,0.2322,191,47,3,0,,,
기본 대분류,통조림-C동,CJ제일제당,001607,45-02,스팸2호*4세트(box),(340*12)*4,4,42000,168000,52500,210000,0.25,0,0,0,0,,,
기본 대분류,통조림-C동,CJ제일제당,001608,15-04-02,스팸마일드 25% 라이트 340(96),340g*20,20,3450,69000,5000,100000,0.4493,960,48,0,0,,,
기본 대분류,통조림-C동,CJ제일제당,001609,15-03-03,스팸마일드 25% 라이트 200(160),200g*20,20,2400,48000,5250,105000,1.1875,940,47,0,0,,,
기본 대분류,통조림-C동,CJ제일제당,001610,15-26.,스팸200기획 클래식(200*6)*6,(클래식200*6)*6,12,4440,53280,6000,72000,0.3514,0,0,,0,,,
기본 대분류,통조림-C동,CJ제일제당,001611,15-50,스팸200(클200g*4+마200g*2),(4+2)*6,6,9600,57600,12833,76998,0.3368,6,1,0,0,,,
기본 대분류,통조림-C동,CJ제일제당,001612,45-08,CJ스팸1호/4세트(18),(스팸클래식340g*12)*4,4,56300,225200,65000,260000,0.1545,0,0,0,0,,,
기본 대분류,통조림-C동,CJ제일제당,001613,15-27,스팸(클래식340*4+마일200*2),클래식340*16+마일드200*8,6,11466.6666666667,68800.0000000002,13200,79200,0.1512,0,0,0,0,,,
기본 대분류,음료-B동,코카콜라,001614,27-91..,스파클링유자뚱345,345ml*24,24,408.333333333333,9799.99999999999,458,10992,0.1216,0,0,,0,,,
기본 대분류,세제외-A동,애경,001616,02-16,스파크리필 5.5k(48),5.5k+3,3,5500,16500,8423.353,25270.058999999997,0.5315,32,10,2,0,,,
기본 대분류,세제외-A동,애경,001617,02-17,스파크5k(지합)-카툰,5k*3,3,8333.335,25000.004999999997,11000,33000,0.32,0,0,0,0,,,
기본 대분류,세제외-A동,애경,001618,02-15,스파크3k(리필)(60),3k*4,4,4350,17400,4875,19500,0.1207,196,49,0,0,,,
기본 대분류,세제외-A동,애경,001619,02-13,스파크1kⓒ,1k*10,10,1600,16000,1800,18000,0.125,0,0,,0,,,
기본 대분류,세제외-A동,애경,001620,02-12,스파크 시그니처리필 9kg.,9kg*2,2,9500,19000,12000,24000,0.2632,0,0,0,0,,,
기본 대분류,세제외-A동,애경,001621,02-17.,스파크 시그니처리필 9kg,9kg*2,2,9500,19000,12635,25270,0.33,40,20,0,0,,,
기본 대분류,세제외-A동,애경,001622,02-14,스파크 11 k,11k*2,2,9500,19000,11000,22000,0.1579,0,0,,0,,,
기본 대분류,세제외-A동,기타,001623,200-05-01,스트레치랩(공업용),20t*500*4,4,6500,26000,7150,28600,0.1,480,120,0,0,,,
기본 대분류,음료-B동,동서식품,001624,24-704-03,동서스타벅스브렉퍼스트브렌드블랙275ml,(275ml*24),24,1616.4167,38794.0008,1916.6667,46000.0008,0.1858,0,0,0,0,,,
기본 대분류,음료-B동,동서식품,001625,24-704-06,스타벅스더블샷스파이크플레이스로스트블랙(캔)200ml(108),200ml*36,36,966.6667,34800.0012,1111,39996,0.1493,0,0,,0,,,
기본 대분류,음료-B동,동서식품,001626,24-704-05,스타벅스더블샷아메리카노(캔)200ml(108),200ml*36,36,888.8889,32000.0004,944,33984,0.062,0,0,0,0,,,
기본 대분류,음료-B동,동서식품,001627,24-704-02,동서스타벅스 파이크플레이스로스트블랙275ml,(275ml*24),24,1742.5,41820,2125,51000,0.2195,0,0,0,0,,,
기본 대분류,음료-B동,동서식품,001628,24-704-01,스타벅스 시그니처초콜릿 275ml,(275ml*24),24,2005.9167,48142.0008,2166.6667,52000.00080000001,0.0801,0,0,0,0,,,
기본 대분류,음료-B동,동서식품,001629,24-704,동서스타벅스 더블샷 에스프레소&크림275ml,(275ml*24),24,2005.9167,48142.0008,2166.6667,52000.00080000001,0.0801,0,0,0,0,,,
기본 대분류,음료-B동,동서식품,001630,24-704-04,스타벅스 더블샷 에스프레소&크림(캔)200ml(108),200ml*36,36,1075,38700,1500,54000,0.3953,1872,52,0,0,,,
기본 대분류,세제외-A동,오뚜기,001638,39-91..,스낵면멀티40입/오뚜기(64),5*8,8,1875,15000,2060,16480,0.0987,0,0,0,0,,,
기본 대분류,세제외-A동,CJ제일제당,001646,61-58-01,쉐프솔루션 황태국 1.2kg,1.2kg*8,8,3500,28000,8750,70000,1.5,0,0,0,0,,,
기본 대분류,세제외-A동,CJ제일제당,001647,61-58-04,쉐프솔루션 미역국 1.2kg,1.2kg*8,8,3500,28000,8750,70000,1.5,0,0,0,0,,,
기본 대분류,세제외-A동,CJ제일제당,001648,61-58-03,쉐프솔루션  소고기 해장국 1.2kg,1.2kg*8,8,3500,28000,8750,70000,1.5,0,0,0,0,,,
기본 대분류,세제외-A동,CJ제일제당,001649,61-58-02,쉐프솔루선 육개장 1.2kg,1.2kg*8,8,3500,28000,8750,70000,1.5,0,0,0,0,,,
기본 대분류,세제외-A동,청정원,001660,01-20.,순창현미태양초고추장2.8(500+450)*4,(2.8+500g쌈장+450g고추장)*4,4,9000,36000,10250,41000,0.1389,0,0,,0,,,
기본 대분류,세제외-A동,청정원,001661,01-20,순창현미고추장(2.8+450g)*4,(2.8+450g)*4,4,8000,32000,9000,36000,0.125,0,0,,0,,,
기본 대분류,세제외-A동,청정원,001662,01-19..,순창초고추장500*15,500*15,15,1900,28500,2100,31500,0.1053,0,0,,0,,,
기본 대분류,세제외-A동,청정원,001663,07-22.,순창재래식된장500g봉지,500g*12,12,1208.33333333333,14499.99999999996,1500,18000,0.2414,0,0,,0,,,
기본 대분류,세제외-A동,청정원,001664,01-22.,순창재래된장 4.8,4.8*2,2,10000,20000,10500,21000,0.05,0,0,,0,,,
기본 대분류,세제외-A동,애경,001665,40-04,순샘베리1.2*10,1.2*10,10,1700,17000,2050,20500,0.2059,0,0,0,0,,,
기본 대분류,음료-B동,롯데칠성음료,001672,27-05..,솔의눈1.5,15.m*12,12,0,0,0,0,0,0,0,,0,,,
기본 대분류,음료-B동,롯데칠성음료,001673,27-05,솔의눈 240 (121),240ml*30,30,538.9091,16167.273,766.6667,23000.001,0.4226,2490,83,0,0,,,
기본 대분류,세제외-A동,기타,001676,1000-04,손소독제알엑스,500ml*20,20,2500,50000,0,0,-1,0,0,0,0,,,
기본 대분류,세제외-A동,기타,001677,1000-02,손소독제마시멜로,500ml*20,20,2500,50000,0,0,-1,0,0,0,0,,,
기본 대분류,반품,반품,001679,60-32,세제제품반품,0,0,0,0,0,0,0,1,0,1,0,,,
기본 대분류,세제외-A동,맥선,001681,36-04,세이프부탄*28입 (64),4입*7,7,2928.5714,20499.999799999998,3571.4286,25000.000200000002,0.2195,12595,1799,2,0,,,
기본 대분류,파렛트,파렛트,001686,22-61-01,석수파렛트,,0,0,0,0,0,0,10,0,10,0,,,
기본 대분류,음료-B동,코카콜라,001689,30-02,석수2L,2L*6,6,388.5,2331,583,3498,0.5006,0,0,0,0,,,
기본 대분류,세제외-A동,서연,001690,36-83-03,서연명품종이컵 (84),(6.5온스*20),20,365,7300,500,10000,0.3699,2520,126,0,0,,,
기본 대분류,음료-B동,동화약품,001713,28-60,생생톤180ml*40/동화,180ml*40,40,350,14000,412,16480,0.1771,0,0,,0,,,
기본 대분류,음료-B동,동화약품,001714,28-60-02,생생톤100ml*100/동화,100ml*100,100,220,22000,250,25000,0.1364,0,0,,0,,,
기본 대분류,음료-B동,광동제약,001717,25-273,광동생강쌍화 120ml,120ml*100,100,620,62000,680,68000,0.0968,0,0,0,0,,,
기본 대분류,세제외-A동,샘표,001719,03-17..,샘표진간장금S (2번들기획),1.8L*2*3=6,6,2785,16710,3333,19998,0.1968,0,0,,0,,,
기본 대분류,세제외-A동,샘표,001720,03-22-01,샘표진간장금F-3(금F3 1.7+금F3 500) (36),(금F3+금F3 500)*6,6,8700,52200,10450,62700,0.2011,498,83,0,0,,,
기본 대분류,세제외-A동,샘표,001721,03-18-02,샘표진간장금F3 1.7+맛간장500M(36),1.8L*500*6,6,6400,38400,9500,57000,0.4844,0,0,0,0,,,
기본 대분류,세제외-A동,샘표,001722,03-07,샘표진간장금F-3   1.8+조림500,1.8*6,6,5200,31200,6333,37998,0.2179,0,0,,0,,,
기본 대분류,세제외-A동,샘표,001723,03-17.,샘표진간장S(1.8+0.5),(1.8+0.5)*6,6,3666.6667,22000.000200000002,4166,24996,0.1362,0,0,0,0,,,
기본 대분류,세제외-A동,샘표,001724,03-12,샘표양조간장501(930+3*4set),930+(3*4),12,3116.6667,37400.000400000004,4166,49992,0.3367,0,0,,0,,,
기본 대분류,세제외-A동,샘표,001725,03-18-05,샘표양조간장501 1.7ML +양조간장930ml),1.7L*6,6,9150,54900,10500,63000,0.1475,0,0,0,0,,,
기본 대분류,세제외-A동,샘표,001726,03-18-03,샘표양조간장501 1.8L+맛간장930ML(32),1.8L*930*6,6,8400,50400,9250,55500,0.1012,0,0,0,0,,,
기본 대분류,세제외-A동,샘표,001727,03-18-04,샘표양조간장501 (930ml*2+맛간장930ml),(930*3)*4,12,3666.6667,44000.000400000004,5000,60000,0.3636,0,0,0,0,,,
기본 대분류,세제외-A동,샘표,001728,03-18,샘표양조간장501 (930*12),930*12,12,4300,51600,4700,56400,0.093,0,0,,0,,,
기본 대분류,세제외-A동,샘표,001729,03-18-06,샘표양조간장 701 1.8lML +701양조930,1.8*6,6,14000,84000,17000,102000,0.2143,0,0,0,0,,,
기본 대분류,세제외-A동,샘표,001730,03-20, 샘표진간장1.7 금S (64),1.7*6,6,4169,25014,5500,33000,0.3193,0,0,0,0,,,
기본 대분류,세제외-A동,샘표,001731,03-10,샘표금F3 1.8+국간장500,(1.8+500)*6,6,6000,36000,6333,37998,0.0555,0,0,,0,,,
기본 대분류,세제외-A동,샘표,001732,3-24,샘표/참숯깔끔한양조간장1.8,1.5L*6,6,5395,32370,6000,36000,0.1121,0,0,,0,,,
기본 대분류,세제외-A동,샘표,001733,03-18-01,샘표/양조간장501(1.8*6),1.8*6,6,8200,49200,11000,66000,0.3415,0,0,,0,,,
기본 대분류,음료-B동,HK이노앤,001741,55-11,새싹보리차500ml,500ml*24,24,770,18480,990,23760,0.2857,0,0,0,0,,,
기본 대분류,음료-B동,매일유업,001742,25-17-01,상하목장 우유 125ml,125*3*8,24,0,0,0,0,0,0,0,0,0,,,
기본 대분류,통조림-C동,삼포식품,001747,19-20,삼포황도슬라이스 (80),400g*24,24,1000,24000,1600,38400,0.6,0,0,0,0,,,
기본 대분류,통조림-C동,삼포식품,001748,19-34,삼포황도3kg,3kg*6,6,5900,35400,6333,37998,0.0734,0,0,,0,,,
기본 대분류,반품,반품,001751,60-23,삼포제품반품,0,0,0,0,0,0,0,0,0,,0,,,
기본 대분류,통조림-C동,삼포식품,001752,19-17,삼포번데기 (80),130g*48,48,630,30240,850,40800,0.3492,0,0,0,0,,,
기본 대분류,통조림-C동,삼포식품,001755,19-02,삼포골뱅이(소),140g*48,48,2450,117600,3200,153600,0.3061,0,0,0,0,,,
기본 대분류,통조림-C동,삼포식품,001756,19-01,삼포골뱅이(大),400g*24,24,5050,121200,5500,132000,0.0891,0,0,0,0,,,
기본 대분류,세제외-A동,큐원삼양,001760,54-19,삼양불닭볶음탕면(4+1)멀티,(4+1)*8,8,3068.125,24545,3375,27000,0.1,0,0,,0,,,
기본 대분류,세제외-A동,큐원삼양,001761,54-11,삼양불닭볶음면(5+1) (48),140*48(5+1),48,531.25,25500,572,27456,0.0767,0,0,,0,,,
기본 대분류,세제외-A동,큐원삼양,001762,54-10,삼양라면멀티 (56),(5*8),40,496.1,19844,775,31000,0.5622,2547,63,27,0,,,
기본 대분류,세제외-A동,큐원삼양,001763,54-10-01,삼양라면기획(5+1)/(48),120*48(6*8),48,427.0833,20499.9984,562,26976,0.3159,0,0,0,0,,,
기본 대분류,통조림-C동,삼아,001765,18-01,삼아완두콩400g,400g*24,24,792,19008,1068,25632,0.3485,3936,164,0,0,,,
기본 대분류,통조림-C동,삼아,001767,18-02,삼아베이크빈스400g (88),400g*24,24,979,23496,1316.6667,31600.0008,0.3449,2165,90,5,0,,,
기본 대분류,반품,반품,001768,60-33,삼아반품,0,0,0,0,0,0,0,3,0,3,0,,,
기본 대분류,음료-B동,삼성제약(바이오스마트약품),001770,200-06,삼성헛개모닝이중캡 100ml,100ml*100,100,550,55000,680,68000,0.2364,200,2,0,0,,,
기본 대분류,음료-B동,동화약품,001771,25-40-02,삼성까스명수75(60입),75ml*60,60,399,23940,500,30000,0.2531,8060,134,20,0,,,
기본 대분류,음료-B동,동화약품,001772,25-40-01,삼성까스명수75(30입),75*30,30,400,12000,460,13800,0.15,0,0,,0,,,
기본 대분류,음료-B동,동화약품,001773,25-40,삼성까스명수 (50),75ml*100,100,400,40000,500,50000,0.25,0,0,0,0,,,
기본 대분류,음료-B동,광동제약,001789,30-05-01,삼다수500(112)/16+4,500ml*20,20,255,5100,400,8000,0.5686,0,0,0,0,,,
기본 대분류,음료-B동,광동제약,001790,81-32,삼다수330,330ml*20,20,325,6500,400,8000,0.2308,0,0,0,0,,,
기본 대분류,음료-B동,광동제약,001791,30-04-01,삼다수2L(96)/5+1,2L*6,6,625,3750,1000,6000,0.6,0,0,0,0,,,
기본 대분류,음료-B동,광동제약,001792,30-05,삼다수 500 (112),500ml*20,20,365,7300,485,9700,0.3288,2420,121,0,0,,,
기본 대분류,음료-B동,광동제약,001793,30-04,삼다수 2L (96),2L*6,6,841.6667,5050.0002,1116.6667,6700.0002,0.3267,-90,-15,0,0,,,
기본 대분류,음료-B동,팔도,001795,22-07,산타페헤이즐럿 (156),175ml*30,30,270.3667,8111.000999999999,350,10500,0.2945,0,0,0,0,,,
기본 대분류,음료-B동,팔도,001796,22-03,산타페 오리지날 캔 175 (156),175ml*30,30,166.6667,5000.001,300,9000,0.8,0,0,0,0,,,
기본 대분류,반품,반품,001805,60-28,사조반품,0,0,0,0,0,0,0,0,0,,0,,,
기본 대분류,세제외-A동,해표사조,001807,15-36,사조마을태양초참맛고추장14kg,14kg,1,21000,21000,21000,21000,0,0,0,,0,,,
기본 대분류,세제외-A동,해표사조,001808,15-37,사조마을콩재래된장14kg,14kg,1,17000,17000,20000,20000,0.1765,0,0,,0,,,
기본 대분류,음료-B동,팔도,001814,81-08-02,뿌요소다(파인)245(6입),(245*6),6,437.5,2625,666,3996,0.5223,0,0,0,0,,,
기본 대분류,음료-B동,팔도,001815,81-07,뿌요소다(파인)245,(245*24),24,437.5,10500,625,15000,0.4286,0,0,0,0,,,
기본 대분류,음료-B동,팔도,001816,81-08,뿌요소다(오렌지)245(6입),(245*6),6,437.5,2625,666,3996,0.5223,0,0,0,0,,,
기본 대분류,음료-B동,팔도,001817,81-06,뿌요소다(오렌지)245,(245*24),24,437.5,10500,625,15000,0.4286,0,0,0,0,,,
기본 대분류,음료-B동,팔도,001819,22-14-05,뽀로로 홍삼쏙쏙오렌지,(100*10)*4,40,515,20600,600,24000,0.165,0,0,0,0,,,
기본 대분류,음료-B동,팔도,001820,22-14-07,뽀로로 홍삼쏙쏙포도블루베리,(100*10)*4,40,515,20600,600,24000,0.165,0,0,0,0,,,
기본 대분류,음료-B동,팔도,001821,22-14-06,뽀로로 홍삼쏙쏙사과매실,(100*10)*4,40,515,20600,600,24000,0.165,0,0,0,0,,,
기본 대분류,세제외-A동,팔도,001824,22-16-02,뽀로로워터젤리(포도),120ml*40,40,669.5,26780,725,29000,0.0829,320,8,0,0,,,
기본 대분류,세제외-A동,팔도,001825,22-16-03,뽀로로워터젤리(복숭아),120ml*40,40,669.5,26780,725,29000,0.0829,320,8,0,0,,,
기본 대분류,세제외-A동,팔도,001829,22-14,뽀로로샘물 250,250ml*20,20,322.25,6445,650,13000,1.0171,0,0,0,0,,,
기본 대분류,세제외-A동,팔도,001832,22-16-05,뽀로로과일맛젤리(3입),150(3입)*24,24,1333.3333,31999.9992,2083,49992,0.5623,0,0,0,0,,,
기본 대분류,음료-B동,팔도,001833,22-11-01,뽀로로[사과](117),235ml*24,24,650,15600,816.6667,19600.0008,0.2564,1248,52,0,0,,,
기본 대분류,음료-B동,팔도,001834,22-13,뽀로로[블루베리] (117),235ml*24,24,650,15600,816.6667,19600.0008,0.2564,1488,62,0,0,,,
기본 대분류,음료-B동,팔도,001835,22-12,뽀로로[보리차] (117),220ml*24,24,650,15600,791.6667,19000.0008,0.2179,1056,44,0,0,,,
기본 대분류,음료-B동,팔도,001836,22-10-14,뽀로로[바나나](117),235ml*24,24,632.25,15174,816.6667,19600.0008,0.2917,0,0,0,0,,,
기본 대분류,음료-B동,팔도,001837,22-11,뽀로로[밀크](117),235ml*24,24,650,15600,816.6667,19600.0008,0.2564,-288,-12,0,0,,,
기본 대분류,음료-B동,팔도,001838,22-10,뽀로로[딸기] (117),235ml*24,24,650,15600,816.6667,19600.0008,0.2564,984,41,0,0,,,
기본 대분류,음료-B동,빙그레,001850,43-60-01,빙그레 보이차500mI(105),500ml*20,20,480,9600,625,12500,0.3021,0,0,0,0,,,
기본 대분류,세제외-A동,라이온코리아,001852,08-52,비트4.5k (64),4.5kg*3,3,9333.353,28000.058999999997,12413.6667,37241.0001,0.33,165,55,0,0,,,
기본 대분류,세제외-A동,CJ제일제당,001853,08-48.,비트3kg*4,3kg*4,4,4250,17000,5000,20000,0.1765,0,0,,0,,,
기본 대분류,세제외-A동,라이온코리아,001854,08-48,비트3k  (2*3),2*3=6,6,4250,25500,4833,28998,0.1372,0,0,,0,,,
기본 대분류,세제외-A동,라이온코리아,001855,08-47.,비트3.2,3.2*4,4,4250,17000,5250,21000,0.2353,0,0,0,0,,,
기본 대분류,세제외-A동,라이온코리아,001856,08-47,비트2.7(80),2.7k*4,4,5250,21000,6500,26000,0.2381,108,27,0,0,,,
기본 대분류,세제외-A동,라이온코리아,001857,08-49,비트(드럼)2.8,2.8*4,4,7500,30000,8250,33000,0.1,0,0,0,0,,,
기본 대분류,세제외-A동,라이온코리아,001858,08-51,비트(드럼)2.5리필,2.5*4,4,4625,18500,6375,25500,0.3784,0,0,0,0,,,
기본 대분류,음료-B동,롯데칠성음료,001859,27-27,비타파워병100/롯데칠성,100ml*100,100,305.46,30545.999999999996,350,35000,0.1458,0,0,,0,,,
기본 대분류,음료-B동,팔도,001864,22-18,비락진홍삼 140,140ml*40,40,373.5,14940,750,30000,1.008,0,0,0,0,,,
기본 대분류,음료-B동,팔도,001865,22-01-01,비락식혜캔(유통용) 238(40),238ml*72,72,378.1806,27229.003200000003,451,32472,0.1926,0,0,0,0,,,
기본 대분류,음료-B동,팔도,001866,22-01,비락식혜캔 (40),238ml*72,72,361.1111,25999.999200000002,402,28944,0.1132,0,0,0,0,,,
기본 대분류,음료-B동,팔도,001867,22-05,비락식혜350(단종),350*12,12,2083,24996,2500,30000,0.2002,0,0,,0,,,
기본 대분류,음료-B동,팔도,001868,22-01-05,비락식혜340뚱캔(24입),340ml*24,24,674.1667,16180.0008,812.5,19500,0.2052,0,0,0,0,,,
기본 대분류,음료-B동,팔도,001869,22-01-04,비락식혜238 (24입)/120,238ml*24,24,455.25,10926,541.6667,13000.0008,0.1898,4872,203,0,0,,,
기본 대분류,음료-B동,팔도,001870,22-05.,비락식혜 500(120),500ml*12,12,1030,12360,1320,15840,0.2816,984,82,0,0,,,
기본 대분류,음료-B동,팔도,001871,22-04,비락식혜 1.8 (48),1.8L*8,8,2187.5,17500,2875,23000,0.3143,0,0,0,0,,,
기본 대분류,음료-B동,팔도,001872,22-02,비락수정과캔,238ml*72*(40),72,424.3612,30554.0064,472,33984,0.1123,0,0,0,0,,,
기본 대분류,음료-B동,팔도,001873,22-02-01,비락수정과 1.8 (48),1.8*8,8,2475,19800,3125,25000,0.2626,0,0,0,0,,,
기본 대분류,음료-B동,팔도,001874,22-30,비락수정과,952*12,12,0,0,0,0,0,0,0,,0,,,
기본 대분류,음료-B동,팔도,001875,22-06,비락생칡즙 100ml,100ml*40,40,669.5,26780,715,28600,0.068,840,21,0,0,,,
기본 대분류,음료-B동,팔도,001879,22-08,비락밥알없는식혜 175 (143),175ml*30,30,243.3333,7299.999,316.6667,9500.001,0.3014,38850,1295,0,0,,,
기본 대분류,음료-B동,팔도,001880,22-01-02,비락바나나 식혜캔 238ml,238*72,72,354.1667,25500.002399999998,430,30960,0.2141,0,0,0,0,,,
기본 대분류,음료-B동,하이트진로,001889,30-12-01.,블랙보리제로라이트 520ml,520ml*20,20,695,13900,800,16000,0.1511,0,0,0,0,,,
기본 대분류,음료-B동,하이트진로,001890,30-12-03,블랙보리라이트캔 175 (144),175ml*30,30,246.6667,7400.001,280,8400,0.1351,4560,152,0,0,,,
기본 대분류,음료-B동,하이트진로,001891,30-12-01,블랙보리 520ml (72),520ml*20,20,695,13900,800,16000,0.1511,1600,80,0,0,,,
기본 대분류,음료-B동,하이트진로,001892,30-12,블랙보리 340ml(104),340ml*20,20,540,10800,680,13600,0.2593,1220,61,0,0,,,
기본 대분류,음료-B동,하이트진로,001893,30-12-02,블랙보리 1.5L (52),1.5L*12,12,1208.335,14500.02,1500,18000,0.2414,792,66,0,0,,,
기본 대분류,기타,기타,001909,77-01,부가세 10%,,1,0,0,0,0,0,-48,-48,0,0,,,
기본 대분류,세제외-A동,제일참,001917,29-29-02,보보레레 물티슈캡형(100매*20) (72),100매*20,20,550,11000,750,15000,0.3636,0,0,0,0,,,
기본 대분류,세제외-A동,제일참,001918,29-29-01,보보레레 물티슈캡형 (100*30)(48),100*30,30,515,15450,566,16980,0.099,0,0,,0,,,
기본 대분류,세제외-A동,제일참,001919,29-29-03,보보레레 물티슈 (100*10),110*10,10,495,4950,600,6000,0.2121,0,0,0,0,,,
기본 대분류,통조림-C동,기타,001926,81-14,베트남 스리라차칠리핫소스755g,755g*1EA,1,1300,1300,2500,2500,0.9231,0,0,0,0,,,
기본 대분류,통조림-C동,기타,001927,81-13,베트남 스리라차칠리핫소스510g,510g*1EA,1,1000,1000,2000,2000,1,0,0,0,0,,,
기본 대분류,세제외-A동,CJ제일제당,001943,15-46.,백설흰설탕5kg,5kg*4,4,5778,23112,6500,26000,0.125,0,0,,0,,,
기본 대분류,세제외-A동,CJ제일제당,001945,15-42-02,백설하얀설탕3kg (64),3kg*6,6,4500,27000,5300,31800,0.1778,1698,283,0,0,,,
기본 대분류,세제외-A동,CJ제일제당,001946,15-40,백설하얀설탕1kg(88),1kg*16,16,1650,26400,2000,32000,0.2121,0,0,0,0,,,
기본 대분류,세제외-A동,CJ제일제당,001947,15-44,백설하얀설탕15kg(84),15kg,1,16500,16500,22000,22000,0.3333,251,251,0,0,,,
기본 대분류,통조림-C동,CJ제일제당,001949,08-25,백설프리미엄N호*5셋트,카놀+요리유+해바라기,1,27500,27500,55000,55000,1,0,0,,0,,,
기본 대분류,통조림-C동,CJ제일제당,001951,08-25..,백설프리미엄14호-(set),1set,1,5500,5500,7000,7000,0.2727,0,0,,0,,,
기본 대분류,세제외-A동,CJ제일제당,001952,08-20-01,백설포도씨유500ml(108)- 24년 5/1일까지,500ml*12,12,2000,24000,4000,48000,1,0,0,0,0,,,
기본 대분류,세제외-A동,CJ제일제당,001953,08-26,백설포도씨유3호,500g*3*5,15,3333.3333,49999.9995,4000,60000,0.2,0,0,,0,,,
기본 대분류,세제외-A동,CJ제일제당,001954,08-32,백설 포도씨유 900ml (70),900ml*12,12,5600,67200,8000,96000,0.4286,0,0,0,0,,,
기본 대분류,통조림-C동,CJ제일제당,001955,45-19,백설특선2호,스팸소4카놀2참기름80*1천일염대1소2,1,60000,60000,128000,128000,1.1333,0,0,,0,,,
기본 대분류,통조림-C동,CJ제일제당,001957,45-12-04,CJ특별한선택골드라벨/3세트(20),(스팸클*12+카놀*2+요리올*1+프락토*1)*3,3,37000,111000,48000,144000,0.2973,0,0,0,0,,,
기본 대분류,세제외-A동,CJ제일제당,001958,08-28,백설콩식용유1.8(40),1.8L*10,10,4400,44000,7000,70000,0.5909,2680,268,0,0,,,
기본 대분류,세제외-A동,CJ제일제당,001959,08-31.,백설콩식용유 900,900ml*20,20,1900,38000,2500,50000,0.3158,0,0,,0,,,
기본 대분류,세제외-A동,CJ제일제당,001960,08-42,"백설콩기름1,8 L(40)","1,8 L*12",12,2700,32400,2916,34992,0.08,0,0,,0,,,
기본 대분류,세제외-A동,CJ제일제당,001961,08-20,백설카놀라유500g(108)- 24년 5/1까지,500ml*12,12,1300,15600,3000,36000,1.3077,0,0,0,0,,,
기본 대분류,세제외-A동,CJ제일제당,001962,08-31,백설옥수수유900,900*20,20,2500,50000,3000,60000,0.2,0,0,,0,,,
기본 대분류,세제외-A동,CJ제일제당,001963,08-35.,백설옥수수기름1.8,1.8L*12,12,4833.33333333333,57999.99999999996,0,0,-1,0,0,,0,,,
기본 대분류,세제외-A동,CJ제일제당,001964,08-41,백설옥배유18L,18L,1,41000,41000,0,0,-1,0,0,,0,,,
기본 대분류,세제외-A동,CJ제일제당,001965,08-35,백설옥배유(1.8),1.8L*12,12,3300,39600,4000,48000,0.2121,0,0,,0,,,
기본 대분류,세제외-A동,CJ제일제당,001966,08-29,백설식용유5호*5-(BOX),(1.8*2set)*5,5,5640,28200,7600,38000,0.3475,0,0,,0,,,
기본 대분류,세제외-A동,CJ제일제당,001968,08-27,백설식용유2호,1.8*3*3,6,5250,31500,6333,37998,0.2063,0,0,,0,,,
기본 대분류,세제외-A동,CJ제일제당,001969,08-30,백설식용유18L,18L,1,30500,30500,36000,36000,0.1803,0,0,,0,,,
기본 대분류,세제외-A동,CJ제일제당,001970,08-33,백설식용유1.8g+500g*6,1.8+500*6,6,4200,25200,5000,30000,0.1905,0,0,,0,,,
기본 대분류,통조림-C동,CJ제일제당,001971,45-18-02,CJ 스팸8K호/5세트(40),클래식6+마일드3,5,23000,115000,30000,150000,0.3043,0,0,0,0,,,
기본 대분류,세제외-A동,CJ제일제당,001973,61-58-06,백설비비고육개장500g(78),(500g*18),18,2150,38700,3500,63000,0.6279,0,0,0,0,,,
기본 대분류,세제외-A동,CJ제일제당,001974,61-58-10,백설비비고 콩나물 황태국500g (78),500g*18,18,2150,38700,2600,46800,0.2093,0,0,0,0,,,
기본 대분류,세제외-A동,CJ제일제당,001975,11-56-02,백설비비고 전복죽450g,(450*21),21,1980,41580,2523,52983,0.2742,0,0,0,0,,,
기본 대분류,세제외-A동,CJ제일제당,001976,11-56-03,백설비비고 소고기죽450g,(450*21),21,1980,41580,2523,52983,0.2742,0,0,0,0,,,
기본 대분류,세제외-A동,CJ제일제당,001977,61-58-08,백설비비고 소고기장터국밥500g (78),500g*18,18,2150,38700,2777,49986,0.2916,0,0,0,0,,,
기본 대분류,세제외-A동,CJ제일제당,001978,61-58-07,백설비비고 소고기미역국500g (78),500g*18,18,2200,39600,3500,63000,0.5909,0,0,0,0,,,
기본 대분류,세제외-A동,CJ제일제당,001979,61-58-09,백설비비고 소고기무국500g(78),500g*18,18,2200,39600,2777,49986,0.2623,0,0,0,0,,,
기본 대분류,세제외-A동,CJ제일제당,001980,61-58-11,백설비비고 설렁탕500g (78),500g*18,18,2150,38700,2370,42660,0.1023,0,0,0,0,,,
기본 대분류,세제외-A동,CJ제일제당,001981,61-58,백설비비고 사골곰탕500g(78),500g*18,18,820,14760,1100,19800,0.3415,0,0,0,0,,,
기본 대분류,세제외-A동,CJ제일제당,001982,11-56-04,백설비비고 버섯야채죽450g,(450*21),21,1980,41580,2523,52983,0.2742,0,0,0,0,,,
기본 대분류,세제외-A동,CJ제일제당,001983,61-58-12,백설비비고 두부김치찌개460g (78),460*12,12,2400,28800,2933,35196,0.2221,0,0,0,0,,,
기본 대분류,세제외-A동,CJ제일제당,001984,15-48,백설다시다2k  (72),2kg*6,6,15333.3333,91999.9998,16333,97998,0.0652,0,0,0,0,,,
기본 대분류,세제외-A동,CJ제일제당,001985,15-46,cj제일제당 갈색설탕5kg,5kg*4,4,7000,28000,8000,32000,0.1429,0,0,0,0,,,
기본 대분류,세제외-A동,CJ제일제당,001986,15-43-03,백설갈색설탕3kg*6(브라운)(64),3kg*6,6,5900,35400,8000,48000,0.3559,0,0,0,0,,,
기본 대분류,세제외-A동,CJ제일제당,001987,15-40-03,백설갈색설탕1kg*16(88),1kg*16,16,2050,32800,2500,40000,0.2195,32,2,0,0,,,
기본 대분류,세제외-A동,CJ제일제당,001988,15-45,백설갈색설탕15kg(78),15kg,1,23500,23500,30000,30000,0.2766,0,0,0,0,,,
기본 대분류,세제외-A동,CJ제일제당,001989,08-32-02,백설 카놀라유 900ml(70),900ml*12,12,2900,34800,8000,96000,1.7586,0,0,0,0,,,
기본 대분류,세제외-A동,CJ제일제당,001990,36-82..,백설/포도씨유+카놀라유(900+900)*6,(900+900)*6,6,5500,33000,7800,46800,0.4182,0,0,0,0,,,
기본 대분류,세제외-A동,CJ제일제당,001991,08-36,백설/참진한 참기름병 320ml (90),320ml*12,12,2700,32400,3333,39996,0.2344,0,0,,0,,,
기본 대분류,세제외-A동,CJ제일제당,001992,08-37-01,백설/참진한 참기름400ml (144),400*12,12,3208.33333333333,38499.999999999956,4791,57492,0.4933,0,0,0,0,,,
기본 대분류,세제외-A동,CJ제일제당,001993,08-37,백설 고소함가득 참기름330ml*39캔,330m*39캔,39,3100,120900,3600,140400,0.1613,0,0,0,0,,,
기본 대분류,세제외-A동,CJ제일제당,001994,08-38,백설/진한참기름1000m,1000m*6,6,9500,57000,11033,66198,0.1614,0,0,,0,,,
기본 대분류,세제외-A동,CJ제일제당,001995,15-13.,백설/요리당 2.45kg,2.45*6,6,5250,31500,6500,39000,0.2381,0,0,0,0,,,
기본 대분류,세제외-A동,CJ제일제당,001996,15-20,백설/ 쇠고기 다시다1kg,1kg*10,10,13200,132000,13500,135000,0.0227,0,0,0,0,,,
기본 대분류,세제외-A동,CJ제일제당,001997,15-19,백설/ 쇠고기 다시다500g,500g*20,20,7600,152000,10150,203000,0.3355,0,0,0,0,,,
기본 대분류,세제외-A동,CJ제일제당,001998,15-82,백설/ 쇠고기 다시다300g (49),(300g*10)*4,40,4625,185000,6175,247000,0.3351,0,0,0,0,,,
기본 대분류,세제외-A동,CJ제일제당,001999,15-19.,백설/다시다25kg,25kg,1,200000,200000,250000,250000,0.25,0,0,0,0,,,
기본 대분류,세제외-A동,CJ제일제당,002000,15-17,백설/다시다100,100*80,80,1460,116800,1875,150000,0.2842,0,0,,0,,,
기본 대분류,세제외-A동,CJ제일제당,002001,81-17,CJ제당 제일제면소면3kg,3kg*4,4,4450,17800,6250,25000,0.4045,0,0,0,0,,,
기본 대분류,세제외-A동,CJ제일제당,002002,15-87-03,백설 프락토올리고당1.2 (80),(1.2kg*9),9,2948,26532,4500,40500,0.5265,0,0,0,0,,,
기본 대분류,세제외-A동,CJ제일제당,002003,15-87-04,백설 요리올리고당1.2 (80),(1.2kg*9),9,2750,24750,4500,40500,0.6364,0,0,0,0,,,
기본 대분류,세제외-A동,CJ제일제당,002004,81-20,백설 따끈한밥200g (40),200g*(8*6),48,758.75,36420,1041,49968,0.372,0,0,0,0,,,
기본 대분류,음료-B동,농심,002005,14-56,백산수500ml,500*20*(64),20,245,4900,350,7000,0.4286,0,0,0,0,,,
기본 대분류,음료-B동,농심,002006,14-57,백산수2L,2.0*6,6,508.3333,3049.9998,1083,6498,1.1305,0,0,0,0,,,
기본 대분류,세제외-A동,백광,002007,03-06,백광향락스2L,2L*6,6,1416.6667,8500.0002,1666,9996,0.176,0,0,,0,,,
기본 대분류,세제외-A동,백광,002008,03-05,백광트래펑2L(60),2L*6,6,2666.6667,16000.000200000002,4166.6667,25000.0002,0.5625,660,110,0,0,,,
기본 대분류,세제외-A동,백광,002009,03-05.,백광트래펑1L(50),1L*12,12,1416.6667,17000.0004,2200,26400,0.5529,768,64,0,0,,,
기본 대분류,반품,반품,002011,60-20,반품(태동유통한달반품),0,0,0,0,0,0,0,7,0,7,0,,,
기본 대분류,반품,반품,002012,200-01,반품,,1,0,0,0,0,0,962,962,0,0,,,
기본 대분류,세제외-A동,기타,002014,02-30,반려동물 칫솔 (핑크.블루),칫솔*1개,1,4400,4400,10000,10000,1.2727,0,0,0,0,,,
기본 대분류,음료-B동,동아제약,002015,28-31-01,박카스맛 젤리50g,(50g*40),40,825,33000,1075,43000,0.303,0,0,0,0,,,
기본 대분류,음료-B동,동아제약,002016,28-30,박카스 F 120ml * 100병,120ml*100,100,616.82,61682.00000000001,700,70000,0.1349,0,0,0,0,,,
기본 대분류,음료-B동,롯데칠성음료,002025,27-04,밀키스캔250 (110),250ml*30,30,527.2467,15817.401000000002,704.5667,21137.001,0.3363,1350,45,0,0,,,
기본 대분류,음료-B동,롯데칠성음료,002026,27-04-01,밀키스340ml뚱캔(99),340ml*24,24,504.2424,12101.817599999998,741.6667,17800.0008,0.4709,1920,80,0,0,,,
기본 대분류,음료-B동,롯데칠성음료,002027,27-04-03,밀키스1.5 (50),1.5L*12,12,1467.585,17611.02,1916.6667,23000.0004,0.306,240,20,0,0,,,
기본 대분류,음료-B동,롯데칠성음료,002028,27-04-02,밀키스 500 (84),500ml*20,20,880.55,17611,1150,23000,0.306,460,23,0,0,,,
기본 대분류,기타,기타,002031,200,미지원금액,,1,0,0,0,0,0,0,0,0,0,,,
기본 대분류,세제외-A동,기타,002034,06-08.,미장센[안티]에이징680,680ml*6,6,3300,19800,3600,21600,0.0909,0,0,0,0,,,
기본 대분류,세제외-A동,기타,002035,06-20.,미장센[스칼프]케어680,680ml*6,6,3300,19800,3600,21600,0.0909,0,0,0,0,,,
기본 대분류,세제외-A동,기타,002036,06-20,미장센[데미지]케어680,680ml*6,6,3300,19800,3600,21600,0.0909,0,0,0,0,,,
기본 대분류,세제외-A동,기타,002037,06-09,미장센(안티에이징),(500*3)*6,18,2166.6667,39000.00060000001,2333,41994,0.0768,0,0,,0,,,
기본 대분류,음료-B동,동화약품,002038,38-05,미인활액 75ml,75ml*120,120,500,60000,708,84960,0.416,0,0,0,0,,,
기본 대분류,세제외-A동,청정원,002039,01-07.,미원500g봉지,500g*80*4봉,320,215.625,69000,218,69760,0.011,0,0,,0,,,
기본 대분류,세제외-A동,청정원,002040,01-07,미원500g(포),500*40,40,6875,275000,7000,280000,0.0182,0,0,,0,,,
기본 대분류,세제외-A동,청정원,002041,01-11.,미원2kg봉지,2k*10,10,2150,21500,2200,22000,0.0233,0,0,,0,,,
기본 대분류,세제외-A동,청정원,002042,01-11,미원2k,2k*10,10,21500,215000,25000,250000,0.1628,0,0,,0,,,
기본 대분류,세제외-A동,청정원,002043,36-23.,미원25kg(s),25kg,1,60000,60000,80000,80000,0.3333,0,0,,0,,,
기본 대분류,세제외-A동,청정원,002045,01-10.,미원100g봉지,100g*20,20,1425,28500,1500,30000,0.0526,0,0,,0,,,
기본 대분류,세제외-A동,청정원,002046,01-10,미원100g(포),100g*20*10,200,1425,285000,1500,300000,0.0526,0,0,,0,,,
기본 대분류,세제외-A동,청정원,002047,36-23,미원(노말)25kg,25kg,1,135000,135000,145000,145000,0.0741,0,0,,0,,,
기본 대분류,음료-B동,현대약품,002050,28-53-03,미에로1.2L(기획증정용),(1.2L*12)기획증정,12,1058.3333,12699.9996,1500,18000,0.4173,5760,480,0,0,,,
기본 대분류,음료-B동,현대약품,002051,28-51,미에로(병) 210 / 현대 (56),210ml*40,40,672.15,26886,800,32000,0.1902,880,22,0,0,,,
기본 대분류,음료-B동,현대약품,002052,28-50,미에로(병) 100 / 현대 (40),100ml*100,100,383.71,38371,440,44000,0.1467,6160,61,60,0,,,
기본 대분류,음료-B동,현대약품,002053,28-52,미에로 350 / 현대 (77)(70),350ml*24,24,773.1667,18556.0008,1000,24000,0.2934,20640,860,0,0,,,
기본 대분류,음료-B동,현대약품,002054,81-26,미에로 1.2L(마트킹전용),1.2*12,12,1170.4167,14045.0004,1500,18000,0.2816,0,0,0,0,,,
기본 대분류,음료-B동,현대약품,002055,28-53,미에로 1.2L일반(48),1.2L*12,12,1166.6667,14000.0004,2666.6667,32000.000400000004,1.2857,0,0,0,0,,,
기본 대분류,음료-B동,롯데칠성음료,002058,27-14-02,미린다파인500,500ml*20,20,415.65,8313,550,11000,0.3232,0,0,0,0,,,
기본 대분류,음료-B동,롯데칠성음료,002059,27-40-01,미린다1.25(파인),15*12,12,741.6667,8900.0004,916,10992,0.2351,0,0,0,0,,,
기본 대분류,음료-B동,롯데칠성음료,002060,27-40,미린다1.25(오렌지),1.5L*12,12,741.6667,8900.0004,916,10992,0.2351,0,0,0,0,,,
기본 대분류,세제외-A동,기타,002061,52-11,미드미락교3kg,3kg*6,6,7000,42000,7666,45996,0.0951,0,0,0,0,,,
기본 대분류,음료-B동,코카콜라,002062,31-18-01,미닛메이드 시그니처 포도 350,350ml*24,24,1001.6667,24040.0008,1141.6667,27400.0008,0.1398,0,0,0,0,,,
기본 대분류,음료-B동,코카콜라,002063,15-08-01,미닛메이드포도 1.5,1.5L*12,12,2333.33333333333,27999.999999999956,2800,33600,0.2,0,0,0,0,,,
기본 대분류,음료-B동,코카콜라,002064,15-08-03,미닛메이드토마토1.5,1.5L*12,12,1613.33333333333,19359.99999999996,2066,24792,0.2806,0,0,0,0,,,
기본 대분류,음료-B동,코카콜라,002065,31-91-04,미닛메이드조이사과195팩,(195ml*32),32,336.5313,10769.0016,412.5,13200,0.2257,32,1,0,0,,,
기본 대분류,음료-B동,코카콜라,002066,31-19-01,미닛메이드조이오렌지195팩,(195ml*32),32,336.5313,10769.0016,412.5,13200,0.2257,160,5,0,0,,,
기본 대분류,음료-B동,코카콜라,002067,15-08,미닛메이드 시그니처오렌지1.5,1.5L*12,12,3021.9016,36262.8192,3450,41400,0.1417,0,0,0,0,,,
기본 대분류,음료-B동,코카콜라,002068,31-18,미닛메이드 시그니처 오렌지 350,350ml*24,24,912.3333,21895.9992,1141.6667,27400.0008,0.2514,744,31,0,0,,,
기본 대분류,음료-B동,코카콜라,002069,15-08-02,미닛메이드알로에1.5,1.5L*12,12,1613.33333333333,19359.99999999996,2066,24792,0.2806,0,0,0,0,,,
기본 대분류,음료-B동,코카콜라,002070,31-18-02,미닛메이드 시그니처 알로에 350,350ml*24,24,768.8333,18451.9992,879.1667,21100.0008,0.1435,0,0,0,0,,,
기본 대분류,음료-B동,코카콜라,002071,31-19,미닛메이드알로에 175 (126),175ml*30,30,183.3333,5499.999,200,6000,0.0909,0,0,0,0,,,
기본 대분류,음료-B동,코카콜라,002072,31-19-08,미닛메이드매실캔175 (126),175ml*30,30,183.3333,5499.999,233,6990,0.2709,0,0,0,0,,,
기본 대분류,음료-B동,코카콜라,002073,15-08-04,미닛메이드망고1.5,1.5L*12,12,2250,27000,2400,28800,0.0667,0,0,,0,,,
기본 대분류,음료-B동,코카콜라,002074,15-08-05,미닛메이드 제주감귤1.5,1.5L*12,12,1489.6667,17876.0004,1875,22500,0.2587,0,0,0,0,,,
기본 대분류,음료-B동,코카콜라,002075,31-19-02,미닛메이드조이망고195팩,(195ml*32),32,336.5313,10769.0016,412.5,13200,0.2257,0,0,0,0,,,
기본 대분류,세제외-A동,큐원삼양,002076,01-56,미니바설탕(일반)5kg,(5g*100)*10,1000,21,21000,25,25000,0.1905,0,0,0,0,,,
기본 대분류,세제외-A동,기타,002084,05-51.,무궁화하얀비누,(230g*4)*8,32,578.125,18500,687,21984,0.1883,0,0,0,0,,,
기본 대분류,세제외-A동,기타,002085,05-57,무궁화표백비누230g,(230g*4)*8,72,256.9444,18499.996799999997,291,20952,0.1325,0,0,,0,,,
기본 대분류,세제외-A동,기타,002087,05-51,무궁화세탁비누,(230g*4)*8,32,578.125,18500,718,22976,0.2419,0,0,0,0,,,
기본 대분류,음료-B동,한국청정음료,002091,14-53-02,몽베스트2L*6(96),2L*6,6,423,2538,500,3000,0.182,0,0,0,0,,,
기본 대분류,음료-B동,한국청정음료,002092,14-52-01,몽베스트 500ℓ*20(119),500ml*20,20,172.45,3449,202.5,4050,0.1743,0,0,0,0,,,
기본 대분류,음료-B동,한국청정음료,002093,14-52-02,몽베스트 330ml*20(170),330ml*20,20,164.45,3289,215,4300,0.3074,3760,188,0,0,,,
기본 대분류,음료-B동,한국청정음료,002094,14-53-01,몽베스트 1ℓ*12입 (98),1L*12,12,318.085,3817.0199999999995,350,4200,0.1003,1836,153,0,0,,,
기본 대분류,세제외-A동,기타,002096,52-46-02,몰티져스버튼32g,32g*36봉,36,110,3960,138,4968,0.2545,0,0,0,0,,,
기본 대분류,음료-B동,코카콜라,002097,31-03-06,몬스터 파이프라인펀치(빨강)355,355ml*24,24,1204.5417,28909.0008,1491.6667,35800.0008,0.2384,-2016,-84,0,0,,,
기본 대분류,음료-B동,코카콜라,002098,31-03-04,몬스터파라다이스(녹색)355,355ml*24,24,1266.6667,30400.0008,1604.1667,38500.0008,0.2664,-48,-2,0,0,,,
기본 대분류,음료-B동,코카콜라,002099,31-03-01,몬스터 에너지울트라(흰색)355(108),355ml*24,24,1204.5417,28909.0008,1491.6667,35800.0008,0.2384,2184,91,0,0,,,
기본 대분류,음료-B동,코카콜라,002100,31-03-02,몬스터 에너지그린(검정초록) 355(108),355ml*24,24,1204.5417,28909.0008,1491.6667,35800.0008,0.2384,3552,148,0,0,,,
기본 대분류,음료-B동,코카콜라,002101,31-03-03,몬스터 에너지울트라시트라(노랑)355,355ml*24,24,1204.5417,28909.0008,1491.6667,35800.0008,0.2384,2760,115,0,0,,,
기본 대분류,통조림-C동,목우촌,002104,23-85-01,목우촌캔햄(뚝심200),200g*24,24,1680,40320,2000,48000,0.1905,0,0,0,0,,,
기본 대분류,통조림-C동,목우촌,002105,23-85,목우촌뚝심300,300*24,24,2400,57600,2600,62400,0.0833,2880,120,0,0,,,
기본 대분류,통조림-C동,목우촌,002106,23-84,목우촌뚝심(캔햄1호)(98),340g*24,24,2500,60000,2800,67200,0.12,0,0,0,0,,,
기본 대분류,음료-B동,동아제약,002108,28-63,모닝케어레이디,100ml*50,50,800,40000,1600,80000,1,0,0,0,0,,,
기본 대분류,음료-B동,동아제약,002109,28-62,모닝케어강황,100*50,50,800,40000,2000,100000,1.5,0,0,0,0,,,
기본 대분류,음료-B동,동아제약,002110,28-61,모닝케어/동아 (100),100ml*50,50,1200,60000,1800,90000,0.5,0,0,0,0,,,
기본 대분류,음료-B동,동아제약,002111,28-61.,모닝케어(낱병),낱병,1,2000,2000,2500,2500,0.25,0,0,0,0,,,
기본 대분류,음료-B동,동화약품,002116,52-004,명진)표고버섯(슬),3kg*6,6,4200,25200,4200,25200,0,1074,179,0,0,,,
기본 대분류,세제외-A동,기타,002117,39-84-06,명성곰표국수3kg,(3kg*6),6,3800,22800,5000,30000,0.3158,0,0,0,0,,,
기본 대분류,음료-B동,동아제약,002122,28-70,멕소롱 골드액 75ml,75ml*100,100,400,40000,500,50000,0.25,0,0,0,0,,,
기본 대분류,기타,기타,002125,36-08,메가부탄4*7 (64),4*7,7,1914.2857,13399.999899999999,2214,15498,0.1566,0,0,0,0,,,
기본 대분류,음료-B동,동아제약,002127,28-61-05,맨스킨(콘돔)10입*24,(10p*10)*24,240,450,108000,833,199920,0.8511,0,0,0,0,,,
기본 대분류,음료-B동,동아제약,002128,28-61-06,맨스킨(콘돔)10입,(10p*10),10,450,4500,1000,10000,1.2222,0,0,0,0,,,
기본 대분류,음료-B동,일화,002129,29-01-03,맥콜캔 350 (100),350ml*24,24,465.2085,11165.004,541.6667,13000.0008,0.1644,19320,805,0,0,,,
기본 대분류,음료-B동,일화,002130,29-20,맥콜캔 160 (업소용)(143),160ml*30,30,233,6990,333,9990,0.4292,0,0,0,0,,,
기본 대분류,음료-B동,일화,002131,29-01-01,맥콜250캔(씩스팩),250(6*5),30,466.666666666667,14000.000000000011,666,19980,0.4271,0,0,,0,,,
기본 대분류,음료-B동,일화,002132,29-02-02,맥콜1.5 6입(72),1.5*6,6,1083.3333,6499.9998,1500,9000,0.3846,0,0,0,0,,,
기본 대분류,음료-B동,일화,002133,29-03,맥콜 500 (66),500ml*20,20,850,17000,1100,22000,0.2941,60,3,0,0,,,
기본 대분류,음료-B동,일화,002134,29-01,맥콜 250 (110),250ml*30,30,433.335,13000.05,570.6667,17120.001,0.3169,5910,197,0,0,,,
기본 대분류,음료-B동,일화,002135,29-19,맥콜 190 업소용(132),190ml*30,30,300,9000,400,12000,0.3333,34350,1145,0,0,,,
기본 대분류,음료-B동,일화,002136,29-02,맥콜 1.5 (40),1.5L*12,12,1416.6667,17000.0004,1833.3333,21999.9996,0.2941,1890,157,6,0,,,
기본 대분류,음료-B동,동서식품,002138,24-31,맥심화이트골드50t(연아),50*18,18,5390,97020,6667.7778,120020.00039999999,0.2371,0,0,0,0,,,
기본 대분류,음료-B동,동서식품,002140,24-59,맥심화이트골드230T,230T*4,4,19700,78800,21750,87000,0.1041,0,0,,0,,,
기본 대분류,음료-B동,동서식품,002141,24-14,맥심화이트골드180T(연아),(180+20)*4,4,18100,72400,20000,80000,0.105,0,0,,0,,,
기본 대분류,음료-B동,동서식품,002143,24-28-02,맥심티오피스위트아메리카노 380ml(96),380ml*20,20,937.95,18759,1200,24000,0.2794,0,0,0,0,,,
기본 대분류,음료-B동,동서식품,002144,24-28-03,맥심티오피 더블랙 380ml(96),380ml*20,20,937.95,18759,1200,24000,0.2794,0,0,0,0,,,
기본 대분류,음료-B동,동서식품,002145,24-28-01,맥심티오피 마스터라떼 380ml(96),380ml*20,20,937.95,18759,1200,24000,0.2794,40,2,0,0,,,
기본 대분류,통조림-C동,동서식품,002148,24-12-05,맥심부드러운블랙100T/모카 (60),100T*8,8,8300,66400,9500,76000,0.1446,0,0,0,0,,,
기본 대분류,통조림-C동,동서식품,002149,24-12-06,맥심부드러운블랙100T(오리지날),100T*8,8,8300,66400,9500,76000,0.1446,0,0,0,0,,,
기본 대분류,통조림-C동,동서식품,002150,24-12-07,맥심부드러운블랙100T(아라비카),100T*8,8,8400,67200,9250,74000,0.1012,0,0,,0,,,
기본 대분류,통조림-C동,동서식품,002152,24-11-03,맥심모카골드기획(50T+20T),(50+20)*12,12,6000,72000,7333,87996,0.2222,0,0,0,0,,,
기본 대분류,통조림-C동,동서식품,002153,24-12,맥심모카골드90T(50+20+20),50*8,8,7600,60800,8750,70000,0.1513,0,0,,0,,,
기본 대분류,통조림-C동,동서식품,002154,24-11,맥심모카골드50T*18(30),50T*18,18,5500,99000,6667,120006,0.2122,0.48,0,0,0,,,
기본 대분류,통조림-C동,동서식품,002155,24-11-02,맥심모카골드50T (2+1기획)(50t*2+50t)*6볼,(50t*2+50t)*6볼,6,13200,79200,15000,90000,0.1364,0,0,0,0,,,
기본 대분류,통조림-C동,동서식품,002156,24-71,맥심모카골드240T,240*4,4,21260,85040,23500,94000,0.1054,0,0,,0,,,
기본 대분류,통조림-C동,동서식품,002157,24-15-03,동서맥심모카골드230T*4(30),230T*4,4,24150,96600,40000,160000,0.6563,0,0,0,0,,,
기본 대분류,통조림-C동,동서식품,002159,24-15-05,동서맥심모카골드22호(230T)가방형(30),230T*4,4,23750,95000,40000,160000,0.6842,0,0,0,0,,,
기본 대분류,통조림-C동,동서식품,002160,24-15-02,맥심모카골드210T,210T*4,4,17800,71200,20000,80000,0.1236,0,0,0,0,,,
기본 대분류,통조림-C동,동서식품,002161,24-15-01,맥심모카골드20호/4세트( 200T)-(BOX),200T*4,4,16500,66000,23750,95000,0.4394,0,0,0,0,,,
기본 대분류,통조림-C동,동서식품,002162,24-10,맥심모카골드20T(56),20T * 24,24,3300,79200,5000,120000,0.5152,0,0,0,0,,,
기본 대분류,통조림-C동,동서식품,002164,24-12-01,맥심모카골드100T (30),100T*8,8,12300,98400,14500,116000,0.1789,0,0,0,0,,,
기본 대분류,통조림-C동,동서식품,002165,24-12-08,맥심모카골드(기획)120T,{40*(2+1)}*6 (28),6,10000,60000,12000,72000,0.2,0,0,0,0,,,
기본 대분류,통조림-C동,동서식품,002166,24-11-04,맥심모카골드 90T+10,90T*8,8,8150,65200,9375,75000,0.1503,0,0,,0,,,
기본 대분류,통조림-C동,동서식품,002167,24-15-08,맥심모카골드 250T,250T*4,4,24405,97620,35320,141280,0.4472,0,0,0,0,,,
기본 대분류,통조림-C동,동서식품,002168,24-12-10,맥심모카골드 180+20(36),(180*20)*4,4,26556,106224,32000,128000,0.205,304,76,0,0,,,
기본 대분류,통조림-C동,동서식품,002169,24-12-09,맥심모카골드 150+20(30),(150T+20)*6,6,14950,89700,18333,109998,0.2263,0,0,0,0,,,
기본 대분류,음료-B동,동서식품,002179,24-071-06,맥스웰콜롬비아나 마스터스위트블랙 500,500ml*20,20,893.8,17876,1000,20000,0.1188,0,0,0,0,,,
기본 대분류,음료-B동,동서식품,002180,24-071-07,맥스웰콜롬비아나 마스터블랙500,500ml*20,20,893.8,17876,1180,23600,0.3202,0,0,0,0,,,
기본 대분류,음료-B동,동서식품,002181,24-071-05,맥스웰콜롬비아나 마스터라떼500,500ml*20,20,893.8,17876,1180,23600,0.3202,0,0,0,0,,,
기본 대분류,음료-B동,동서식품,002182,24-16.,맥스웰커피믹스230T,230T*4,4,11000,44000,18000,72000,0.6364,0,0,0,0,,,
기본 대분류,통조림-C동,동서식품,002184,24-16,맥스웰하우스 커피믹스100T,1.2*8,8,6500,52000,8500,68000,0.3077,0,0,0,0,,,
기본 대분류,음료-B동,동서식품,002185,24-01-02,맥스웰캔커피200 식스팩,200*36,36,200,7200,220,7920,0.1,0,0,0,0,,,
기본 대분류,음료-B동,매일유업,002192,25-07-01,매일두유 초콜릿 190ml,190*24,24,425.7,10216.8,637,15288,0.4964,0,0,0,0,,,
기본 대분류,음료-B동,매일유업,002193,25-07-02,매일허쉬드링크초콜릿 235 (팩),(235ml*6)*4 (24입),24,570.9167,13702.0008,625,15000,0.0947,0,0,0,0,,,
기본 대분류,파렛트,파렛트,002194,20-16,매일파렛트,,1,0,0,0,0,0,215,215,0,0,,,
기본 대분류,음료-B동,매일유업,002195,25-01,매일카페라떼마일드컵 (126),220ml*10,10,950,9500,1050,10500,0.1053,570,57,0,0,,,
기본 대분류,음료-B동,매일유업,002196,25-01-01,매일카페라떼마일드로어슈거,220ml*10,10,950,9500,1050,10500,0.1053,-30,-3,0,0,,,
기본 대분류,음료-B동,매일유업,002199,25-17-02,매일/멸균초코우유200,200ml*24,24,430,10320,500,12000,0.1628,0,0,0,0,,,
기본 대분류,음료-B동,매일유업,002200,25-17-04,★면세★ 매일멸균우유 1L,1L*10,10,2060,20600,3000,30000,0.4563,0,0,0,0,,,
기본 대분류,음료-B동,매일유업,002201,25-04,매일까페라떼카푸치노컵 220 (180)-단종,220ml*10,10,710,7100,870,8700,0.2254,0,0,0,0,,,
기본 대분류,음료-B동,매일유업,002202,25-02,매일카페라떼카라멜마끼아또컵 (126),220ml*10,10,950,9500,1050,10500,0.1053,160,16,0,0,,,
기본 대분류,음료-B동,매일유업,002208,25-14-03,매일/뼈칼호두&땅콩미드팩190(16*4),190ml(16*4),60,337.066666666667,20224.000000000022,453,27180,0.3439,0,0,0,0,,,
기본 대분류,음료-B동,매일유업,002209,25-14-06,매일/뼈칼슘호두&땅콩미드팩190(24*3),190ml(24*3),72,316,22752,366,26352,0.1582,0,0,,0,,,
기본 대분류,음료-B동,매일유업,002210,25-142,매일/뼈칼슘두유 헬리캡(담백한)(95),950*10,10,792,7920,1600,16000,1.0202,0,0,0,0,,,
기본 대분류,음료-B동,매일유업,002211,25-14-04,매일/뼈칼두유담백미드팩190(24*3),190ml(24*3),72,316,22752,366,26352,0.1582,0,0,0,0,,,
기본 대분류,음료-B동,매일유업,002212,25-14-01,매일/뼈칼두유담백미드팩190(16*4),190ml(16*4),60,290.133333333333,17407.999999999978,394,23640,0.358,0,0,,0,,,
기본 대분류,음료-B동,매일유업,002213,25-14-05,매일/뼈로가는고칼슘검은콩미드팩 단상자 190(24*3),190ml(24*3),72,378.3889,27244.000799999998,416.6667,30000.002399999998,0.1012,0,0,0,0,,,
기본 대분류,음료-B동,매일유업,002214,25-14-02,매일/뼈칼검은콩진미드팩 190(16*4),190ml(16*4),60,337.0667,20224.002,416,24960,0.2342,0,0,0,0,,,
기본 대분류,음료-B동,매일유업,002215,25-08-03,매일/바리스타-카라멜딥프레소,250ml*10,10,1595,15950,1910,19100,0.1975,0,0,0,0,,,
기본 대분류,음료-B동,매일유업,002216,25-08-01,매일/바리스타-에스프레소라떼,250ml*10,10,1595,15950,1910,19100,0.1975,0,0,0,0,,,
기본 대분류,음료-B동,매일유업,002217,25-08-04,매일/바리스타-스모키,250ml*10,10,1359,13590,1910,19100,0.4054,0,0,0,0,,,
기본 대분류,음료-B동,매일유업,002218,25-08-02,매일/바리스타-모카프레소,250ml*10,10,1595,15950,1910,19100,0.1975,0,0,0,0,,,
기본 대분류,음료-B동,매일유업,002219,25-08-05,매일/바리스타-로어슈거,250ml*10,10,1595,15950,1910,19100,0.1975,0,0,0,0,,,
기본 대분류,음료-B동,매일유업,002221,25-17,★면세★매일/멸균소화가잘되는우유 190,190ml*24,24,585,14040,667,16008,0.1402,0,0,0,0,,,
기본 대분류,음료-B동,롯데칠성음료,002231,27-98,망고페트400/롯데칠성,300*24,24,604.166666666667,14500.000000000007,812,19488,0.344,0,0,,0,,,
기본 대분류,세제외-A동,청정원,002235,01-12,맛소금500g포,500*40,40,1075,43000,1225,49000,0.1395,0,0,,0,,,
기본 대분류,세제외-A동,청정원,002236,01-12.,맛소금500g봉지,1봉지,1,11500,11500,12500,12500,0.087,0,0,,0,,,
기본 대분류,세제외-A동,청정원,002237,01-14.,맛소금250g봉지,1봉,1,12000,12000,12500,12500,0.0417,0,0,,0,,,
기본 대분류,세제외-A동,청정원,002238,01-14,맛소금250g,250g*80,80,562.5,45000,625,50000,0.1111,0,0,,0,,,
기본 대분류,세제외-A동,청정원,002239,01-13.,맛소금1kg봉지,1kg*4,4,2250,9000,0,0,-1,0,0,,0,,,
기본 대분류,세제외-A동,청정원,002240,01-13,맛소금1k,1k*(5*4)=20,20,1800,36000,2000,40000,0.1111,0,0,,0,,,
기본 대분류,세제외-A동,청정원,002241,01-15,맛소금100g(포),100g*(20개*10봉),200,320,64000,350,70000,0.0938,0,0,,0,,,
기본 대분류,세제외-A동,청정원,002242,01-15.,맛소금100g(봉지),100*20,20,320,6400,340,6800,0.0625,0,0,,0,,,
기본 대분류,음료-B동,롯데칠성음료,002262,27-33..,마운틴듀400/롯데칠성,400*20,20,550,11000,850,17000,0.5455,0,0,,0,,,
기본 대분류,음료-B동,롯데칠성음료,002263,27-330,마운틴듀355ml뚱캔 (99),355ml*24,24,504.2495,12101.988000000001,741.6667,17800.0008,0.4708,24,1,0,0,,,
기본 대분류,음료-B동,롯데칠성음료,002264,27-33.,롯데칠성 마운틴듀1.5,1.5L*12,12,1595.5,19146,2000,24000,0.2535,0,0,0,0,,,
기본 대분류,음료-B동,롯데칠성음료,002270,27-91-02,립톤아이스티복숭아뚱캔355/99,355ml*24,24,445.4167,10690.0008,666.6667,16000.0008,0.4967,-504,-21,0,0,,,
기본 대분류,음료-B동,롯데칠성음료,002271,30-29.,립톤복숭아캔240/롯데칠성,240*30,30,509.1,15273,600,18000,0.1786,0,0,0,0,,,
기본 대분류,음료-B동,롯데칠성음료,002272,27-91,롯데립톤복숭아500ml,(500ml*20),20,722.55,14451,825,16500,0.1418,0,0,0,0,,,
기본 대분류,음료-B동,동아오츠카,002281,28-22-01,리뉴얼 오라떼피치캔(복숭아),240*30,30,250,7500,333,9990,0.332,0,0,0,0,,,
기본 대분류,음료-B동,동아오츠카,002283,28-22-02,리뉴얼 오라떼오렌지캔,,1,0,0,0,0,0,0,0,,0,,,
기본 대분류,음료-B동,동아오츠카,002284,28-22-04,리뉴얼 오라떼애플캔,240*30,30,250,7500,316,9480,0.264,0,0,0,0,,,
기본 대분류,음료-B동,HK이노앤,002288,55-04-04,르블렌 자몽히비스커스 500ml*24BT,500ml*24,24,500,12000,641,15384,0.282,0,0,0,0,,,
기본 대분류,통조림-C동,남양유업,002290,21-108-02,루카스 나인바닐라라떼 30T (84),30T*4,4,9487,37948,12000,48000,0.2649,289,72,1,0,,,
기본 대분류,음료-B동,남양유업,002298,21-118,루카스나인돌체라떼 30T,30T*4,4,7700,30800,10032,40128,0.3029,0,0,0,0,,,
기본 대분류,통조림-C동,남양유업,002299,21-108-03,루카스나인그린티라떼 30T,30T*4,4,8185,32740,12500,50000,0.5272,0,0,0,0,,,
기본 대분류,음료-B동,남양유업,002300,21-108-13,루카스나인 티라미수라떼30T,30t*4,4,7865,31460,12500,50000,0.5893,0,0,0,0,,,
기본 대분류,통조림-C동,남양유업,002301,21-108-04,루카스나인 스위트라떼 30T,30T*4,4,7865,31460,12500,50000,0.5893,0,0,0,0,,,
기본 대분류,음료-B동,남양유업,002302,21-107-02,루카스나인 바닐라라떼10t,10*10,10,3324,33240,3100,31000,-0.0674,0,0,0,0,,,
기본 대분류,음료-B동,남양유업,002303,21-107-01,루카스 나인라떼10t,10*10,10,3079,30790,2800,28000,-0.0906,0,0,0,0,,,
기본 대분류,통조림-C동,남양유업,002304,21-108-01,루카스 나인라떼 30T (30),30T*4,4,8785,35140,11000,44000,0.2521,44,11,0,0,,,
기본 대분류,통조림-C동,남양유업,002305,21-108-05,루카스 나인더블샷라떼 30T (30),30T*4,4,9487,37948,12000,48000,0.2649,93,23,1,0,,,
기본 대분류,음료-B동,남양유업,002306,21-203,루카스 나인더블샷라떼 10T,10*10,10,3324,33240,3000,30000,-0.0975,0,0,0,0,,,
기본 대분류,통조림-C동,롯데푸드(삼강),002311,36-99,롯데후르츠칵테일(3.05kg),3.05*6,6,6512,39072,7250,43500,0.1133,0,0,,0,,,
기본 대분류,반품,반품,002312,60-21,롯데햄제품반품,0,0,0,0,0,0,0,1,0,1,0,,,
기본 대분류,통조림-C동,롯데푸드(삼강),002315,36-93,롯데파인애플(슬)836g,836*12,12,2052.5,24630,2250,27000,0.0962,0,0,,0,,,
기본 대분류,통조림-C동,롯데푸드(삼강),002316,36-98,롯데파인애플(3.05kg),3.05*6,6,6400,38400,7600,45600,0.1875,0,0,,0,,,
기본 대분류,파렛트,파렛트,002317,27-50,롯데파렛트,,0,0,0,0,0,0,0,0,0,0,,,
기본 대분류,세제외-A동,롯데푸드,002319,16-93,롯데콩식용유(18L),18L,1,42000,42000,30000,30000,-0.2857,0,0,0,0,,,
기본 대분류,반품,반품,002320,60-05,롯데칠성반품,0,1,0,0,0,0,0,6,6,0,0,,,
기본 대분류,음료-B동,롯데칠성음료,002322,65-05,롯데에비앙330,330ml*24,24,831.25,19950,1000,24000,0.203,0,0,0,0,,,
기본 대분류,통조림-C동,롯데푸드(삼강),002329,38-08,롯데스위트콘(소)410g,410g*24,24,500,12000,600,14400,0.2,0,0,,0,,,
기본 대분류,통조림-C동,롯데푸드(삼강),002330,38-07,롯데스위트콘(대)2.85kg,2.95kg*6*(56),6,2500,15000,2800,16800,0.12,0,0,0,0,,,
기본 대분류,통조림-C동,롯데,002335,16-24-01,롯데프리미엄 복합4호/3세트(BOX),런천200*12,3,15000,45000,20000,60000,0.3333,0,0,0,0,,,
기본 대분류,통조림-C동,롯데,002344,16-31-02,롯데 프리미엄 런천미트2호/ 3세트 -(BOX)(42),200g*16*3set-(BOX),3,24800,74400,28500,85500,0.1492,0,0,0,0,,,
기본 대분류,통조림-C동,롯데,002345,16-06,롯데런천미트(小)200  (143),200g*24,24,1250,30000,1500,36000,0.2,0,0,0,0,,,
기본 대분류,음료-B동,롯데칠성음료,002349,81-23,롯데고향집식혜175,175ml*30,30,222,6660,333,9990,0.5,0,0,,0,,,
기본 대분류,통조림-C동,롯데,002350,16-04-02,롯데고추장고기볶음80g,80g*48,48,1000,48000,1400,67200,0.4,0,0,0,0,,,
기본 대분류,음료-B동,롯데칠성음료,002353,27-75,롯데/제주감귤캔175(143),175ml*30,30,161.2,4836,200,6000,0.2407,0,0,0,0,,,
기본 대분류,음료-B동,롯데칠성음료,002354,27-75-01,롯데/옥수수수염차175(143),175ml*30,30,162,4860,200,6000,0.2346,0,0,0,0,,,
기본 대분류,음료-B동,롯데칠성음료,002355,27-77-01,롯데/오렌지175 (143),175ml*30,30,161.2,4836,200,6000,0.2407,0,0,0,0,,,
기본 대분류,음료-B동,롯데칠성음료,002356,27-51-02,롯데/쌕쌕(포도)238ml,238ml*72,72,263.8889,19000.000799999998,416,29952,0.5764,0,0,,0,,,
기본 대분류,음료-B동,롯데칠성음료,002357,27-51,롯데/쌕쌕(오렌지)238ml,238ml*72,72,445.8335,32100.012000000002,522.2222,37599.998400000004,0.1713,0,0,0,0,,,
기본 대분류,음료-B동,롯데칠성음료,002358,27-76,롯데/석류캔175(156),175ml*30,30,162,4860,200,6000,0.2346,0,0,0,0,,,
기본 대분류,음료-B동,롯데칠성음료,002359,27-78,롯데/사과캔 175 (143),175ml*30,30,161.2,4836,200,6000,0.2407,0,0,0,0,,,
기본 대분류,음료-B동,롯데칠성음료,002360,27-78-04,롯데/비타파워180,180ml*30,30,329.3333,9879.999,400,12000,0.2146,0,0,0,0,,,
기본 대분류,음료-B동,롯데칠성음료,002361,27-77,롯데/매실캔175 (143),175ml*30,30,161.2,4836,200,6000,0.2407,0,0,0,0,,,
기본 대분류,음료-B동,롯데칠성음료,002362,27-751,롯데/망고캔175 (143),175ml*30,30,161.2,4836,200,6000,0.2407,0,0,0,0,,,
기본 대분류,음료-B동,롯데칠성음료,002363,27-33,롯데/마운틴듀캔,250ml*30,30,478.333333333333,14349.999999999989,533,15990,0.1143,0,0,0,0,,,
기본 대분류,음료-B동,롯데칠성음료,002364,27-42,롯데/델몬트제주감귤1.5 (44),1.5L*12,12,1266.6667,15200.0004,1616.6667,19400.0004,0.2763,0,0,0,0,,,
기본 대분류,음료-B동,롯데칠성음료,002365,27-78-05,롯데/델몬트알로에180 (143),180*30,30,337.6,10128,400,12000,0.1848,0,0,,0,,,
기본 대분류,음료-B동,롯데칠성음료,002366,81-29,롯데 칸타타 아이스카라멜마끼아또 파우치230,230*(10*5),50,519.04,25952,720,36000,0.3872,7630,152,30,0,,,
기본 대분류,음료-B동,롯데칠성음료,002367,81-30,롯데 칸타타 아이스헤이즐넛 파우치230,230*(10*5),50,519.04,25952,720,36000,0.3872,2710,54,10,0,,,
기본 대분류,음료-B동,롯데칠성음료,002368,81-28,롯데 칸타타 아이스 스위트아메리카노제로 파우치230,230*(10*5),50,519.04,25952,720,36000,0.3872,17170,343,20,0,,,
기본 대분류,음료-B동,롯데칠성음료,002369,81-27,롯데 칸타타 아이스블랙 파우치230,230*(10*5),50,519.04,25952,720,36000,0.3872,5030,100,30,0,,,
기본 대분류,음료-B동,롯데칠성음료,002370,21-04-01,롯데 초가을우엉차500(50),,1,11645,11645,15000,15000,0.2881,0,0,0,0,,,
기본 대분류,음료-B동,롯데칠성음료,002371,81-25,롯데 수미네잔치집식혜뚱340 (100),340ml*24,24,441.25,10590,791.6667,19000.0008,0.7941,-144,-6,0,0,,,
기본 대분류,음료-B동,롯데칠성음료,002372,81-24,롯데 잔치집식혜240,240*30,30,386.6667,11600.001,466,13980,0.2052,0,0,0,0,,,
기본 대분류,통조림-C동,롯데,002390,16-01,로스팜 97%(마일드)340(91),340g*24,24,2650,63600,3000,72000,0.1321,1041,43,9,0,,,
기본 대분류,통조림-C동,롯데,002391,16-02,로스팜(마일드)200(143),200g*24,24,800,19200,2366.6667,56800.00080000001,1.9583,-19,0,-19,0,,,
기본 대분류,음료-B동,롯데칠성음료,002399,27-103-03,레쓰비카페타임모닝커피240/롯데칠성,240*30,30,327.8667,9836.001,500,15000,0.525,0,0,0,0,,,
기본 대분류,음료-B동,롯데칠성음료,002400,27-103,레쓰비카페타임라떼240(110),240ml*30,30,501.135,15034.05,666.6667,20000.001,0.3303,0,0,0,0,,,
기본 대분류,음료-B동,롯데칠성음료,002401,27-103-05,레쓰비연유커피240,240*30,30,464,13920,566,16980,0.2198,0,0,0,0,,,
기본 대분류,음료-B동,롯데칠성음료,002402,27-103-02,레쓰비아메리카노240,240*30,30,407,12210,450,13500,0.1057,0,0,,0,,,
기본 대분류,음료-B동,롯데칠성음료,002403,27-103-04,레쓰비솔트커피 240,240*30,30,464,13920,566,16980,0.2198,0,0,0,0,,,
기본 대분류,음료-B동,롯데칠성음료,002404,27-07-05,레쓰비모카라떼175,175ml*30,30,332.5,9975,443.335,13300.05,0.3333,0,0,0,0,,,
기본 대분류,음료-B동,롯데칠성음료,002405,27-07,레쓰비175(156)(143),175ml*30,30,307.8,9234,436.6667,13100.001,0.4187,9630,321,0,0,,,
기본 대분류,음료-B동,롯데칠성음료,002406,27-07-01,레쓰비(업소용) 150(165),150ml*30,30,212.1333,6363.999,240,7200,0.1314,0,0,0,0,,,
기본 대분류,음료-B동,롯데칠성음료,002407,27-12-01,레쓰비 마일드 240,240ml*30,30,394.3333,11829.999,550,16500,0.3948,0,0,0,0,,,
기본 대분류,음료-B동,롯데칠성음료,002408,27-12,레쓰비 마일드 190 (144),190ml*30,30,233.3333,6999.999,333,9990,0.4271,0,0,0,0,,,
기본 대분류,음료-B동,롯데칠성음료,002411,27-106,레몬에이드캔240/롯데칠성,240*30,30,300,9000,400,12000,0.3333,0,0,,0,,,
기본 대분류,기타,기타,002412,200-05,랩/아주,,1,29700,29700,40000,40000,0.3468,0,0,0,0,,,
기본 대분류,반품,반품,002413,60-30,라면제품반품,0,0,0,0,0,0,0,8,0,8,0,,,
기본 대분류,세제외-A동,기타,002433,80-80-06,디스파서블 페이스  마스크,1곽*50입,50,142,7100,200,10000,0.4085,0,0,0,0,,,
기본 대분류,음료-B동,동화약품,002446,38-11,동화지파크에너지드링크,250ml*30,30,550,16500,660,19800,0.2,0,0,0,0,,,
기본 대분류,음료-B동,동화약품,002448,38-09-05,동화 부채표쌍화원100ml(55),100*100,100,250,25000,300,30000,0.2,0,0,0,0,,,
기본 대분류,음료-B동,동화약품,002449,28-60-04,동화생생톤120ml(50병),120ml*(10병*5),50,275.6,13780.000000000002,352,17600,0.2772,0,0,0,0,,,
기본 대분류,음료-B동,동화약품,002450,25-25,동화비타천플러스100ml,(100ml*10)*10,100,240,24000,280,28000,0.1667,0,0,0,0,,,
기본 대분류,음료-B동,동화약품,002451,38-09,동화까스활액75ml(120입),75*120/50,120,528,63360,702.2417,84269.004,0.33,0,0,0,0,,,
기본 대분류,음료-B동,동화약품,002452,38-09-02,동화까스활액75(40입),75*40,40,475,19000,550,22000,0.1579,0,0,,0,,,
기본 대분류,음료-B동,동화약품,002453,38-09-01,동화까스활액75(30입),75*30,30,475,14250,546,16380,0.1495,0,0,,0,,,
기본 대분류,음료-B동,동화약품,002454,38-09-03,동화까스활75ml (60입),75ml*60,60,613.8,36828,800,48000,0.3034,33840,564,0,0,,,
기본 대분류,음료-B동,동화약품,002455,38-10,동화/쌍화골드도라지,100ml*100,100,200,20000,250,25000,0.25,0,0,,0,,,
기본 대분류,통조림-C동,동표,002456,46-04,동표을지로골뱅이400g,400g*24,24,6600,158400,8000,192000,0.2121,409,17,1,0,,,
기본 대분류,통조림-C동,동표,002457,46-04-02,동표을지로골뱅이140g,140g*48,48,3190,153120,3829.1667,183800.00160000002,0.2004,2808,58,24,0,,,
기본 대분류,통조림-C동,동표,002458,46-04-01,동표을지로골뱅이 230 (96),230g*24,24,4085,98040,5600,134400,0.3709,2934,122,6,0,,,
기본 대분류,통조림-C동,동표,002459,46-01.,동표번데기탕130,130g*48,48,500,24000,600,28800,0.2,0,0,,0,,,
기본 대분류,통조림-C동,동표,002460,46-03,동표번데기280g(96),280g*24,24,825,19800,940,22560,0.1394,0,0,,0,,,
기본 대분류,통조림-C동,동표,002461,46-01,동표번데기128g(단종),128g*48,48,451,21648,600,28800,0.3304,0,0,,0,,,
기본 대분류,반품,반품,002462,60-50,동표반품,0,0,0,0,0,0,0,1,0,1,0,,,
기본 대분류,통조림-C동,동표,002463,46-09,동표갯골뱅이400,400g*24,24,1800,43200,2500,60000,0.3889,0,0,,0,,,
기본 대분류,통조림-C동,동원에프앤비,002466,11-61,동원황도(슬라이스) (88),400g*24,24,1350,32400,2000,48000,0.4815,0,0,0,0,,,
기본 대분류,통조림-C동,동원에프앤비,002467,11-60,동원황도(2절),400g*24,24,1050,25200,1150,27600,0.0952,0,0,,0,,,
기본 대분류,통조림-C동,동원에프앤비,002468,11-45,동원화끈한골뱅이400,400g*24,24,5300,127200,5500,132000,0.0377,0,0,0,0,,,
기본 대분류,음료-B동,동원음료,002469,12-11,동원홍차순복숭아맛175 (144),175ml*30,30,193.6667,5810.001,240,7200,0.2392,0,0,0,0,,,
기본 대분류,통조림-C동,동원에프앤비,002472,50-23..,동원혼합46호-(set),(원소12+리챔소3),1,20500,20500,22550,22550,0.1,0,0,,0,,,
기본 대분류,음료-B동,동원음료,002474,12-20-01,동원헛개열매500,500ml*20,20,625,12500,900,18000,0.44,0,0,0,0,,,
기본 대분류,통조림-C동,동원에프앤비,002475,50-08,동원행호/3세트-(BOX),150g*30*3set,3,45000,135000,58333,174999,0.2963,0,0,,0,,,
기본 대분류,통조림-C동,동원에프앤비,002476,50-2911,동원행호-(set),1set,1,51000,51000,55500,55500,0.0882,0,0,,0,,,
기본 대분류,통조림-C동,동원에프앤비,002477,50-291,동원행호,30*3set,3,51000,153000,55500,166500,0.0882,0,0,,0,,,
기본 대분류,통조림-C동,동원에프앤비,002478,11-46,동원포도씨유참치250g,250g*36,36,3498,125928,3611,129996,0.0323,0,0,,0,,,
기본 대분류,통조림-C동,동원에프앤비,002479,11-52,동원포도씨유참치(중),150*48,48,2493,119664,2650,127200,0.063,0,0,,0,,,
기본 대분류,통조림-C동,동원에프앤비,002480,11-47,동원포도씨유참치(소),100*60,60,1872.6,112356,2000,120000,0.068,0,0,,0,,,
기본 대분류,통조림-C동,동원에프앤비,002481,11-32.,동원파인애플836g(24입)(48),836*24,24,1850,44400,2310,55440,0.2486,0,0,0,0,,,
기본 대분류,통조림-C동,동원에프앤비,002482,11-31,동원파인애플234g,234*24,24,1000,24000,1083,25992,0.083,0,0,,0,,,
기본 대분류,통조림-C동,동원에프앤비,002485,52-27,동원특15호/5세트-(BOX)/24,5set(참치150*6+카놀500*2),5,19000,95000,22000,110000,0.1579,0,0,0,0,,,
기본 대분류,음료-B동,동원음료,002489,12-34,동원쿨피스 파인애플뚱캔350,350ml*24,24,469.9583,11278.9992,625,15000,0.3299,6858,285,18,0,,,
기본 대분류,통조림-C동,동원에프앤비,002492,50-24-01,동원튜나런천67호 / 4세트-(BOX)/30,(살코기135g*12*런천200g4)*4,4,27000,108000,35000,140000,0.2963,0,0,0,0,,,
기본 대분류,통조림-C동,동원에프앤비,002496,50-18,동원캔57호/4세트 (30),살코기150g*12+리챔200*4)*4,4,32000,128000,36000,144000,0.125,-0.4,0,0,0,,,
기본 대분류,통조림-C동,동원에프앤비,002502,50-01,동원친호 / 6세트-(BOX)/40,참치150*12,6,25800,154800,30000,180000,0.1628,0,0,0,0,,,
기본 대분류,통조림-C동,동원에프앤비,002503,50-03,동원친100호 / 6세트-(BOX),참치100*12,6,21000,126000,25200,151200,0.2,0,0,0,0,,,
기본 대분류,음료-B동,동원음료,002506,12-36,동원청매실병,180ml*48,48,364.583333333333,17499.99999999998,416,19968,0.141,0,0,,0,,,
기본 대분류,통조림-C동,동원에프앤비,002508,11-01,동원참치살코기라이트(원소)100g,100g*60,60,1200,72000,1675,100500,0.3958,0,0,0,0,,,
기본 대분류,통조림-C동,동원에프앤비,002509,11-02,동원참치살코기(원중)150g,150g*48,48,1930,92640,2562.5,123000,0.3277,0,0,0,0,,,
기본 대분류,통조림-C동,동원에프앤비,002510,11-03,동원참치살코기라이트 200g,200g*36,36,2230,80280,3000,108000,0.3453,276,7,24,0,,,
기본 대분류,통조림-C동,동원에프앤비,002511,11-04,동원참치마일드200g (104),200g*36,36,2100,75600,3500,126000,0.6667,0,0,0,0,,,
기본 대분류,통조림-C동,동원에프앤비,002512,11-40-02,동원참치기획쿡담-3입(참치150*3)*12,(150*3)*12,36,1400,50400,1750,63000,0.25,0,0,0,0,,,
기본 대분류,통조림-C동,동원에프앤비,002513,11-40-08,동원참치기획쿡담3입(살코기135*3)*12,(살코기135*3)*12,36,1350,48600,1666,59976,0.2341,0,0,0,0,,,
기본 대분류,통조림-C동,동원에프앤비,002514,81-21,동원참치기획DHA150(36입),(150*36),36,1400,50400,2222,79992,0.5871,0,0,0,0,,,
기본 대분류,통조림-C동,동원에프앤비,002515,11-40-03,동원참치기획(원중3+매운고추참치150 1),(3+1)*12,48,1270,60960,1400,67200,0.1024,0,0,0,0,,,
기본 대분류,통조림-C동,동원에프앤비,002516,11-40-04,동원참치기획(원중2+DHA150 1+마일드150 1),4*12,12,5900,70800,7500,90000,0.2712,0,0,0,0,,,
기본 대분류,통조림-C동,동원에프앤비,002517,11-40,동원참치기획(살코기100g*4+고추100g*4)*10 (80),(살코기100g*4+고추100g*4)*10,80,1320,105600,1800,144000,0.3636,0,0,0,0,,,
기본 대분류,통조림-C동,동원에프앤비,002518,11-40-07,동원참치기획(뉴쿡담)-8입/(살코기150*6+DHA150*2)*6 (96),(살코기150*6)+(DHA150*2)*6,48,1750,84000,2500,120000,0.4286,0,0,0,0,,,
기본 대분류,통조림-C동,동원에프앤비,002519,11-40-013,동원참치기획(LA 100*2+매운고추100*2)*20,(LA100*2+매운고추100*2)*20,20,4000,80000,5000,100000,0.25,0,0,0,0,,,
기본 대분류,통조림-C동,동원에프앤비,002520,11-40-05,동원참치기획(DHA100*2+매운고추100*2)*20,(DHA100*2+매운고추100*2)*20,20,4200,84000,5000,100000,0.1905,0,0,0,0,,,
기본 대분류,통조림-C동,동원에프앤비,002521,11-05-10,동원참치기획 살코기(150*3)*12,(150g*3)*12,36,1500,54000,1900,68400,0.2667,0,0,0,0,,,
기본 대분류,통조림-C동,동원에프앤비,002522,11-40-112,동원참치기획 고추150g*12캔(360),(고추참치 150g*12캔),12,1750,21000,2200,26400,0.2571,0,0,0,0,,,
기본 대분류,통조림-C동,동원에프앤비,002523,11-40-01,동원참치기획 살코기135g(10입),(살135g*10)*6,60,1700,102000,2500,150000,0.4706,0,0,0,0,,,
기본 대분류,통조림-C동,동원에프앤비,002524,11-40-003,동원참치기획 살코기 150*12(360),(살코기 150*12),12,1900,22800,2200,26400,0.1579,0,0,0,0,,,
기본 대분류,통조림-C동,동원에프앤비,002525,11-40-06,동원참치기획 (뉴쿡담)-4입/(150*1+100*3)*12,(살150*1)+(살100*3)*12,12,4500,54000,5166,61992,0.148,0,0,0,0,,,
기본 대분류,통조림-C동,동원에프앤비,002526,50-39,동원참치10호/4세트-(BOX),150참치12*런천소4*4set,4,30000,120000,35000,140000,0.1667,0,0,0,0,,,
기본 대분류,통조림-C동,동원에프앤비,002527,11-21-02,동원참치1.88(덕용) (80),1.88kg*6,6,15500,93000,20000,120000,0.2903,1141,190,1,0,,,
기본 대분류,통조림-C동,동원에프앤비,002530,11-61-02,동원지중해황도410g(176),410*12,12,1050,12600,1200,14400,0.1429,0,0,0,0,,,
기본 대분류,통조림-C동,동원에프앤비,002531,11-61-05,동원지중해황도(슬)410g (176),(410g*12),12,770,9240,1250,15000,0.6234,0,0,0,0,,,
기본 대분류,기타,기타,002533,11-98,동원장려금,,1,0,0,0,0,0,0,0,,0,,,
기본 대분류,반품,반품,002534,60-03,동원음료반품,0,0,0,0,0,0,0,7,0,7,0,,,
기본 대분류,통조림-C동,동원에프앤비,002536,50-07,동원유호/8세트-(BOX)/42,150*9*8set,8,19350,154800,22500,180000,0.1628,0,0,0,0,,,
기본 대분류,통조림-C동,동원에프앤비,002537,11-102,동원원(소)4+마일드(소)2,6*10,10,6400,64000,6800,68000,0.0625,0,0,,0,,,
기본 대분류,음료-B동,동원음료,002538,12-25,동원우롱차175*30(216),175ml*30,30,161.333333333333,4839.99999999999,209,6270,0.2955,0,0,,0,,,
기본 대분류,통조림-C동,동원에프앤비,002539,11-42,동원올리브참치(중),150*48,48,2483.22916666667,119195.00000000017,2700,129600,0.0873,0,0,,0,,,
기본 대분류,통조림-C동,동원에프앤비,002540,11-41,동원올리브참치(소),100*60,60,1866.66666666667,112000.00000000019,1900,114000,0.0179,0,0,,0,,,
기본 대분류,통조림-C동,동원에프앤비,002541,11-43,동원올리브참치(빅)250g,250g*36,36,3498,125928,3750,135000,0.072,0,0,,0,,,
기본 대분류,통조림-C동,동원에프앤비,002542,50-15,동원올리브유2호,,1,18855,18855,0,0,-1,0,0,,0,,,
기본 대분류,통조림-C동,동원에프앤비,002543,50-20-01,동원올리브김식탁24P/3세트-(BOX) (24),8*3,3,7800,23400,9500,28500,0.2179,0,0,0,0,,,
기본 대분류,통조림-C동,동원에프앤비,002544,50-16,동원올리브4호,올리브(선물용),1,12970,12970,0,0,-1,0,0,,0,,,
기본 대분류,음료-B동,동원음료,002545,12-37-02,동원옥수수수염차350(24입)/91,350ml*24,24,395.8333,9499.9992,500,12000,0.2632,1176,49,0,0,,,
기본 대분류,음료-B동,동원음료,002546,12-12,동원옥수수수염175(144),175ml*30,30,206.9,6207,240,7200,0.16,0,0,0,0,,,
기본 대분류,음료-B동,동원음료,002547,10-01-03,동원 양반오미자500,500ml*24,24,590.4585,14171.003999999999,729.1667,17500.0008,0.2349,0,0,0,0,,,
기본 대분류,반품,반품,002556,60-02,동원에프앤비(참치)반품,0,1,0,0,0,0,0,51,51,0,0,,,
기본 대분류,통조림-C동,동원에프앤비,002557,11-08,동원야채참치150g,150*48,48,1000,48000,2562.5,123000,1.5625,0,0,0,0,,,
기본 대분류,통조림-C동,동원에프앤비,002558,11-07,동원야채참치100g,100g*60,60,1170,70200,1400,84000,0.1966,0,0,0,0,,,
기본 대분류,음료-B동,동원음료,002559,12-52,동원알로에1.5,1.5L*12,12,1041.6667,12500.0004,1650,19800,0.584,0,0,,0,,,
기본 대분류,음료-B동,동원음료,002560,12-31,동원아침포도병,180ml*48,48,380,18240,502,24096,0.3211,0,0,,0,,,
기본 대분류,음료-B동,동원음료,002561,12-56,동원아침토마토1.5/단종17.2,1.5L*12,12,1000,12000,1416,16992,0.416,0,0,,0,,,
기본 대분류,음료-B동,동원음료,002562,12-33,동원아침당근,180ml*48,48,354.166666666667,17000.00000000002,437,20976,0.2339,0,0,,0,,,
기본 대분류,음료-B동,동원음료,002563,12-29,동원식혜 238 (24入)(140),238ml*24,24,295.4167,7090.0008,350,8400,0.1848,0,0,0,0,,,
기본 대분류,음료-B동,동원음료,002564,12-15,동원식혜 (상용3호) (50),238ml*72,72,310.5694,22360.996799999997,412.5,29700,0.3282,0,0,0,0,,,
기본 대분류,음료-B동,동원음료,002565,12-15.,동원식혜 (단종),238ml*30,30,216.6667,6500.001,250,7500,0.1538,0,0,,0,,,
기본 대분류,통조림-C동,동원에프앤비,002566,11*,동원식용유18리터 (60),18L,1,24480,24480,30000,30000,0.2255,0,0,0,0,,,
기본 대분류,통조림-C동,동원에프앤비,002567,16-28-03,동원스페셜11호/4세트(참150*6.런200*3.요500*2),참150*3+런천200*3+요리500*2,4,20000,80000,54000,216000,1.7,0,0,,0,,,
기본 대분류,통조림-C동,동원에프앤비,002568,11-13,동원스위트콘미국340(96),340g*24,24,670,16080,950,22800,0.4179,0,0,0,0,,,
기본 대분류,통조림-C동,동원에프앤비,002569,11-12-02,"동원스위트콘덕용大(태국) 2,950g (56)","2,950g*6",6,5613,33678,7000,42000,0.2471,0,0,0,0,,,
기본 대분류,통조림-C동,동원에프앤비,002570,11-12,동원스위트콘大(미국) 2.1k,2.126*6,6,4400,26400,5200,31200,0.1818,0,0,,0,,,
기본 대분류,통조림-C동,동원에프앤비,002571,11-12-01,동원스위트콘340(프랑스)/144,340*12,12,730,8760,1000,12000,0.3699,0,0,0,0,,,
기본 대분류,통조림-C동,동원에프앤비,002572,11-70,동원순닭가슴살135g,135g*36,36,1730,62280,2305.5556,83000.0016,0.3327,0,0,0,0,,,
기본 대분류,통조림-C동,동원에프앤비,002574,11-87,동원쇠고기육포(40g),40g*30,30,2000,60000,2806,84180,0.403,0,0,0,0,,,
기본 대분류,통조림-C동,동원에프앤비,002575,50-05,동원선호/4세트-(BOX)/32,참치150 *18/4set,4,38700,154800,45000,180000,0.1628,0,0,0,0,,,
기본 대분류,음료-B동,동원음료,002576,12-04-02,동원샘물 아쿠아포레330(126),330ml*20,20,115,2300,175,3500,0.5217,0,0,0,0,,,
기본 대분류,음료-B동,동원음료,002577,12-04-01,동원샘물 500 (112),500ml*20,20,124.4,2488,170,3400,0.3666,23940,1197,0,0,,,
기본 대분류,음료-B동,동원음료,002578,12-04-03,동원샘물 300(140),300*20,20,130,2600,165,3300,0.2692,0,0,0,0,,,
기본 대분류,음료-B동,동원음료,002579,12-04,동원샘물 2L(96),2L*6 (96),6,308.6667,1852.0002,416.6667,2500.0002,0.3499,9906,1651,0,0,,,
기본 대분류,음료-B동,동원음료,002580,12-51,동원상쾌한종합병(알.토.오.청매실)180ml,180*48 (56),48,378.75,18180,502,24096,0.3254,0,0,0,0,,,
기본 대분류,음료-B동,동원음료,002581,12-05,동원상쾌한아침홍삼병180ml(56),180ml*48 (56),48,350.166666666667,16808.00000000002,457,21936,0.3051,0,0,0,0,,,
기본 대분류,음료-B동,동원음료,002582,12-07,동원상쾌한아침토마토병180ml (56),180ml*48 (56),48,380.375,18258,465,22320,0.2225,0,0,0,0,,,
기본 대분류,음료-B동,동원음료,002583,12-06,동원상쾌한아침오렌지병180ml (56),180*48 (56),48,378.75,18180,502,24096,0.3254,0,0,0,0,,,
기본 대분류,음료-B동,동원음료,002584,12-08,동원상쾌한아침알로에병180ml(56),180ml*48,48,380.375,18258,457,21936,0.2014,0,0,0,0,,,
기본 대분류,음료-B동,동원음료,002585,12-19,동원상쾌한아침꿀물병180ml(56),180ml*48,48,380.375,18258,457,21936,0.2014,0,0,0,0,,,
기본 대분류,통조림-C동,동원에프앤비,002586,11-86,동원 빵가루1k,1k*8,8,3100,24800,5475,43800,0.7661,0,0,0,0,,,
기본 대분류,통조림-C동,동원에프앤비,002588,11-51,동원불고기(中),150-48,1,77760,77760,80000,80000,0.0288,0,0,,0,,,
기본 대분류,통조림-C동,동원에프앤비,002590,11-49-02,동원볶음짜장참치(중)150g,150g*48,48,1400,67200,1875,90000,0.3393,0,0,0,0,,,
기본 대분류,통조림-C동,동원에프앤비,002591,11-49,동원볶음짜장참치(소)100g,100g*60,60,1100,66000,1400,84000,0.2727,0,0,0,0,,,
기본 대분류,음료-B동,동원음료,002592,34-20-01,동원복숭아녹차 340 (104),340ml*20,20,404,8080,550,11000,0.3614,0,0,0,0,,,
기본 대분류,음료-B동,동원음료,002593,12-01-04,동원보성홍차아이스티제로 복숭아 500ml (54),500ml*24,24,645.8333,15499.9992,854.1667,20500.0008,0.3226,1272,53,0,0,,,
기본 대분류,음료-B동,동원음료,002594,12-01-07,동원보성말차라떼500,500ml*24,24,875,21000,1041,24984,0.1897,0,0,0,0,,,
기본 대분류,음료-B동,동원음료,002595,12-01-02,동원보성말차500,500ml*24,24,937.5,22500,1104.1667,26500.0008,0.1778,0,0,0,0,,,
기본 대분류,음료-B동,동원음료,002596,12-01-06,동원보성녹차500,500ml*20,20,575,11500,750,15000,0.3043,0,0,0,0,,,
기본 대분류,음료-B동,동원음료,002597,12-01-01,동원보성녹차 350ml/91,350ml*24,24,394.75,9474,479.1667,11500.0008,0.2138,15888,662,0,0,,,
기본 대분류,음료-B동,동원음료,002598,12-14,동원보성녹차 175 (144),175ml*30,30,206.9,6207,240,7200,0.16,0,0,0,0,,,
기본 대분류,음료-B동,동원음료,002599,12-01-03,동원보성꽃차,500ml*24,24,833.3333,19999.9992,1166,27984,0.3992,0,0,0,0,,,
기본 대분류,통조림-C동,동원에프앤비,002600,11-107,동원번데기130g(96),130g*48,48,700,33600,800,38400,0.1429,0,0,0,0,,,
기본 대분류,통조림-C동,동원에프앤비,002601,11-60.,동원백도,400g*24,24,1120,26880,1250,30000,0.1161,0,0,,0,,,
기본 대분류,음료-B동,동원음료,002602,12-24,동원밥알을걸러맑은정식혜 230,230ml*30,30,243.3333,7299.999,333,9990,0.3685,0,0,0,0,,,
기본 대분류,음료-B동,동원음료,002604,12-39,동원미네마인스파클링워터500ml,500ml*20,20,295,5900,550,11000,0.8644,0,0,0,0,,,
기본 대분류,음료-B동,동원음료,002605,12-39-01,동원미네마인스파클링 500ml 레몬맛,500ml*20,20,292,5840,349,6980,0.1952,0,0,0,0,,,
기본 대분류,음료-B동,동원음료,002606,12-39-02,동원미네마인스파클링 500ml 라임맛,500ml*20,20,295,5900,550,11000,0.8644,0,0,0,0,,,
기본 대분류,통조림-C동,동원에프앤비,002611,11-11-06,동원매운김치찌게참치(중)150g,150g*48,48,1930,92640,2200,105600,0.1399,0,0,0,0,,,
기본 대분류,통조림-C동,동원에프앤비,002612,11-11-04,동원매운김치찌게참치 (소)100g,100*60,60,1100,66000,1400,84000,0.2727,0,0,0,0,,,
기본 대분류,통조림-C동,동원에프앤비,002615,11-108,동원마일드150g*36,150g*36,36,800,28800,0,0,-1,0,0,,0,,,
기본 대분류,통조림-C동,동원에프앤비,002616,11-06.,동원마일드 150g,150g * 48,48,1050,50400,1200,57600,0.1429,0,0,,0,,,
기본 대분류,통조림-C동,동원에프앤비,002617,12-21-02,동원리챔기획340(오리지날)(98),340g*(3*8),24,2280,54720,2800,67200,0.2281,0,0,0,0,,,
기본 대분류,통조림-C동,동원에프앤비,002618,11-44-02,동원리챔기획 200g,200g*(3*8),24,1550,37200,2054,49296,0.3252,0,0,0,0,,,
기본 대분류,통조림-C동,동원에프앤비,002619,50-32,동원리챔G9호(리챔6호)/5세트(BOX)(32),(리챔200*9)*5,5,21960,109800,28800,144000,0.3115,1570,314,0,0,,,
기본 대분류,통조림-C동,동원에프앤비,002620,50-31,동원리챔4호/4세트(BOX),340*9*4set,4,26100,104400,33750,135000,0.2931,0,0,,0,,,
기본 대분류,통조림-C동,동원에프앤비,002622,12-21,동원리챔340(91),340g*24,24,2713.875,65133,3200,76800,0.1791,0,0,0,0,,,
기본 대분류,통조림-C동,동원에프앤비,002623,50-40,동원리챔2호/ 5세트(BOX)/32,(리챔200*12)*5,5,28800,144000,38400,192000,0.3333,0,0,0,0,,,
기본 대분류,통조림-C동,동원에프앤비,002624,11-44,동원리챔(소)200,200g*24,24,1550,37200,1900,45600,0.2258,0,0,,0,,,
기본 대분류,음료-B동,동원음료,002625,34-20,동원레몬녹차 340 (104),340ml*20,20,423.5,8470,550,11000,0.2987,-340,-17,0,0,,,
기본 대분류,통조림-C동,동원에프앤비,002626,11-100,동원런천미트 340 (대),340g*24,24,1730,41520,2000,48000,0.1561,0,0,0,0,,,
기본 대분류,통조림-C동,동원에프앤비,002627,11-63,동원런천(소),200g*24,24,816,19584,900,21600,0.1029,0,0,,0,,,
기본 대분류,통조림-C동,동원에프앤비,002628,11-03..,동원라이트(원중),150g*3*12=36,36,1500,54000,1900,68400,0.2667,0,0,,0,,,
기본 대분류,통조림-C동,동원에프앤비,002630,50-21-01,동원들기름김식탁24P/3세트-(BOX)/24,8*3,3,7800,23400,9500,28500,0.2179,0,0,0,0,,,
기본 대분류,통조림-C동,동원에프앤비,002631,11-66,동원 양반들기름12p,12P*10,10,2851,28510,3500,35000,0.2276,0,0,0,0,,,
기본 대분류,음료-B동,동원음료,002632,12-17,동원둥굴레차175*30,175ml*30,30,166.666666666667,5000.00000000001,183,5490,0.098,0,0,,0,,,
기본 대분류,통조림-C동,동원에프앤비,002633,50-02,동원단호 / 6세트-(BOX)/30,참치150*15,6,32250,193500,37500,225000,0.1628,0,0,0,0,,,
기본 대분류,통조림-C동,동원에프앤비,002634,50-04,동원단100호/6세트-(BOX),참치100*15,6,26250,157500,31500,189000,0.2,0,0,0,0,,,
기본 대분류,음료-B동,동원음료,002635,12-02,동원보성녹차1.5(52),1.5L*12,12,793.4327,9521.1924,1125,13500,0.4179,156,13,0,0,,,
기본 대분류,음료-B동,동원음료,002636,12-13,동원꿀물캔175 (144),175ml*30,30,237.0667,7112.001,280,8400,0.1811,240,8,0,0,,,
기본 대분류,통조림-C동,동원에프앤비,002637,11-39-02,동원꽁치기획 400g,(2*12)set,24,1625,39000,1750,42000,0.0769,0,0,0,0,,,
기본 대분류,통조림-C동,동원에프앤비,002638,11-39,동원꽁치400 (88),400g*24,24,2850,68400,4000,96000,0.4035,0,0,0,0,,,
기본 대분류,통조림-C동,동원에프앤비,002639,11-68,동원꽁치1.88(덕용),1.88k*6,6,6700,40200,7500,45000,0.1194,0,0,0,0,,,
기본 대분류,통조림-C동,동원에프앤비,002643,11-58,동원깐포도,400g*24,24,1600,38400,1791,42984,0.1194,0,0,,0,,,
기본 대분류,통조림-C동,동원에프앤비,002644,11-10,동원김치찌게참치(중)150g,150g*48,48,1930,92640,2200,105600,0.1399,0,0,0,0,,,
기본 대분류,통조림-C동,동원에프앤비,002645,11-09,동원김치찌게참치(소)100g,100g*60,60,1200,72000,1675,100500,0.3958,0,0,0,0,,,
기본 대분류,통조림-C동,동원에프앤비,002646,11-11-02,동원김치찌게참치(빅) 250g,250g*36,36,2773,99828,3200,115200,0.154,0,0,0,0,,,
기본 대분류,통조림-C동,동원에프앤비,002647,11-11,동원김치찌게참치 200g,200g*36,36,2650,95400,3000,108000,0.1321,0,0,0,0,,,
기본 대분류,통조림-C동,동원에프앤비,002648,50-41,동원귀호/4세트-(BOX),150g*20*4set,4,30000,120000,37500,150000,0.25,0,0,0,0,,,
기본 대분류,통조림-C동,동원에프앤비,002649,50-41-01,동원귀호/3세트-(BOX),(살코기150*20)*3세트,3,32400,97200,40000,120000,0.2346,0,0,0,0,,,
기본 대분류,통조림-C동,동원에프앤비,002651,11-16-02,동원 자연산골뱅이(中) 230g(96),230g*24,24,4200,100800,3500,84000,-0.1667,0,0,0,0,,,
기본 대분류,통조림-C동,동원에프앤비,002652,11-16,동원 자연산골뱅이(小)140g,140g*48,48,2700,129600,4000,192000,0.4815,14513,302,17,0,,,
기본 대분류,통조림-C동,동원에프앤비,002653,11-17,동원골뱅이(대)400g(88),400g*24,24,7050,169200,10100000,242400000,1431.6241,1008,42,0,0,,,
기본 대분류,통조림-C동,동원에프앤비,002654,11-13-02,동원저스트스위트콘340/미국 (96),340g*24,24,1000,24000,1600,38400,0.6,0,0,0,0,,,
기본 대분류,통조림-C동,동원에프앤비,002656,11-05-00,동원참치기획(살코기+고추) 90g,(살코기90g4+고추90g2)*10,60,1150,69000,1380,82800,0.2,360,6,0,0,,,
기본 대분류,통조림-C동,동원에프앤비,002657,11-05-08,동원고추참치기획 100g,(100g*3)*20(총60캔),60,1000,60000,1200,72000,0.2,0,0,0,0,,,
기본 대분류,통조림-C동,동원에프앤비,002658,11-05-06,동원고추참치36입,150*36,36,1400,50400,2466,88776,0.7614,0,0,,0,,,
기본 대분류,통조림-C동,동원에프앤비,002659,11-05-02,동원고추참치150g,150g*48,48,1930,92640,2562.5,123000,0.3277,0,0,0,0,,,
기본 대분류,통조림-C동,동원에프앤비,002660,11-05,동원고추참치100g,100g*60,60,1200,72000,1675,100500,0.3958,0,0,0,0,,,
기본 대분류,통조림-C동,동원에프앤비,002661,11-05-04,동원고추참치(빅) 250g,250g*36,36,2801.4547,100852.36919999999,3500,126000,0.2494,24,0,24,0,,,
기본 대분류,통조림-C동,동원에프앤비,002662,11-38,동원고등어 400(88),400g*24,24,1770,42480,2400,57600,0.3559,-1,0,-1,0,,,
기본 대분류,통조림-C동,동원에프앤비,002666,11-20,동원DHA참치(중)150g,150g*48,48,1930,92640,2200,105600,0.1399,0,0,0,0,,,
기본 대분류,통조림-C동,동원에프앤비,002667,11-19,동원참치DHA100,100g*60,60,1200,72000,1675,100500,0.3958,0,0,0,0,,,
기본 대분류,통조림-C동,동원에프앤비,002668,11-21,동원DHA참치(빅) 250g,250g*36,36,2850,102600,3200,115200,0.1228,0,0,0,0,,,
기본 대분류,통조림-C동,동원에프앤비,002670,50-25.,동원20호*6-(BOX),(라이트150*8+고추150*4)*5,6,19200,115200,24167,145002,0.2587,0,0,,0,,,
기본 대분류,통조림-C동,동원에프앤비,002671,50-43,동원11호(원중8+원소4)*5set,(원중8+원소4)5set-(BOX),5,14000,70000,20000,100000,0.4286,0,0,,0,,,
기본 대분류,음료-B동,동원음료,002672,12-11-02,동원 쿨피스파인애플제로230,230ml*30,30,325.7,9771,400,12000,0.2281,3000,100,0,0,,,
기본 대분류,음료-B동,동원음료,002673,12-18,동원 쿨피스톡제로 복숭아펫340(77),340ml*24,24,419.75,10074,625,15000,0.489,0,0,0,0,,,
기본 대분류,음료-B동,동원음료,002674,12-11-01,동원 쿨피스복숭아제로230(120),230ml*30,30,354.3,10629,450,13500,0.2701,5400,180,0,0,,,
기본 대분류,음료-B동,동원음료,002675,12-09,동원/오렌지캔175*30,175ml*30,30,166.666666666667,5000.00000000001,200,6000,0.2,0,0,,0,,,
기본 대분류,통조림-C동,동원에프앤비,002676,11-56,동원/양반해물죽,238g*24,24,1720.5,41292,2035,48840,0.1828,0,0,,0,,,
기본 대분류,통조림-C동,동원에프앤비,002677,11-26,동원/양반참치죽,285g*24,24,700,16800,2000,48000,1.8571,0,0,0,0,,,
기본 대분류,통조림-C동,동원에프앤비,002678,11-23,동원/양반전통잣죽(72),286g*24,24,1520,36480,2200,52800,0.4474,0,0,0,0,,,
기본 대분류,통조림-C동,동원에프앤비,002679,11-22-01,동원/양반전복죽(파우치),420g*20,20,950,19000,2400,48000,1.5263,0,0,0,0,,,
기본 대분류,통조림-C동,동원에프앤비,002680,11-22,동원/양반전복죽 (72),285g*24,24,1000,24000,2400,57600,1.4,0,0,0,0,,,
기본 대분류,통조림-C동,동원에프앤비,002681,11-27,동원/양반야채죽 (72),285g*24,24,700,16800,2000,48000,1.8571,0,0,0,0,,,
기본 대분류,통조림-C동,동원에프앤비,002682,11-28-04,동원/양반쇠고기죽3*전복죽1기획(32),(285g*4)*6,24,800,19200,1500,36000,0.875,0,0,0,0,,,
기본 대분류,통조림-C동,동원에프앤비,002683,11-28,동원/양반쇠고기죽 (72),285g*24,24,700,16800,2000,48000,1.8571,0,0,0,0,,,
기본 대분류,통조림-C동,동원에프앤비,002684,11-55,동원/양반삼계죽,285g*24,24,1350,32400,1750,42000,0.2963,0,0,,0,,,
기본 대분류,통조림-C동,동원에프앤비,002685,11-28-03,동원/양반밤단팥죽420g(파우치),420g*20,20,950,19000,2400,48000,1.5263,0,0,0,0,,,
기본 대분류,통조림-C동,동원에프앤비,002686,11-28-02,동원/양반밤단팥죽 (72),285g*24,24,700,16800,2000,48000,1.8571,0,0,0,0,,,
기본 대분류,통조림-C동,동원에프앤비,002687,11-69,동원/양반돌김 14호,14호*24,24,1500,36000,3333,79992,1.222,0,0,,0,,,
기본 대분류,통조림-C동,동원에프앤비,002688,11-24,동원/양반단호박죽(72),285g*24,24,700,16800,2000,48000,1.8571,0,0,0,0,,,
기본 대분류,통조림-C동,동원에프앤비,002689,11-28-01,동원/쇠고기죽 420g(파우치),420g*20,20,950,19000,2400,48000,1.5263,0,0,0,0,,,
기본 대분류,통조림-C동,동원에프앤비,002690,11-24-01,동원/단호박죽420g(파우치),420g*20,20,950,19000,2400,48000,1.5263,0,0,0,0,,,
기본 대분류,통조림-C동,동원에프앤비,002691,11-30,동원 후르츠칵테일 (12입) 88,836g*12,12,2000,24000,3500,42000,0.75,0,0,0,0,,,
기본 대분류,통조림-C동,동원에프앤비,002692,11-32,동원 파인애플(12입)88,836g*12,12,2965,35580,3500,42000,0.1804,0,0,0,0,,,
기본 대분류,음료-B동,동원음료,002693,12-18-03,동원 쿨피스 파인애플뚱캔350(126),350ml*12,12,452.1667,5426.0004,541.6667,6500.0004,0.1979,0,0,0,0,,,
기본 대분류,음료-B동,동원음료,002694,12-18-02,동원 쿨피스 복숭아뚱캔 350(126),350ml*12,12,452.1667,5426.0004,541.6667,6500.0004,0.1979,0,0,0,0,,,
기본 대분류,통조림-C동,동원에프앤비,002695,16-51-03,동원 친친오리지널 치즈 소시지80g,80g*10,10,507.8,5078,700,7000,0.3785,2090,209,0,0,,,
기본 대분류,통조림-C동,동원에프앤비,002696,11-79,동원 양반김치캔(썰은김치)160G,160*48,48,1350,64800,1500,72000,0.1111,0,0,0,0,,,
기본 대분류,통조림-C동,동원에프앤비,002697,06-14,동원 순닭가슴살 기획 135g,(135g*3)*12,36,1050,37800,1200,43200,0.1429,0,0,0,0,,,
기본 대분류,통조림-C동,동원에프앤비,002699,11-05-09,동원 뽀로로키즈참치 100g,100g*60,60,1100,66000,1550,93000,0.4091,0,0,0,0,,,
기본 대분류,음료-B동,동원음료,002700,22-04-03,동원 배식혜500,500ml*24,24,590.4585,14171.003999999999,750,18000,0.2702,384,16,0,0,,,
기본 대분류,음료-B동,동원음료,002701,22-04-02,동원 배식혜1.5,1.5L*12,12,1250,15000,1666,19992,0.3328,0,0,0,0,,,
기본 대분류,음료-B동,동원음료,002702,22-02-05,동원 배수정과500,500ml*24,24,645.833333333333,15499.999999999993,833,19992,0.2898,0,0,0,0,,,
기본 대분류,음료-B동,동원음료,002703,22-02-04,동원 배수정과1.5,1.5L*12,12,1250,15000,1666,19992,0.3328,0,0,0,0,,,
기본 대분류,통조림-C동,동원에프앤비,002704,11-06-02,동원 매운고추참치150g,150g*48,48,1500,72000,2000,96000,0.3333,0,0,0,0,,,
기본 대분류,통조림-C동,동원에프앤비,002705,11-06,동원 매운고추참치100g,100g*60,60,1100,66000,1566,93960,0.4236,0,0,0,0,,,
기본 대분류,파렛트,파렛트,002707,28-11,동아파렛트,,0,0,0,0,0,0,2224,0,2224,0,,,
기본 대분류,음료-B동,동아제약,002708,28-31,동아제약 박카스 F 120ml*50병(80),120ml*50,50,616.82,30841.000000000004,700,35000,0.1349,20780,415,30,0,,,
기본 대분류,반품,반품,002709,60-16,동아반품,0,0,0,0,0,0,0,0,0,0,0,,,
기본 대분류,음료-B동,동서식품,002712,24-52,동서커피믹스마일드(자판기용) 800(42),800g*10,10,5150,51500,6800,68000,0.3204,1266,126,6,0,,,
기본 대분류,음료-B동,동서식품,002713,24-02,동서제티초코 175 (168),175ml*30,30,405.9,12177,466.6667,14000.001,0.1497,5530,184,10,0,,,
기본 대분류,음료-B동,동서식품,002716,24-702-01,동서스타벅스카라멜마끼아또(병) 281ml(112),(281ml*16),16,2039.75,32636,2343.75,37500,0.149,0,0,0,0,,,
기본 대분류,음료-B동,동서식품,002717,24-701,동서스타벅스커피병281ml(112),(281ml*16),16,1835.5625,29369,2187.5,35000,0.1917,480,30,0,0,,,
기본 대분류,음료-B동,동서식품,002719,24-702,동서스타벅스모카병281ml(112),(281ml*16),16,1835.5625,29369,2187.5,35000,0.1917,112,7,0,0,,,
기본 대분류,반품,반품,002721,60-08,동서반품,0,1,0,0,0,0,0,42,42,0,0,,,
기본 대분류,음료-B동,동서식품,002722,24-01-01,동서맥스웰커피캔200 (단종),200ml*30,30,200,6000,250,7500,0.25,0,0,,0,,,
기본 대분류,음료-B동,동서식품,002723,24-27,동서맥스웰오리지날(자판기),1k*12,12,4200,50400,4583,54996,0.0912,0,0,0,0,,,
기본 대분류,음료-B동,동서식품,002724,24-06-01,동서맥스웰스위트아메리카노캔200,200ml*30,30,200,6000,233,6990,0.165,0,0,0,0,,,
기본 대분류,음료-B동,동서식품,002726,24-86,동서맑은티엔보리410,410*20,20,475,9500,600,12000,0.2632,0,0,,0,,,
기본 대분류,세제외-A동,켈로그,002727,01-18.,동서/콘푸라이트600 (36),600g*12,12,2600,31200,3500,42000,0.3462,0,0,0,0,,,
기본 대분류,음료-B동,동서식품,002728,24-01,동서/맥스웰캔커피150업소용(168),150*30,30,171.666666666667,5150.00000000001,206,6180,0.2,0,0,0,0,,,
기본 대분류,통조림-C동,주동서,002729,52-25,동서/리치스피클/3kg,3*6,6,4900,29400,5300,31800,0.0816,0,0,,0,,,
기본 대분류,음료-B동,동서식품,002730,24-34,동서 레드불250 (128),250ml*24,24,1256.2917,30151.0008,1500,36000,0.194,-288,-12,0,0,,,
기본 대분류,음료-B동,돌(Dole),002739,17-12.,돌오렌지쥬스120ml(팩),120ml*32,32,420,13440,500,16000,0.1905,0,0,0,0,,,
기본 대분류,음료-B동,돌(Dole),002740,17-12,돌파인쥬스100% (52),1000ml*12,12,3200,38400,3550,42600,0.1094,804,67,0,0,,,
기본 대분류,음료-B동,돌(Dole),002744,17-08,돌칵테일,567g*12,12,1400,16800,1600,19200,0.1429,0,0,0,0,,,
기본 대분류,음료-B동,롯데칠성음료,002754,27-116,델몬트포도병180/롯데칠성,180*30,30,510,15300,600,18000,0.1765,0,0,,0,,,
기본 대분류,음료-B동,롯데칠성음료,002755,27-21-01,델몬트포도1.5(6본),1.5L*6,6,2633.353,15800.118,3150,18900,0.1962,108,18,0,0,,,
기본 대분류,음료-B동,롯데칠성음료,002756,27-29,델몬트파인쥬스 1.5,1.5L*12,12,1833.3333,21999.9996,2500,30000,0.3636,0,0,0,0,,,
기본 대분류,통조림-C동,델몬트,002758,17-04,델몬트파인애플(특대) (40),3050g*6,6,10500,63000,12500,75000,0.1905,750,125,0,0,,,
기본 대분류,통조림-C동,델몬트,002759,17-01,델몬트파인애플(40),836g*24,24,3350,80400,4000,96000,0.194,604,25,4,0,,,
기본 대분류,음료-B동,롯데칠성음료,002760,27-63,델몬트파인스퀴즈(캔),240*30,30,233.3333,6999.999,266,7980,0.14,0,0,,0,,,
기본 대분류,음료-B동,롯데칠성음료,002761,27-113,델몬트토마토병180/롯데칠성,180*48,48,400,19200,479,22992,0.1975,0,0,,0,,,
기본 대분류,음료-B동,롯데칠성음료,002762,27-22-03,델몬트토마토1.5(6본),1.5*6,6,1666.6667,10000.0002,2333,13998,0.3998,0,0,0,0,,,
기본 대분류,음료-B동,롯데칠성음료,002763,27-22-02,델몬트토마토1.5,1.5*12,12,1583.3333,18999.9996,2166,25992,0.368,0,0,,0,,,
기본 대분류,통조림-C동,델몬트,002764,17-02,델몬트칵테일후르츠 (40),850g*24,24,2600,62400,3200,76800,0.2308,209,8,17,0,,,
기본 대분류,통조림-C동,델몬트,002765,17-05,델몬트칵테일(특대) (40),3.062kg*6,6,11000,66000,11300,67800,0.0273,6,1,0,0,,,
기본 대분류,음료-B동,롯데칠성음료,002767,27-120,델몬트오렌지팩190,190*24,24,200,4800,250,6000,0.25,0,0,,0,,,
기본 대분류,음료-B동,롯데칠성음료,002768,27-20-01,델몬트오렌지 1.5*6본,1.5L*6,6,2633.335,15800.01,3150,18900,0.1962,1032,172,0,0,,,
기본 대분류,음료-B동,롯데칠성음료,002769,27-115,델몬트오렌지병180/롯데칠성,180*30,30,510,15300,600,18000,0.1765,0,0,,0,,,
기본 대분류,음료-B동,롯데칠성음료,002770,27-112,델몬트알로에병180/롯데칠성,180*48,48,400,19200,479,22992,0.1975,0,0,,0,,,
기본 대분류,음료-B동,롯데칠성음료,002771,27-22-01,델몬트알로에1.5(6입),1.5*6,6,1750,10500,2000,12000,0.1429,0,0,0,0,,,
기본 대분류,음료-B동,롯데칠성음료,002772,27-22,델몬트알로에1.5,1.5*12,12,1583.3333,18999.9996,1916,22992,0.2101,0,0,,0,,,
기본 대분류,음료-B동,롯데칠성음료,002773,27-77-03,델몬트스퀴즈오렌지240,240*30,30,160,4800,266,7980,0.6625,0,0,,0,,,
기본 대분류,음료-B동,롯데칠성음료,002774,27-32,델몬트스카시포도1.5원형,1.5*12,12,1250,15000,2000,24000,0.6,0,0,,0,,,
기본 대분류,음료-B동,롯데칠성음료,002775,27-19,델몬트스카시오렌지1.5원형,1.5*12,12,1250,15000,2250,27000,0.8,0,0,,0,,,
기본 대분류,음료-B동,롯데칠성음료,002776,27-43,델몬트석류병,180*48,48,0,0,0,0,0,0,0,,0,,,
기본 대분류,음료-B동,롯데칠성음료,002777,27-22-04,델몬트석류1.5(6입),1.5*6,6,1666.6667,10000.0002,2500,15000,0.5,0,0,,0,,,
기본 대분류,음료-B동,롯데칠성음료,002778,27-62,델몬트사과스퀴즈캔,240*30,30,193.3333,5799.999,266,7980,0.3759,0,0,,0,,,
기본 대분류,음료-B동,롯데칠성음료,002780,27-114,델몬트매실병180/롯데칠성,180*48,48,283.3333,13599.9984,333,15984,0.1753,0,0,,0,,,
기본 대분류,음료-B동,롯데칠성음료,002781,27--22-04,델몬트매실1.5(6입),1.5*6,6,1125,6750,1333,7998,0.1849,0,0,0,0,,,
기본 대분류,음료-B동,롯데칠성음료,002782,27-120-01,델몬트망고팩190,190*24,24,200,4800,229,5496,0.145,0,0,,0,,,
기본 대분류,음료-B동,롯데칠성음료,002783,27-39,델몬트망고캔 로어슈거 240 (121),240ml*30,30,601.3667,18041.001,800,24000,0.3303,90,3,0,0,,,
기본 대분류,음료-B동,롯데칠성음료,002784,27-111,델몬트망고병180/롯데칠성,180*48,48,450,21600,500,24000,0.1111,96,2,0,0,,,
기본 대분류,음료-B동,롯데칠성음료,002785,27-20-03,델몬트망고1.5(6본),1.5L*6,6,2600,15600,3150,18900,0.2115,480,80,0,0,,,
기본 대분류,음료-B동,롯데칠성음료,002786,27-21,델몬트[포도] 1.5 (48),1.5L*12,12,2358.343,28300.115999999998,2666.6667,32000.000400000004,0.1307,0,0,0,0,,,
기본 대분류,음료-B동,롯데칠성음료,002787,27-20,델몬트오렌지 1.5 (44),1.5L*12,12,2358.343,28300.115999999998,2625,31500,0.1131,0,0,0,0,,,
기본 대분류,음료-B동,롯데칠성음료,002788,27-20-02,델몬트[망고] 1.5 /사각(44),1.5L*12,12,2041.6667,24500.0004,2583.3333,30999.999599999996,0.2653,0,0,0,0,,,
기본 대분류,세제외-A동,기타,002791,80-80-04,덴탈마스크 3충필터,3입*300세트,600,825,495000,1666,999600,1.0194,0,0,0,0,,,
기본 대분류,세제외-A동,기타,002792,80-80,덴탈마스크 3중필터,3입*200세트,200,2500,500000,5000,1000000,1,0,0,0,0,,,
기본 대분류,세제외-A동,기타,002793,80-80-02,덴탈마스크 3중필터,1세트*3장,3,166666.6667,500000.0001,333333,999999,1,0,0,0,0,,,
기본 대분류,세제외-A동,기타,002794,80-80-07,덴탈마스크 3중필터,50입,1,500000,500000,1000000,1000000,1,0,0,,0,,,
기본 대분류,음료-B동,동아오츠카,002797,28-17,데자와250*30/동아,250ml*30,30,586.6,17598,600,18000,0.0228,240,8,0,0,,,
기본 대분류,음료-B동,동아오츠카,002803,28-22-06,데미소다 청포도250,250ml*30,30,469.2,14076,533.3333,15999.999,0.1367,300,10,0,0,,,
기본 대분류,음료-B동,동아오츠카,002804,28-12-03,데미소다자몽250,250*30,30,360,10800,516,15480,0.4333,0,0,0,0,,,
기본 대분류,음료-B동,동아오츠카,002805,28-12-02,데미소다오렌지250 (90),250ml*30,30,393.3333,11799.999,516,15480,0.3119,0,0,0,0,,,
기본 대분류,음료-B동,동아오츠카,002806,28-05,데미소다애플410,410*20,20,725,14500,750,15000,0.0345,0,0,,0,,,
기본 대분류,음료-B동,동아오츠카,002807,28-12,데미소다애플250 (90),250ml*30,30,469.2,14076,600,18000,0.2788,4240,141,10,0,,,
기본 대분류,음료-B동,동아오츠카,002808,28-22,데미소다복숭아250,250ml*30,30,469.2,14076,600,18000,0.2788,-60,-2,0,0,,,
기본 대분류,음료-B동,동아오츠카,002809,28-18,데미소다레몬250,250ml*30,30,469.2,14076,600,18000,0.2788,660,22,0,0,,,
기본 대분류,음료-B동,동아오츠카,002811,28-16,데미소다 오렌지 1.5,1.5*12,12,875,10500,1291,15492,0.4754,0,0,0,0,,,
기본 대분류,음료-B동,동아오츠카,002812,28-10,데미소다 애플 1.5,1.5*12,12,875,10500,1666,19992,0.904,0,0,0,0,,,
기본 대분류,통조림-C동,동원에프앤비,002815,16-71,더바삭한김(25g*10매)*2세트-(BOX)/30,전장25g*10*2set,2,6700,13400,8500,17000,0.2687,0,0,0,0,,,
기본 대분류,반품,반품,002820,60-11,대일반품,0,0,0,0,0,0,0,0,0,,0,,,
기본 대분류,세제외-A동,청정원,002823,36-18,대상) 미원맛소금1kg,1kg*20,20,1560,31200,0,0,-1,0,0,,0,,,
기본 대분류,세제외-A동,청정원,002824,36-19,대상) 미원맛소금2kg,2kg*6,6,4100,24600,5600,33600,0.3659,0,0,0,0,,,
기본 대분류,음료-B동,청정원,002825,14-27,대상꽁치 400*24,400g*24,24,1580,37920,1958,46992,0.2392,0,0,0,0,,,
기본 대분류,세제외-A동,청정원,002826,36-20.,대상/청정원포도씨유기획900,(900*2)*12,24,3500,84000,3854,92496,0.1011,0,0,,0,,,
기본 대분류,세제외-A동,청정원,002827,36-20,대상/청정원포도씨유900ml,900*12,12,4158,49896,4416,52992,0.062,0,0,,0,,,
기본 대분류,음료-B동,코카콜라,002839,31-24,닥터페퍼 350 (88),(350ml*24),24,537.1667,12892.0008,679.1667,16300.0008,0.2643,4248,177,0,0,,,
기본 대분류,세제외-A동,기타,002843,04-22,다우니(피오니아)3L,3L*6,6,6000,36000,7500,45000,0.25,0,0,0,0,,,
기본 대분류,세제외-A동,기타,002845,04-15,다우니(탱고)900g,900g*12,12,2766.6667,33200.000400000004,3333,39996,0.2047,0,0,,0,,,
기본 대분류,세제외-A동,기타,002846,04-14,다우니(엘레강스)900,900g*12,12,2766.6667,33200.000400000004,3333,39996,0.2047,0,0,,0,,,
기본 대분류,세제외-A동,기타,002848,04-21,"다우니(아로마,후로랄)2.8L",2.8L*6,6,5600,33600,7000,42000,0.25,0,0,0,0,,,
기본 대분류,세제외-A동,기타,002849,04-12,다우니(아로마)900g,900g*12,12,2766.6667,33200.000400000004,3083,36996,0.1143,0,0,,0,,,
기본 대분류,세제외-A동,기타,002851,04-13,다우니(루나)900g,900g*12,12,2766.6667,33200.000400000004,3333,39996,0.2047,0,0,,0,,,
기본 대분류,음료-B동,그래미,002853,25-59-02,다미나 909,150*6*90,90,2420,217800,3033,272970,0.2533,0,0,0,0,,,
기본 대분류,음료-B동,농심,002874,54-30,농심)튀김우동큰사발,1050*16,16,681.25,10900,750,12000,0.1009,0,0,,0,,,
기본 대분류,세제외-A동,농심,002877,54-03-01,농심 너구리(얼큰한맛)5+1,(5+1)*8,8,2875,23000,3250,26000,0.1304,0,0,0,0,,,
기본 대분류,세제외-A동,농심,002882,54-24.,노래방새우깡400g(일반맛),400*6,6,2833.3333,16999.999799999998,2916,17496,0.0292,0,0,,0,,,
기본 대분류,세제외-A동,농심,002883,54-24,노래방새우깡(매운맛)400g,400g*6,6,2466.6667,14800.000200000002,2916,17496,0.1822,0,0,,0,,,
기본 대분류,세제외-A동,농심,002889,54-03,너구리(얼큰한맛)멀티/농심/(64),(5*8),40,720,28800,1035.25,41410,0.4378,0,0,0,0,,,
기본 대분류,음료-B동,남양유업,002890,21-02,남양프렌치카푸치노컵 200 (빨강),200ml*10,10,9275,92750,11000,110000,0.186,0,0,0,0,,,
기본 대분류,통조림-C동,남양유업,002891,21-108-110-07,남양프렌치카페커피믹스90+10 (30),(90T+10T)*8,8,11000,88000,13000,104000,0.1818,592,74,0,0,,,
기본 대분류,통조림-C동,남양유업,002892,21-108-110-10,남양프렌치카페커피믹스150+20 (40),(150T+20T)*4,4,10860,43440,15000,60000,0.3812,0,0,0,0,,,
기본 대분류,음료-B동,남양유업,002893,21-108-110-08,남양프렌치카페커피믹스 100T,100T*8,8,7000,56000,9750,78000,0.3929,0,0,0,0,,,
기본 대분류,음료-B동,남양유업,002894,21-20-01,남양프렌치카페카푸치노175 (빨강) (154),175ml*30,30,298.9333,8967.999,333,9990,0.114,0,0,0,0,,,
기본 대분류,음료-B동,남양유업,002895,21-01,남양프렌치카페오레컵 200 (노랑)(192),200ml*10,10,9275,92750,1100,11000,-0.8814,0,0,0,0,,,
기본 대분류,음료-B동,남양유업,002896,21-20,남양프렌치카페오레마일드175 (노랑)(154),175ml*30,30,298.9333,8967.999,333,9990,0.114,0,0,0,0,,,
기본 대분류,음료-B동,남양유업,002897,21-53,남양프렌치카페더블샷라떼 200,200T*30,30,671,20130,750,22500,0.1177,0,0,,0,,,
기본 대분류,통조림-C동,남양유업,002898,21-108-110-05,남양프렌치카페커피믹스50+10,(50T+10T)*18,18,4237,76266,5000,90000,0.1801,0,0,,0,,,
기본 대분류,통조림-C동,남양유업,002899,21-108-110-06,남양프렌치카페커피믹스아라비카(골드라벨)90+10 (30),(90T*10T)*8,8,12170,97360,15000,120000,0.2325,0,0,0,0,,,
기본 대분류,통조림-C동,남양유업,002900,21-108-110-04,남양프렌치카페커피믹스 50t,50T*18,18,5959,107262,8000,144000,0.3425,162,9,0,0,,,
기본 대분류,통조림-C동,남양유업,002901,21-108-110-01,남양프렌치카페 10t(증정),,1,0,0,0,0,0,0,0,0,0,,,
기본 대분류,음료-B동,남양유업,002902,21-02-02,남양프렌치카라멜마끼아또컵 200,200ml*10,10,900,9000,1000,10000,0.1111,0,0,0,0,,,
기본 대분류,음료-B동,남양유업,002903,21-20-02,남양프렌치카라멜마끼아또175캔 (154),175ml*30,30,298.9333,8967.999,333,9990,0.114,0,0,0,0,,,
기본 대분류,음료-B동,남양유업,002904,21-03,남양프렌치벨벳비엔나모카컵 200,200ml*10,10,690,6900,900,9000,0.3043,0,0,0,0,,,
기본 대분류,음료-B동,남양유업,002905,21-32.,남양프라우스파클링오렌지 390ml,390*20,20,770,15400,850,17000,0.1039,0,0,,0,,,
기본 대분류,음료-B동,남양유업,002906,21-32,남양프라우스파클링라임 390ml,390*20,20,400,8000,600,12000,0.5,0,0,,0,,,
기본 대분류,파렛트,파렛트,002907,21-50,남양파렛트,,0,0,0,0,0,0,0,0,0,0,,,
기본 대분류,음료-B동,남양유업,002909,21-98-03,남양킬링샷 아메리카노500,500ml*20,20,775,15500,1000,20000,0.2903,0,0,0,0,,,
기본 대분류,음료-B동,남양유업,002910,21-98-02,남양킬링샷 라떼500,500ml*20,20,118.75,2375,1000,20000,7.4211,0,0,0,0,,,
기본 대분류,음료-B동,남양유업,002911,21-34,남양츄파춥스 스파클링포도,345ml*24,24,429.1667,10300.0008,500,12000,0.165,0,0,0,0,,,
기본 대분류,음료-B동,남양유업,002912,21-35,남양츄파춥스 스파클링오렌지,345ml*24,24,429.1667,10300.0008,500,12000,0.165,0,0,0,0,,,
기본 대분류,음료-B동,남양유업,002913,21-33,남양츄파춥스 스파클링딸기,345ml*24,24,429.1667,10300.0008,500,12000,0.165,0,0,0,0,,,
기본 대분류,음료-B동,남양유업,002914,21-114,남양초코에몽캔175(132),175ml*30,30,366.6667,11000.001,550,16500,0.5,0,0,0,0,,,
기본 대분류,음료-B동,남양유업,002916,21-24,남양천연수 500 (112),500ml*20,20,180,3600,225,4500,0.25,0,0,0,0,,,
기본 대분류,음료-B동,남양유업,002917,21-24-01,남양천연수 2L (88),2L*6,6,300,1800,416,2496,0.3867,0,0,0,0,,,
기본 대분류,음료-B동,남양유업,002920,21-63,남양옥수수염차 1.5(48),1.5L*12,12,840.666666666667,10088.000000000004,1083,12996,0.2883,0,0,0,0,,,
기본 대분류,음료-B동,남양유업,002921,21-74,남양옥수수수염차500,500ml*20,20,488.55,9771,550,11000,0.1258,0,0,0,0,,,
기본 대분류,음료-B동,남양유업,002922,21-73,남양옥수수수염차340 (104),340ml*20,20,391.25,7825,500,10000,0.278,0,0,0,0,,,
기본 대분류,기타,기타,002925,21-90,남양에누리,,1,0,0,0,0,0,0,0,0,0,,,
기본 대분류,음료-B동,남양유업,002926,21-17,남양앳홈포도(병),180ml*48,48,472.9167,22700.0016,479,22992,0.0129,0,0,0,0,,,
기본 대분류,음료-B동,남양유업,002927,21-58,남양앳홈포도 1.5,1.5L*12,12,1752.5833,21030.9996,2250,27000,0.2838,0,0,,0,,,
기본 대분류,음료-B동,남양유업,002928,21-26,남양앳홈토마토1.5,1.5L*12,12,1954,23448,2083,24996,0.066,0,0,,0,,,
기본 대분류,음료-B동,남양유업,002929,21-94,남양앳홈오렌지340,340m*,1,16500,16500,17500,17500,0.0606,0,0,,0,,,
기본 대분류,음료-B동,남양유업,002930,21-16,남양앳홈오렌지(병),180ml*48,48,469,22512,521,25008,0.1109,0,0,,0,,,
기본 대분류,음료-B동,남양유업,002931,21-59,남양앳홈오렌지 1.5(48),1.5L*12,12,1833.33333333333,21999.99999999996,2150,25800,0.1727,0,0,0,0,,,
기본 대분류,음료-B동,남양유업,002932,21-67,남양앳홈알로에병 180,180ml*48,48,458.3333,21999.9984,550,26400,0.2,0,0,,0,,,
기본 대분류,음료-B동,남양유업,002933,21-05,남양앳홈알로에 1.5(48),1.5L*12,12,1583.3333,18999.9996,1833,21996,0.1577,0,0,,0,,,
기본 대분류,음료-B동,남양유업,002934,21-62,남양앳홈사과병,180ml*48,48,452.083333333333,21699.99999999998,479,22992,0.0595,0,0,,0,,,
기본 대분류,음료-B동,남양유업,002935,21-96,남양앳홈사과 1.5,1.5L*12,12,1833.33333333333,21999.99999999996,2250,27000,0.2273,0,0,0,0,,,
기본 대분류,음료-B동,남양유업,002936,21-57,남양앳홈복숭아속살캔,238ml*24,24,248.458333333333,5962.999999999992,333,7992,0.3403,0,0,0,0,,,
기본 대분류,음료-B동,남양유업,002937,21-23,남양앳홈복숭아속살병180,180*48,48,325.583333333333,15627.999999999982,416,19968,0.2777,0,0,,0,,,
기본 대분류,음료-B동,남양유업,002938,21-60,남양앳홈복숭아속살(pet) 1.5,1.5L*12,12,1527.5,18330,1666,19992,0.0907,0,0,0,0,,,
기본 대분류,음료-B동,남양유업,002944,21-40,남양알로에캔,180*90,90,268,24120,285,25650,0.0634,0,0,,0,,,
기본 대분류,음료-B동,남양유업,002945,21-95,남양알로에생캔 180,180ml*30,30,213.3333,6399.999,266,7980,0.2469,0,0,,0,,,
기본 대분류,음료-B동,남양유업,002946,21-06,남양알로에생500,500ml*20,20,816.5,16330,900,18000,0.1023,0,0,0,0,,,
기본 대분류,음료-B동,남양유업,002947,21-28,남양알로에생 180,180ml*48,48,385.4167,18500.0016,437,20976,0.1338,0,0,,0,,,
기본 대분류,음료-B동,남양유업,002948,21-14-01,남양알로에생 1.5,1.5L*12,12,1579.1667,18950.0004,2208,26496,0.3982,0,0,0,0,,,
기본 대분류,반품,반품,002952,60-07,남양반품,,1,0,0,0,0,0,26,26,0,0,,,
기본 대분류,음료-B동,남양유업,002953,21-82,남양바닐라마끼아또캔 175,175ml*30,30,268.333333333333,8049.999999999989,308,9240,0.1478,0,0,,0,,,
기본 대분류,음료-B동,남양유업,002955,21-77,남양마일드17차 340,340ml*20,20,550,11000,550,11000,0,0,0,0,0,,,
기본 대분류,음료-B동,남양유업,002965,21-41,남양17차캔 240 (132),240ml*30,30,271.2,8136,300,9000,0.1062,0,0,0,0,,,
기본 대분류,음료-B동,남양유업,002966,21-49,남양17차캔 180 (154),180ml*30,30,239.5,7185,283,8490,0.1816,0,0,0,0,,,
기본 대분류,음료-B동,남양유업,002967,21-08,남양17차pet 500 (77),500ml*20,20,585,11700,725,14500,0.2393,5060,253,0,0,,,
기본 대분류,음료-B동,남양유업,002968,21-61,남양17차(병),180*48,48,385.4167,18500.0016,416,19968,0.0794,0,0,,0,,,
기본 대분류,음료-B동,남양유업,002969,21-07,남양17차 340 (104),340ml*20,20,465,9300,580,11600,0.2473,6800,340,0,0,,,
기본 대분류,음료-B동,남양유업,002970,21-09,남양17차 1.5 (48/52),1.5L*12,12,1166.6667,14000.0004,1500,18000,0.2857,72,6,0,0,,,
기본 대분류,통조림-C동,남양유업,002972,21-108-110-13,남양 프렌치카페커피믹스 180+20(40),(180T+20T)*4,4,20648,82592,25000,100000,0.2108,74,18,2,0,,,
기본 대분류,통조림-C동,남양유업,002973,21-108-110-09,남양 프렌치카페커피믹스 100T+10T(30),(100T+10T)*8,8,7000,56000,10324,82592,0.4749,0,0,0,0,,,
기본 대분류,통조림-C동,남양유업,002974,21-108-110-03,남양 프렌치카페커피믹스20+5,25t*24,24,1623.375,38961,2083,49992,0.2831,0,0,0,0,,,
기본 대분류,통조림-C동,남양유업,002975,21-108-110-02,남양 프렌치카페커피믹스 20t(52),20T*24,24,2648,63552,3000,72000,0.1329,504,21,0,0,,,
기본 대분류,통조림-C동,남양유업,002976,21-108-110-12,남양 프렌치카페커피믹스 160T+20T(40),(160T+20T)*4,4,11300,45200,15250,61000,0.3496,0,0,0,0,,,
기본 대분류,음료-B동,남양유업,002977,21-13,남양 진콩두유190ml(162),190ml*24,24,250,6000,291,6984,0.164,0,0,0,0,,,
기본 대분류,음료-B동,동아오츠카,002979,28-24,나랑드사이다/동아(108),180ml*30,30,368.3333,11049.999,450,13500,0.2217,0,0,0,0,,,
기본 대분류,음료-B동,농심,003002,54-05-02,김치큰사발 소컵(86*24),86*24,24,562.5,13500,700,16800,0.2444,0,0,,0,,,
기본 대분류,기타,기타,003005,50-99,기타제품[소분],,1,0,0,0,0,0,105686,105686,0,0,,,
기본 대분류,통조림-C동,기타,003006,51-01,금성테이프(다C투명),48*40(다C),40,600.875,24035,662,26480,0.1017,0,0,,0,,,
기본 대분류,통조림-C동,기타,003007,51-01-01,금성테이프(다C미색),48*40(다C),40,600.875,24035,662,26480,0.1017,0,0,,0,,,
기본 대분류,통조림-C동,기타,003008,51-03,금성테이프(나B투명)거래정지,48*45(나B),45,637.1111,28669.999499999998,777,34965,0.2196,0,0,0,0,,,
기본 대분류,통조림-C동,기타,003009,51-03.,금성테이프(나B미색),48*45(나B),45,637.111111111111,28669.999999999993,711,31995,0.116,0,0,,0,,,
기본 대분류,통조림-C동,기타,003010,51-02,금성테이프(가A투명),48*50(가A),50,448.8,22440,700,35000,0.5597,2500,50,0,0,,,
기본 대분류,통조림-C동,기타,003011,51-02-01,금성테이프(가A미색),48*50(가A),50,550,27500,700,35000,0.2727,0,0,0,0,,,
기본 대분류,음료-B동,일화,003026,14-50,광천수500(98),500ml*20,20,115,2300,130,2600,0.1304,0,0,0,0,,,
기본 대분류,음료-B동,일화,003027,14-50-01,광천수2.0(96),2.0*12,12,151.666666666667,1820.000000000004,175,2100,0.1538,0,0,,0,,,
기본 대분류,음료-B동,광동제약,003028,81-31,광동흑미차500,500ml*20,20,750,15000,900,18000,0.2,0,0,0,0,,,
기본 대분류,음료-B동,광동제약,003029,31-77-01,광동홍삼대추,100ml*100,100,0,0,0,0,0,0,0,,0,,,
기본 대분류,음료-B동,광동제약,003030,20-12-02,광동홍삼꿀디100ml,100ml*100,100,400,40000,532,53200,0.33,-100,-1,0,0,,,
기본 대분류,음료-B동,광동제약,003031,20-15,광동헛개차캔 175 (154),175ml*30,30,229.9667,6899.001,300,9000,0.3045,15750,525,0,0,,,
기본 대분류,음료-B동,광동제약,003032,20-20-02,광동헛개차500(24입),500ml*24,24,500,12000,625,15000,0.25,0,0,0,0,,,
기본 대분류,음료-B동,광동제약,003033,20-09,광동헛개차1.5L(60)(52),1.5L*12,12,1208.353,14500.236,1608.337,19300.044,0.331,0,0,0,0,,,
기본 대분류,음료-B동,광동제약,003034,20-08,광동헛개차 500 (72),500ml*20,20,750,15000,1000,20000,0.3333,0,0,0,0,,,
기본 대분류,음료-B동,광동제약,003035,20-07,광동헛개차 340 (104),340ml*20,20,590.9,11818,865,17300,0.4639,0,0,0,0,,,
기본 대분류,파렛트,파렛트,003036,20-11,광동파렛트,,1,0,0,0,0,0,548,548,0,0,,,
기본 대분류,음료-B동,광동제약,003037,20-13-05,광동진홍삼골드,100ml*100,100,385,38500,465.5,46550,0.2091,-400,-4,0,0,,,
기본 대분류,반품,반품,003038,60-19,광동반품,,0,0,0,0,0,0,-1,0,-1,0,,,
기본 대분류,음료-B동,광동제약,003039,61-77-02,광동 탐라는제주감귤(48),1.5L*12,12,1389.3333,16671.9996,2050,24600,0.4755,36,3,0,0,,,
기본 대분류,음료-B동,광동제약,003040,20-12-01,광동위생천75ml,75ml*100,100,360,36000,426,42600,0.1833,3000,30,0,0,,,
기본 대분류,음료-B동,광동제약,003041,20-17,광동우엉차340,340ml*20,20,490,9800,600,12000,0.2245,0,0,0,0,,,
기본 대분류,음료-B동,광동제약,003042,20-17-01,광동우롱차 500ml,500ml*24,24,600,14400,750,18000,0.25,0,0,0,0,,,
기본 대분류,음료-B동,광동제약,003043,20-18,광동옥수수염차캔 180 (168),180ml*30,30,242.9,7287,300,9000,0.2351,5910,197,0,0,,,
기본 대분류,음료-B동,광동제약,003044,20-02,광동옥수수수염차500ml (72),500ml*20,20,750,15000,900,18000,0.2,0,0,0,0,,,
기본 대분류,음료-B동,광동제약,003045,20-01,광동옥수수수염차 340 (120)(104),340ml*20,20,590.9,11818,865,17300,0.4639,0,0,0,0,,,
기본 대분류,음료-B동,광동제약,003046,20-03,광동옥수수수염차 1.5 (60)(52),1.5L*12,12,1208.353,14500.236,1666.6667,20000.0004,0.3793,0,0,0,0,,,
기본 대분류,음료-B동,광동제약,003047,20-09-04,광동옥수수수염500(24입),500ml*24,24,625,15000,775,18600,0.24,0,0,0,0,,,
기본 대분류,음료-B동,광동제약,003048,20-19,광동야왕(야관문)500ml,500ml*24,24,600,14400,666,15984,0.11,0,0,,0,,,
기본 대분류,음료-B동,광동제약,003049,20-20,광동야왕(야관문)340 (120),340ml*20,20,500,10000,650,13000,0.3,0,0,0,0,,,
기본 대분류,음료-B동,광동제약,003050,20-10,광동쌍화골드 (40),100ml*100,100,390,39000,465.5,46550,0.1936,-800,-8,0,0,,,
기본 대분류,음료-B동,광동제약,003051,25-271,광동생강쌍화,100ml*100,100,550,55000,600,60000,0.0909,0,0,0,0,,,
기본 대분류,음료-B동,광동제약,003052,04-50,광동생강골드,4*14,14,1428.57142857143,20000.000000000022,3214,44996,1.2498,0,0,,0,,,
기본 대분류,음료-B동,광동제약,003053,20-06,광동비타500후레쉬/ 100ml(특판유통) (40),100ml*100,100,368.5,36850,450,45000,0.2212,0,0,0,0,,,
기본 대분류,음료-B동,광동제약,003054,20-14,광동비타500파우치/250,250ml*30,30,650,19500,733,21990,0.1277,0,0,,0,,,
기본 대분류,음료-B동,광동제약,003055,20-14-02,광동비타500 240캔(30입) (132),240ml*30,30,449.4,13482,640,19200,0.4241,2700,90,0,0,,,
기본 대분류,음료-B동,광동제약,003056,20-05,광동비타500/180ml(64),180ml*40,40,690,27600,750,30000,0.087,3280,82,0,0,,,
기본 대분류,음료-B동,광동제약,003057,20-04,광동비타500/100ml (40),100ml*100,100,390,39000,532,53200,0.3641,26947,269,47,0,,,
기본 대분류,음료-B동,광동제약,003058,20-10-01,광동복분자병170,170ml*40,40,525,21000,575,23000,0.0952,0,0,0,0,,,
기본 대분류,음료-B동,광동제약,003059,20-12,광동복분자100,100ml*100,100,390,39000,532,53200,0.3641,-900,-9,0,0,,,
기본 대분류,음료-B동,광동제약,003060,61-77,광동대추쌍화,150(10*4),40,650,26000,725,29000,0.1154,0,0,0,0,,,
기본 대분류,파렛트,파렛트,003062,26-15..,광동아주파렛트,,1,0,0,0,0,0,3227,3227,0,0,,,
기본 대분류,음료-B동,남양유업,003064,21-003-02,과수원팩(청포도),190ml*24,24,241.6667,5800.0008,312.5,7500,0.2931,984,41,0,0,,,
기본 대분류,음료-B동,남양유업,003065,21-003,과수원팩(사과),190ml*24,24,241.6667,5800.0008,312.5,7500,0.2931,4464,186,0,0,,,
기본 대분류,음료-B동,남양유업,003066,21-003-01,과수원팩(복숭아),190ml*24,24,241.6667,5800.0008,312.5,7500,0.2931,600,25,0,0,,,
기본 대분류,음료-B동,코카콜라,003078,31-39-02,고티카아로마블랙270ml,270*20,20,890,17800,1190,23800,0.3371,0,0,,0,,,
기본 대분류,음료-B동,코카콜라,003079,31-39-01,고티카스위트아메리카노270ml,270*20,20,1000,20000,1190,23800,0.19,0,0,,0,,,
기본 대분류,음료-B동,코카콜라,003080,31-39,고티카마스터라떼270ml,270*20,20,832.5,16650,1190,23800,0.4294,0,0,0,0,,,
기본 대분류,통조림-C동,롯데,003081,16-04,고추장 고기볶음(롯데),95g*48,48,1050,50400,1100,52800,0.0476,0,0,0,0,,,
기본 대분류,기타,기타,003090,25-15,계산착오분정산,180ml*30,30,0,0,0,0,0,0,0,0,0,,,
기본 대분류,음료-B동,롯데칠성음료,003093,27-06,게토레이캔 240 (121),240ml*30,30,390.7,11721,500,15000,0.2798,21870,729,0,0,,,
기본 대분류,음료-B동,롯데칠성음료,003097,27-24-02,게토레이레몬600 6입 (54),600ml*6,6,750,4500,1000,6000,0.3333,0,0,0,0,,,
기본 대분류,음료-B동,롯데칠성음료,003098,27-24,게토레이레몬 600 (66),600ml*20,20,890,17800,1057.5,21150,0.1882,2800,140,0,0,,,
기본 대분류,음료-B동,롯데칠성음료,003099,27-06-02,게토레이뚱캔355,355ml*24,24,416.6667,10000.0008,812.5,19500,0.95,0,0,0,0,,,
기본 대분류,음료-B동,롯데칠성음료,003100,27-24-01,게토레이1.5 (36),1.5L*12,12,1682.4167,20189.0004,2100,25200,0.2482,684,57,0,0,,,
기본 대분류,기타,기타,003107,02-24,거래선정리,0,1,0,0,0,0,0,25,25,0,0,,,
기본 대분류,기타,기타,003108,200-02,거래선DC,,1,0,0,0,0,0,1149,1149,0,0,,,
기본 대분류,음료-B동,해태음료,003118,32-18,갈아만든배24입/140,238ml*24,24,503.4963,12083.9112,654.1667,15700.0008,0.2992,-1488,-62,0,0,,,
기본 대분류,음료-B동,해태음료,003119,32-30-02,갈아만든배 사이다 355,355ml*24,24,536.6667,12880.0008,750,18000,0.3975,432,18,0,0,,,
기본 대분류,음료-B동,해태음료,003120,32-30-01,갈아만든배 사이다 1.5,1.5L*12,12,1727.2731,20727.2772,2000,24000,0.1579,156,13,0,0,,,
기본 대분류,세제외-A동,큐원삼양,003121,01-94,각설탕1kg,1kg*20,20,5000,100000,6250,125000,0.25,0,0,0,0,,,
기본 대분류,음료-B동,가야웅진,003123,26-08,가야포도농장 1.5 (48),1.5L*12,12,1875,22500,2291,27492,0.2219,0,0,0,0,,,
기본 대분류,음료-B동,가야웅진,003124,26-07,가야포도(병),180*24,24,454.5833,10909.9992,500,12000,0.0999,0,0,,0,,,
기본 대분류,음료-B동,가야웅진,003125,26-19,가야파인애플펫1.0L*12,1.0*20,20,385,7700,500,10000,0.2987,0,0,,0,,,
기본 대분류,음료-B동,가야웅진,003127,26-04-03,가야토마토병180 (63),180ml*48병,48,441.6667,21200.0016,552.0833,26499.9984,0.25,1488,31,0,0,,,
기본 대분류,음료-B동,가야웅진,003128,26-99.,가야토마토병(단종),180*24,24,416.6667,10000.0008,500,12000,0.2,0,0,,0,,,
기본 대분류,음료-B동,가야웅진,003129,26-04-02,가야토마토농장 500 (90),500ml*20,20,1000,20000,1200,24000,0.2,480,24,0,0,,,
기본 대분류,음료-B동,가야웅진,003130,26-04,가야토마토농장 1.5 (48),1.5L*12,12,1666.6667,20000.0004,2500,30000,0.5,1812,151,0,0,,,
기본 대분류,기타,기타,003131,26-14,가야케이스,50*1,1,0,0,0,0,0,0,0,0,0,,,
기본 대분류,음료-B동,가야웅진,003132,26-13,가야종합병180 (63),180ml*48병,48,427.875,20538,556.25,26700,0.3,2496,52,0,0,,,
기본 대분류,음료-B동,가야웅진,003133,26-21,가야제주감귤병180,180ml*24,24,416.6667,10000.0008,500,12000,0.2,0,0,0,0,,,
기본 대분류,반품,반품,003134,60-04,가야웅진반품,0,1,0,0,0,0,0,85,85,0,0,,,
기본 대분류,음료-B동,가야웅진,003135,26-20.,가야오렌지병180ml,180*24,24,500,12000,550,13200,0.1,0,0,,0,,,
기본 대분류,음료-B동,가야웅진,003136,26-20,가야오렌지병(24,180*12,12,833.3333,9999.9996,0,0,-1,0,0,,0,,,
기본 대분류,음료-B동,가야웅진,003137,26-02-03,가야알로에병180(63),180ml*48병,48,441.6667,21200.0016,552.0833,26499.9984,0.25,2880,60,0,0,,,
기본 대분류,음료-B동,가야웅진,003138,26-99,가야알로에병(단종?),180*24,24,366.6667,8800.0008,437,10488,0.1918,0,0,,0,,,
기본 대분류,음료-B동,가야웅진,003139,26-02-02,가야알로에농장 500(90),500ml*20,20,1000,20000,1200,24000,0.2,700,35,0,0,,,
기본 대분류,음료-B동,가야웅진,003140,26-02,가야알로에 1.5 (48),1.5L*12,12,1666.6667,20000.0004,2500,30000,0.5,828,69,0,0,,,
기본 대분류,음료-B동,가야웅진,003141,26-22,가야사과병180ml/단종,180*24,24,429.1667,10300.0008,500,12000,0.165,0,0,,0,,,
기본 대분류,음료-B동,가야웅진,003142,26-10,가야사과농장 1.5 (48),1.5L*12,12,1785.6667,21428.0004,2500,30000,0.4,588,49,0,0,,,
기본 대분류,음료-B동,가야웅진,003143,26-05,가야복숭아농장 1.5 (48),1.5L*12,12,1923.0833,23076.9996,2500,30000,0.3,240,20,0,0,,,
기본 대분류,음료-B동,가야웅진,003144,26-09,가야복숭아(병),180*24,24,411.5833,9877.9992,416,9984,0.0107,0,0,0,0,,,
기본 대분류,음료-B동,가야웅진,003145,26-23,가야배농장병180,180ml*24,24,416.6667,10000.0008,458,10992,0.0992,0,0,0,0,,,
기본 대분류,음료-B동,가야웅진,003146,26-06-01,가야당근병180,180ml*48병,48,441.6667,21200.0016,552.0833,26499.9984,0.25,528,11,0,0,,,
기본 대분류,음료-B동,가야웅진,003147,26-06,가야당근농장1.5 (48),1.5L*12,12,1923,23076,2500,30000,0.3001,384,32,0,0,,,
기본 대분류,음료-B동,가야웅진,003148,26-17,가야감귤1.5,1.5L*12,12,1000,12000,1333,15996,0.333,0,0,,0,,,
기본 대분류,세제외-A동,동아제약,003158,28-64-06,가그린제로기획(제로750ml+제로250ml),,1,45230,45230,60000,60000,0.3266,0,0,0,0,,,
기본 대분류,세제외-A동,동아제약,003159,28-64-05,가그린제로 750ml,750*12,12,0,0,0,0,0,0,0,,0,,,
기본 대분류,세제외-A동,동아제약,003161,28-64-03,가그린기획(750+250),(750ml+250ml)*12,12,3728.3333,44739.999599999996,6666,79992,0.7879,0,0,0,0,,,
기본 대분류,세제외-A동,동아제약,003162,28-64-01,가그린기획 (750ml+100ml*2)*12,(750ml*1+100ml*2),3,15076.6667,45230.0001,20000,60000,0.3266,0,0,0,0,,,
기본 대분류,세제외-A동,동아제약,003163,28-64,가그린 오리지널 750ml,750*12,12,0,0,0,0,0,0,0,0,0,,,
기본 대분류,파렛트,파렛트,003175,26-15,kPP파렛트,,1,0,0,0,0,0,17049,17049,0,0,,,
기본 대분류,음료-B동,남양유업,003176,21-101,GT맛두유팩(담백맛)190 (180),190ml*24,24,208.3333,4999.9992,375,9000,0.8,0,0,0,0,,,
기본 대분류,음료-B동,남양유업,003177,21-101-01,GT맛두유팩(달콤맛)190,190ml*24,24,712.5,17100,916.6667,22000.0008,0.2865,0,0,0,0,,,
기본 대분류,음료-B동,남양유업,003178,21-100,GT맛두유고칼슘팩(검은콩.깨)190(180),190ml*24,24,325,7800,437.5,10500,0.3462,5232,218,0,0,,,
기본 대분류,음료-B동,남양유업,003179,21-101-02,"GT맛두유팩(검은콩,깨)190(64입)",190ml*64,64,336.34375,21526,390,24960,0.1595,0,0,0,0,,,
기본 대분류,음료-B동,남양유업,003180,21-103,GT두유검은콩깨병(고소한)/64,200*(10*3),30,583.3333,17499.999,716.6667,21500.001,0.2286,3420,114,0,0,,,
기본 대분류,음료-B동,남양유업,003181,21-104,GT두유(순한맛)연두병(64),(200*10)*3,30,426.6667,12800.001,550,16500,0.2891,0,0,0,0,,,
기본 대분류,음료-B동,남양유업,003182,21-105,GT두유(달콤한맛)주황병 (64),(200*10)*3,30,450,13500,566,16980,0.2578,0,0,0,0,,,
기본 대분류,통조림-C동,동원에프앤비,003183,11-012,(동원참치기획 살코기150*2)+(DHA150*2)*12,(살코기150g*2+DHA150g*2)*12세트,48,1830,87840,2300,110400,0.2568,0,0,0,0,,,
기본 대분류,통조림-C동,동원에프앤비,003184,11-998,DHA100*2+마일드100*2,4*20,20,4300,86000,5000,100000,0.1628,0,0,,0,,,
기본 대분류,음료-B동,HK이노앤,003185,55-02,CJ헛개컨디션레이디100ml,100ml*50,50,1900,95000,2400,120000,0.2632,0,0,0,0,,,
기본 대분류,음료-B동,HK이노앤,003186,55-03-02,CJ헛개수(특수유통용) 340(96),340ml*20,20,425,8500,550,11000,0.2941,0,0,0,0,,,
기본 대분류,음료-B동,HK이노앤,003187,55-04,CJ헛개수 500 (72),500ml*20,20,630,12600,1600,32000,1.5397,800,40,0,0,,,
기본 대분류,음료-B동,HK이노앤,003188,55-03,CJ헛개수 340 (96),340ml*20,20,450,9000,600,12000,0.3333,0,0,0,0,,,
기본 대분류,음료-B동,HK이노앤,003189,55-05,CJ헛개수 1.5,1.5L*12,12,1353.8333,16245.9996,1760,21120,0.3,0,0,0,0,,,
기본 대분류,음료-B동,HK이노앤,003190,55-01,CJ헛개 컨디션100ml(80),100ml*50,50,1620,81000,2400,120000,0.4815,2770,55,20,0,,,
기본 대분류,음료-B동,HK이노앤,003191,55-10,CJ헛개 컨디션 75ml,75ml*50,50,1300,65000,1600,80000,0.2308,0,0,0,0,,,
기본 대분류,세제외-A동,CJ제일제당,003192,15-16.,CJ햇반 210g 12입(120),210g*12,12,740,8880,1000,12000,0.3514,0,0,0,0,,,
기본 대분류,세제외-A동,CJ제일제당,003193,15-16-01,CJ햇반 200g 12입 (104),200g*12,12,750,9000,1000,12000,0.3333,0,0,0,0,,,
기본 대분류,통조림-C동,CJ제일제당,003194,45-09-01,CJ풍성한S호/3세트(BOX)(20),(스팸클200g*12+카놀*2+요리올*1)*3,3,37000,111000,45000,135000,0.2162,0,0,0,0,,,
기본 대분류,세제외-A동,CJ제일제당,003195,41-51,백설 올리브유900(60),900ml*12,12,13860,166320,16000,192000,0.1544,0,0,0,0,,,
기본 대분류,통조림-C동,CJ제일제당,003198,15-01-05,CJ 제일N호/5세트,카놀1+해바라1+요리유1,1,25000,25000,50000,50000,1,0,0,0,0,,,
기본 대분류,통조림-C동,CJ제일제당,003199,45-07,CJ 스페셜 G호/3세트 (20),(스팸*6+카놀*2+참*2+사과식초*1+프락토올리고*1+소금*2)*3,3,24500,73500,32000,96000,0.3061,7,2,1,0,,,
기본 대분류,세제외-A동,CJ제일제당,003200,08-47-03,CJ 백설[소불고기]양념장 500g(91),500g*12,12,1750,21000,2500,30000,0.4286,0,0,0,0,,,
기본 대분류,세제외-A동,CJ제일제당,003201,08-47-01,CJ 백설 [소갈비]양념장 500g(91),500g*12,12,1750,21000,2500,30000,0.4286,0,0,0,0,,,
기본 대분류,세제외-A동,CJ제일제당,003202,08-47-04,CJ 백설[돼지불고기]양념장500g(91),500g*12,12,1250,15000,2500,30000,1,0,0,0,0,,,
기본 대분류,세제외-A동,CJ제일제당,003203,08-47-02,CJ 백설 [돼지갈비]양념장 500g(91),500g*12,12,1250,15000,2500,30000,1,0,0,0,0,,,
기본 대분류,통조림-C동,치리오,003204,15-05-01,CIRIO치리오 황도슬라이스411g(160),411g*12입,12,590,7080,900,10800,0.5254,0,0,0,0,,,
기본 대분류,세제외-A동,기타,003207,56-03,AA복사용지A4500매,A4500매*5매,5,4132,20660,5000,25000,0.2101,0,0,0,0,,,
기본 대분류,세제외-A동,오뚜기,003216,39-22,3분쇠고기[카레]200g (96),200g*24,24,985,23640,1375,33000,0.3959,0,0,0,0,,,
기본 대분류,세제외-A동,오뚜기,003217,39-23,3분쇠고기[짜장]200g (96),200g*24,24,914.335,21944.04,1375,33000,0.5038,0,0,0,0,,,
기본 대분류,세제외-A동,애경,003226,02-35,2080칫솔(미세모)24입(재고O),12*2,2,4500,9000,5000,10000,0.1111,0,0,0,0,,,
기본 대분류,세제외-A동,애경,003227,02-34-01,2080치약(오리지날)140g,140g*(3*12),36,680,24480,833,29988,0.225,0,0,0,0,,,
기본 대분류,세제외-A동,애경,003228,02-34,2080치약(오리지날),150g*48,48,718.75,34500,1041,49968,0.4483,0,0,,0,,,
기본 대분류,세제외-A동,애경,003229,02-34-02,2080치약(구치케어)150g*48,150*48,48,718.75,34500,833,39984,0.159,0,0,,0,,,
기본 대분류,세제외-A동,애경,003230,02-38,2080어린이치약바나나80g,(80g*3)*18,54,833.333333333333,44999.999999999985,925,49950,0.11,0,0,,0,,,
기본 대분류,세제외-A동,애경,003231,02-39.,2080알파구치케어치약,140g*2*18=36,36,527.777777777778,19000.00000000001,583,20988,0.1046,0,0,,0,,,
기본 대분류,통조림-C동,CJ제일제당,003235,15-27.,200스팸클래식200*48,200g*48,48,1800,86400,3066,147168,0.7033,0,0,,0,,,
기본 대분류,음료-B동,동서식품,003245,61-01,0,50*18,18,855.2778,15395.000399999999,4444,79992,4.196,-18,-1,0,0,,,
기본 대분류,통조림-C동,동원에프앤비,003246,52-27-02,★사용금지★ 동원특15호/5세트,5set(참치100*6+카놀500*2),5,14000,70000,20000,100000,0.4286,0,0,0,0,,,
기본 대분류,통조림-C동,동원에프앤비,003247,52-27-03,★사용금지★ [낱개]동원특15호(set),(참치100*6+카놀500*2),1,14000,14000,18000,18000,0.2857,0,0,0,0,,,
기본 대분류,세제외-A동,류씨네,003248,80-26-02,★면세 류씨네 고추가루매운맛 김치용 (수입)2.5kg,2.5*4,4,21000,84000,33500,134000,0.5952,9,2,1,0,,,
기본 대분류,세제외-A동,류씨네,003249,80-26-04,★면세 류씨네 고추가루매운맛 중식용 (수입)2.5kg,2.5*4,4,21000,84000,34000,136000,0.619,32,8,0,0,,,
기본 대분류,세제외-A동,류씨네,003250,80-26-06,★면세 류씨네 고추가루 중식용 (중국산)2.5kg,2.5*4,4,18343.75,73375,26500,106000,0.4446,48,12,0,0,,,
기본 대분류,통조림-C동,하림,003262,33-05,[하림]슬림닭가슴살(99) 135g,135g*36,36,1050,37800,1666,59976,0.5867,0,0,0,0,,,
기본 대분류,세제외-A동,오뚜기,003263,39-78-01,[오뚜기]옛날참기름 500ml,500ml*12,12,3300,39600,5166,61992,0.5655,0,0,,0,,,
기본 대분류,음료-B동,동서식품,003264,24-02-01,[식스팩]제티초코175,175*(6*6),36,309.8889,11156.000399999999,488.8889,17600.0004,0.5776,0,0,0,0,,,
기본 대분류,세제외-A동,해표사조,003265,15-07,사조 마일드참치200g(80),200g*36,36,2150,77400,2600,93600,0.2093,7089,196,33,0,,,
기본 대분류,세제외-A동,CJ제일제당,003266,08-45,[백설튀김]가루1k(70),1kg*10,10,1800,18000,3000,30000,0.6667,-93,-9,-3,0,,,
기본 대분류,세제외-A동,CJ제일제당,003267,08-46,[백설부침]가루1kg(70),1kg*10,10,1800,18000,3000,30000,0.6667,-40,-4,0,0,,,
기본 대분류,세제외-A동,CJ제일제당,003268,08-39,백설 진한참기름500ml캔(96),500ml*12,12,4700,56400,8000,96000,0.7021,0,0,0,0,,,
기본 대분류,통조림-C동,롯데,003269,16-05,[롯데]런천미트(大)/ (91),340g*24,24,1820,43680,2300,55200,0.2637,4877,203,5,0,,,
기본 대분류,통조림-C동,동표,003270,46-07,[동표]황도슬라이스 (80),400g*24,24,800,19200,1150,27600,0.4375,0,0,0,0,,,
기본 대분류,통조림-C동,동원에프앤비,003271,11-64-01,[동원]일품당면500g(24),500g*20,20,2530,50600,3365,67300,0.33,0,0,0,0,,,
기본 대분류,음료-B동,동원음료,003272,12-10,[동원]알로에캔175*30 (144),175ml*30,30,202.3333,6069.999,280,8400,0.3839,0,0,0,0,,,
기본 대분류,음료-B동,동원음료,003273,12-16,[동원]밥알없는식혜 175(144),175ml*30,30,236.6,7098,280,8400,0.1834,0,0,0,0,,,
기본 대분류,통조림-C동,엘지,003274,07-31-01,[낱개}엘지3호(쓰임가득N호)/세트,1set,1,8000,8000,10000,10000,0.25,0,0,0,0,,,
기본 대분류,세제외-A동,기타,003276,42-75-03,[낱개]황지수 핸드 클린겔500(손세정제),500ml*1개,1,4333.333,4333.333,7000,7000,0.6154,0,0,0,0,,,
기본 대분류,세제외-A동,청정원,003277,36-41-01,[낱개]환만식초 1.8*9입,1.8L,1,1380,1380,1700,1700,0.2319,0,0,,0,,,
기본 대분류,세제외-A동,한성,003278,57-04-01,[낱개]한성런천미트 340g*24입,,1,1100,1100,1550,1550,0.4091,0,0,0,0,,,
기본 대분류,음료-B동,CJ제일제당,003279,55-07-03,[낱개]한뿌리홍삼120ml,10병,1,18500,18500,20000,20000,0.0811,0,0,0,0,,,
기본 대분류,음료-B동,CJ제일제당,003280,55-06-03,[낱개]한뿌리인삼120ml,10병,1,14150,14150,15000,15000,0.0601,0,0,0,0,,,
기본 대분류,통조림-C동,펭귄,003282,14-10-01,[낱개]펭귄황도(슬라이스) 400g*1캔,400g*1캔,1,970,970,1360,1360,0.4021,0,0,,0,,,
기본 대분류,통조림-C동,펭귄,003284,14-04-01,[낱개]펭귄백도2절 400g*1캔,400g*1캔,1,1080,1080,1360,1360,0.2593,0,0,,0,,,
기본 대분류,통조림-C동,유성물산,003285,14-01-02,[낱개]펭귄꽁치(한마리) 400g*1캔,400g*1캔,1,1570,1570,2050,2050,0.3057,0,0,0,0,,,
기본 대분류,통조림-C동,펭귄,003286,14-02-01,[낱개]펭귄고등어(신형) 400g*1캔,400g*1캔,1,1250,1250,1570,1570,0.256,0,0,,0,,,
기본 대분류,세제외-A동,청정원,003287,50-441,[낱개]특19호 (set),참치150*6+카놀라유*2+런천200*3,1,18500,18500,19000,19000,0.027,0,0,,0,,,
기본 대분류,통조림-C동,유성물산,003289,15-60-01,[낱개]큐원하얀설탕 3K*1봉지,3k*1봉지,1,2900,2900,3900,3900,0.3448,0,0,0,0,,,
기본 대분류,세제외-A동,CJ제일제당,003290,15-60-03,[낱개]큐원갈색설탕 3k*1봉지,3k*1봉지,1,3000,3000,4800,4800,0.6,0,0,,0,,,
기본 대분류,세제외-A동,CJ제일제당,003291,15-47-03,[낱개]큐원갈색설탕 1kg*1입,1kg,1,1390,1390,0,0,-1,0,0,,0,,,
기본 대분류,통조림-C동,청정원,003296,01-17-04,[낱개]청정원NH-3호-set,1 세트,1,14000,14000,19000,19000,0.3571,1,1,0,0,,,
기본 대분류,통조림-C동,청정원,003297,01-19-05,[낱개]청정원 고급유6호-set,1세트,1,7800,7800,10000,10000,0.2821,0,0,0,0,,,
기본 대분류,통조림-C동,동원에프앤비,003298,11-62-03,[낱개]지중해 황도410g*1캔,410g*1캔,1,850,850,0,0,-1,0,0,,0,,,
기본 대분류,통조림-C동,유성물산,003299,11-510-01,[낱개]정통불고기참치 150g*48입,,1,1700,1700,2100,2100,0.2353,0,0,,0,,,
기본 대분류,통조림-C동,유성물산,003300,11-500-01,[낱개]정통불고기참치 100g*1캔,100g*1캔,1,1200,1200,1700,1700,0.4167,0,0,,0,,,
기본 대분류,세제외-A동,기타,003301,39-83-01,[낱개]잔치국수소면 3kg/면사랑*4입,,1,3750,3750,5000,5000,0.3333,0,0,,0,,,
기본 대분류,통조림-C동,유성물산,003302,10-08-01,[낱개]유동황도슬라이스 400g*1캔,400g*1캔,1,1000,1000,1360,1360,0.36,0,0,,0,,,
기본 대분류,통조림-C동,유성물산,003303,10-29-01,[낱개]유동번데기 280g*1캔,280g*1캔,1,1050,1050,1400,1400,0.3333,0,0,0,0,,,
기본 대분류,통조림-C동,유성물산,003304,10-07-01,[낱개]유동번데기 130g*1캔,130g*1캔,1,760,760,1000,1000,0.3158,0,0,,0,,,
기본 대분류,통조림-C동,유성물산,003305,10-14-01,[낱개]유동뚝배기번데기탕(얼큰한맛) 280g*1캔,280g*1캔,1,1300,1300,1400,1400,0.0769,0,0,,0,,,
기본 대분류,통조림-C동,유성물산,003306,10-14-03,[낱개]유동뚝배기번데기탕(구수한맛) 280g*1캔,280g*1캔,1,1300,1300,1400,1400,0.0769,0,0,,0,,,
기본 대분류,통조림-C동,유성물산,003307,10-12,[낱개]유동꽁치 400g*1캔,400g*1캔,1,1650,1650,1800,1800,0.0909,0,0,,0,,,
기본 대분류,통조림-C동,유성물산,003308,10-24-05,[낱개]유동꼬막골뱅이280g*1캔,280g*1캔,1,3350,3350,3800,3800,0.1343,0,0,,0,,,
기본 대분류,통조림-C동,유성물산,003309,10-00-01,[낱개]유동골뱅이 400g*1캔,400g*1캔,1,6050,6050,6700,6700,0.1074,0,0,0,0,,,
기본 대분류,통조림-C동,유성물산,003310,10-01-01,[낱개]유동골뱅이 230g*1캔,230g*1캔,1,3950,3950,4660,4660,0.1797,0,0,,0,,,
기본 대분류,통조림-C동,유성물산,003311,10-02-01,[낱개]유동골뱅이 140g*1캔,140g*1캔,1,2760,2760,3200,3200,0.1594,0,0,0,0,,,
기본 대분류,통조림-C동,유성물산,003312,10-13-01,[낱개]유동고등어 400g*24입,,1,1375,1375,2000,2000,0.4545,0,0,,0,,,
기본 대분류,음료-B동,동원음료,003313,12-12-01,[낱개]옥수수수염차캔/동원 175ml,175ml*30,1,0,0,0,0,0,0,0,,0,,,
기본 대분류,세제외-A동,오뚜기,003314,39-86,[낱개]오뚜기옛날참기름 500*12입,500ml*12입,12,266.6667,3200.0004,300,3600,0.125,0,0,,0,,,
기본 대분류,세제외-A동,오뚜기,003315,39-104,[낱개]오뚜기/특선16호-(set),1set,1,11800,11800,18000,18000,0.5254,0,0,,0,,,
기본 대분류,세제외-A동,오뚜기,003316,39-100-01,[낱개]오뚜기/옛날참기름병 320*12입,320ml,1,2750,2750,3450,3450,0.2545,0,0,,0,,,
기본 대분류,세제외-A동,한성,003317,06-31,[낱개]아모레퍼시픽 종합 3호/6세트-(BOX),,1,7200,7200,9000,9000,0.25,0,0,,0,,,
기본 대분류,음료-B동,기타음료,003318,25-59-04,[낱개]신형 여명808-[1set*15개],119ml*1set*15개,15,2420,36300,3166,47490,0.3083,0,0,0,0,,,
기본 대분류,통조림-C동,CJ제일제당,003319,45-07-04,[낱개]스팸특별한선택N호(set),1set,1,23000,23000,28000,28000,0.2174,0,0,0,0,,,
기본 대분류,통조림-C동,CJ제일제당,003320,45-12-01,[낱개]스팸특별한선택 N2호 -(set),1 set,1,22500,22500,30000,30000,0.3333,0,0,0,0,,,
기본 대분류,통조림-C동,CJ제일제당,003321,45-27-01,[낱개]스팸복합2호 (set),스팸6+카놀라유3,1,22000,22000,25000,25000,0.1364,0,0,0,0,,,
기본 대분류,통조림-C동,CJ제일제당,003322,45-11-01,[낱개]스팸복합1호 (set),스팸6+카놀라유2,1,19000,19000,23000,23000,0.2105,0,0,0,0,,,
기본 대분류,통조림-C동,CJ제일제당,003323,45-21-01,[낱개]스팸8호 (set),클래식200*9,9,2611.151,23500.358999999997,4288.8889,38600.0001,0.6425,0,0,0,0,,,
기본 대분류,통조림-C동,CJ제일제당,003324,45-06-01,[낱개]스팸8E호(1set),클래식7+마일드2,1,20800,20800,25000,25000,0.2019,0,0,0,0,,,
기본 대분류,통조림-C동,CJ제일제당,003325,45-05-01,[낱개]스팸6호(set),1set,1,32000,32000,34000,34000,0.0625,0,0,0,0,,,
기본 대분류,통조림-C동,CJ제일제당,003326,45-10-02,[낱개]스팸3호-(set),(200*6)+(340*6),12,3416.6667,41000.000400000004,4416.6667,53000.0004,0.2927,0,0,0,0,,,
기본 대분류,통조림-C동,CJ제일제당,003327,45-08-02,[낱개]스팸1호(set),1세트,1,51000,51000,69800,69800,0.3686,0,0,0,0,,,
기본 대분류,통조림-C동,CJ제일제당,003328,61-58-05,[낱개]쉐프솔루선 육개장 1.2kg,1.2kg*8,8,875,7000,1093,8744,0.2491,0,0,0,0,,,
기본 대분류,세제외-A동,샘표,003329,03-17-01,[낱개]샘표진간장S 1.8*6입,,1,3150,3150,4000,4000,0.2698,0,0,,0,,,
기본 대분류,통조림-C동,CJ제일제당,003330,19-05-01,[낱개]삼미번데기130g*1캔,,1,594,594,0,0,-1,0,0,,0,,,
기본 대분류,세제외-A동,CJ제일제당,003331,15-42-01,[낱개]백설하얀설탕 3kg*1봉지,3k*1봉지,1,2750,2750,3700,3700,0.3455,0,0,,0,,,
기본 대분류,세제외-A동,CJ제일제당,003332,15-40-01,[낱개]백설하얀설탕 1kg*1봉지,1k*1봉지,1,1200,1200,1500,1500,0.25,0,0,,0,,,
기본 대분류,세제외-A동,CJ제일제당,003333,08-32-01,[낱개]백설포도씨유 900ml*1입,900ml*1입,1,3647,3647,5000,5000,0.371,0,0,,0,,,
기본 대분류,통조림-C동,CJ제일제당,003334,45-12-99,[낱개]백설특별한선택골드라벨(set),1set,1,38000,38000,40000,40000,0.0526,0,0,0,0,,,
기본 대분류,통조림-C동,CJ제일제당,003335,45-18-03,[낱개]백설스팸8k호(1set),클래식6+마일드3,1,21000,21000,25000,25000,0.1905,0,0,0,0,,,
기본 대분류,통조림-C동,CJ제일제당,003336,08-39-01,[낱개]백설/진한참기름 500ml (캔)*1캔,500ml*1캔,1,3250,3250,4200,4200,0.2923,0,0,,0,,,
기본 대분류,음료-B동,동아제약,003337,28-32,[낱개]박카스 F 120ml*10입,120ml*10병,10,515,5150,600,6000,0.165,0,0,0,0,,,
기본 대분류,통조림-C동,동원에프앤비,003341,50-32-01,[낱개]리챔6호-(set),200g*9캔,1,15300,15300,18900,18900,0.2353,0,0,0,0,,,
기본 대분류,통조림-C동,동원에프앤비,003342,50-40-01,[낱개]리챔2호-(set),리챔200g*9캔,1,20400,20400,25200,25200,0.2353,0,0,0,0,,,
기본 대분류,통조림-C동,롯데,003343,16-15-01,[낱개]롯데로스팜복합1호-1set,,1,20000,20000,26400,26400,0.32,0,0,,0,,,
기본 대분류,세제외-A동,CJ제일제당,003344,16-24…,[낱개]롯데로스팜4호-(set),1set,1,22400,22400,33000,33000,0.4732,0,0,,0,,,
기본 대분류,통조림-C동,롯데,003345,16-31-03,[낱개]롯데런천미트2호-(set),1 set,1,16000,16000,20000,20000,0.25,0,0,,0,,,
기본 대분류,통조림-C동,동원에프앤비,003346,11-61-01,[낱개]동원황도슬라이스 400g*1캔,400g*1캔,1,1050,1050,1260,1260,0.2,0,0,,0,,,
기본 대분류,통조림-C동,동원에프앤비,003347,52-27-01,[낱개]동원특15호-(set),참150*6+카500m*2+런천200g3,1,14000,14000,18000,18000,0.2857,0,0,0,0,,,
기본 대분류,통조림-C동,동원에프앤비,003348,50-24-02,[낱개]동원캔67호-(set),1set,1,30500,30500,43600,43600,0.4295,0,0,0,0,,,
기본 대분류,통조림-C동,동원에프앤비,003349,50-18-01,[낱개]동원캔57호(set),세트,1,23000,23000,28000,28000,0.2174,0,0,0,0,,,
기본 대분류,통조림-C동,동원에프앤비,003350,11-30-01,[낱개]동원칵테일 836g*1캔,836g*1캔,1,2100,2100,2500,2500,0.1905,0,0,0,0,,,
기본 대분류,통조림-C동,동원에프앤비,003351,50-01-01,[낱개]동원친호-(set),참치150g*12캔,12,1620,19440,1900,22800,0.1728,0,0,0,0,,,
기본 대분류,통조림-C동,동원에프앤비,003352,50-03-01,[낱개]동원친100호(set),참치100*12,12,1150,13800,1666,19992,0.4487,0,0,0,0,,,
기본 대분류,통조림-C동,동원에프앤비,003353,11-02-02,[낱개]동원참치살코기(원중)150g,150g*1캔,1,1500,1500,2100,2100,0.4,0,0,,0,,,
기본 대분류,통조림-C동,동원에프앤비,003354,11-01-01,[낱개]동원참치살코기(원소)100g,100g*1캔,1,1450,1450,1700,1700,0.1724,0,0,,0,,,
기본 대분류,통조림-C동,동원에프앤비,003355,11-03-01,[낱개]동원참치살코기(빅) 200g*1캔,210g*1캔,1,1750,1750,2200,2200,0.2571,0,0,,0,,,
기본 대분류,통조림-C동,동원에프앤비,003356,16-227,[낱개]동원참치10호-(set),1set(150참치12+런천200*4),1,19500,19500,25000,25000,0.2821,0,0,,0,,,
기본 대분류,통조림-C동,동원에프앤비,003357,11-21-03,[낱개]동원참치 1.88kg (덕용),1.88kg,1,0,0,0,0,0,0,0,,0,,,
기본 대분류,통조림-C동,동원에프앤비,003358,50-07.,[낱개]동원유호-(set),1set,1,19350,19350,23600,23600,0.2196,0,0,0,0,,,
기본 대분류,통조림-C동,동원에프앤비,003359,50-20,[낱개]동원올리브김식탁12P/(1세트),12p*1세트,1,7600,7600,9000,9000,0.1842,0,0,0,0,,,
기본 대분류,통조림-C동,동원에프앤비,003360,11-08-01,[낱개]동원야채참치 150g*1캔,150g*1캔,1,1800,1800,2100,2100,0.1667,0,0,0,0,,,
기본 대분류,통조림-C동,동원에프앤비,003361,11-07-01,[낱개]동원야채참치 100g*1캔,100g*1캔,1,1400,1400,1700,1700,0.2143,0,0,,0,,,
기본 대분류,통조림-C동,동원에프앤비,003362,11-13-01,[낱개]동원스위트콘(미국) 340g*1캔,340g*1캔,1,670,670,950,950,0.4179,0,0,,0,,,
기본 대분류,통조림-C동,동원에프앤비,003363,50-05-01,[낱개]동원선호-(set),참치150*18,1,29160,29160,35000,35000,0.2003,0,0,0,0,,,
기본 대분류,통조림-C동,동원에프앤비,003364,16-71-01,[낱개]동원바삭한김(set),1세트,1,6800,6800,8000,8000,0.1765,0,0,0,0,,,
기본 대분류,통조림-C동,동원에프앤비,003365,11-06-03,[낱개]동원매운고추150g*1캔,150g*1캔,1,1800,1800,2200,2200,0.2222,0,0,,0,,,
기본 대분류,통조림-C동,동원에프앤비,003366,50-21-02,[낱개]동원들기름김식탁12P/(1세트),12p*1세트,1,7600,7600,9000,9000,0.1842,0,0,0,0,,,
기본 대분류,통조림-C동,동원에프앤비,003367,11-70-01,[낱개]동원닭가슴살 135g*1캔,135g*1캔,1,1140,1140,1500,1500,0.3158,0,0,0,0,,,
기본 대분류,통조림-C동,동원에프앤비,003368,50-02-01,[낱개]동원단호-(set),150g*15캔,15,1950,29250,2566.6667,38500.0005,0.3162,0,0,0,0,,,
기본 대분류,통조림-C동,동원에프앤비,003369,50-04-01,[낱개]동원단100호(1set),100g*15캔,15,1150,17250,1400,21000,0.2174,0,0,0,0,,,
기본 대분류,통조림-C동,동원에프앤비,003370,11-39-01,[낱개]동원꽁치 400g*1캔,400g*1캔,1,1580,1580,2000,2000,0.2658,0,0,,0,,,
기본 대분류,통조림-C동,동원에프앤비,003371,11-10-01,[낱개]동원김치찌게참치(중) 150g*1캔,150g*1캔,1,1400,1400,2100,2100,0.5,0,0,,0,,,
기본 대분류,통조림-C동,동원에프앤비,003372,11-11-01,[낱개]동원김치찌게참치(빅) 210g,,1,2100,2100,2400,2400,0.1429,0,0,0,0,,,
기본 대분류,통조림-C동,동원에프앤비,003373,11-09-02,[낱개]동원김치찌개참치 (소)100g*1캔,100g*1캔,1,1400,1400,1700,1700,0.2143,0,0,,0,,,
기본 대분류,통조림-C동,동원에프앤비,003374,40-41-02,[낱개]동원귀호/1세트,,1,30000,30000,39000,39000,0.3,0,0,,0,,,
기본 대분류,통조림-C동,동원에프앤비,003375,50-41-02,[낱개]동원귀호/1세트,,1,30000,30000,0,0,-1,0,0,0,0,,,
기본 대분류,통조림-C동,동원에프앤비,003376,11-16-03,[낱개]동원골뱅이(中) 230g*1캔,230g*1캔,1,3100,3100,3800,3800,0.2258,0,0,,0,,,
기본 대분류,통조림-C동,동원에프앤비,003377,11-16-01,[낱개]동원골뱅이(小)140g*48입,140g,1,1400,1400,1700,1700,0.2143,0,0,,0,,,
기본 대분류,통조림-C동,동원에프앤비,003378,11-17-01,[낱개]동원골뱅이 400g*1캔,400g*1캔,1,4400,4400,5500,5500,0.25,0,0,,0,,,
기본 대분류,통조림-C동,동원에프앤비,003379,11-13-03,[낱개]동원골든스위트콘 340/태국*24입,,1,650,650,800,800,0.2308,0,0,,0,,,
기본 대분류,통조림-C동,동원에프앤비,003380,11-05-05,[낱개]동원고추참치(빅)250g,250g*1캔,1,2500,2500,3000,3000,0.2,0,0,,0,,,
기본 대분류,통조림-C동,동원에프앤비,003381,11-05-03,[낱개]동원고추참치 150g*1캔,150g*1캔,1,1800,1800,2100,2100,0.1667,0,0,,0,,,
기본 대분류,통조림-C동,동원에프앤비,003382,11-05-01,[낱개]동원고추참치 100g*1캔,100g*1캔,1,1400,1400,1700,1700,0.2143,0,0,,0,,,
기본 대분류,통조림-C동,동원에프앤비,003383,11-38-01,[낱개]동원고등어 400g*1캔,400g*1캔,1,1200,1200,2000,2000,0.6667,0,0,,0,,,
기본 대분류,통조림-C동,동원에프앤비,003384,11-06-01,[낱개]동원 매운고추참치 100g*1캔,100g*1캔,1,1250,1250,1700,1700,0.36,0,0,,0,,,
기본 대분류,통조림-C동,델몬트,003385,17-01-01,[낱개]델몬트칵테일후르츠 850*1캔,850*1캔,1,1770,1770,2900,2900,0.6384,0,0,0,0,,,
기본 대분류,통조림-C동,CJ제일제당,003386,45-09-02,[낱개]CJ스팸풍성한S호1set,1set,1,30000,30000,37000,37000,0.2333,0,0,0,0,,,
기본 대분류,세제외-A동,CJ제일제당,003387,15-15-05,[낱개] 햇반기획200g (8입*6) (40),(200g*8)*6,48,118.3333,5679.9983999999995,150,7200,0.2676,0,0,,0,,,
기본 대분류,통조림-C동,유성물산,003388,10-21-05,[낱개] 유동순살왕꼬막&골뱅이,280g,1,3600,3600,4500,4500,0.25,0,0,,0,,,
기본 대분류,통조림-C동,유성물산,003389,10-00-03,[낱개] 유동골뱅이300g,(300g*1),1,4900,4900,6000,6000,0.2245,0,0,0,0,,,
기본 대분류,통조림-C동,엘지,003390,07-31-03,[낱개] 엘지쓰임가득 두배세트,1세트,1,8650,8650,11000,11000,0.2717,0,0,0,0,,,
기본 대분류,통조림-C동,CJ제일제당,003391,45-07-01,[낱개] CJ스팸 스페셜 G호(set),1세트,1,25500,25500,30000,30000,0.1765,0,0,0,0,,,
기본 대분류,통조림-C동,청정원,003392,01-19-03,[낱개) 청정원고급유3호,1셋트,1,10500,10500,12500,12500,0.1905,0,0,0,0,,,
기본 대분류,음료-B동,삼성제약(바이오스마트약품),003393,25-40-03,[1set]삼성까스명수 75ml*10병,75ml*100,100,38,3800,44,4400,0.1579,0,0,0,0,,,
기본 대분류,음료-B동,동화약품,003394,38-09-04,[1set]동화까스활액(75ml*10병),75*120/50,120,43.4028,5208.336,54,6480,0.2442,0,0,0,0,,,
기본 대분류,음료-B동,동아제약,003395,28-61-01,[1set] 모닝케어/동아 (100ml*10병),,1,1000,1000,13200,13200,12.2,0,0,0,0,,,
기본 대분류,세제외-A동,샘표,003408,36-59,(샘)참진한고추장(14),14kg,1,23500,23500,0,0,-1,0,0,,0,,,
기본 대분류,통조림-C동,CJ제일제당,003409,01-17-06,(낱개)청정원NH-5호 / 세트,NH5호/1세트,1,13000,13000,20000,20000,0.5385,0,0,,0,,,
기본 대분류,통조림-C동,청정원,003410,01-17-01,(낱개)청정원NH-2호/세트,1 세트,1,18800,18800,23000,23000,0.2234,0,0,,0,,,
기본 대분류,세제외-A동,CJ제일제당,003411,15-71,(낱개)백설갈색설탕1k*20입,,1,1530,1530,1700,1700,0.1111,0,0,,0,,,
기본 대분류,통조림-C동,CJ제일제당,003413,15-29.,#스팸(클래식340*3+클래식200*2),(클래식340*3+클래식200*2)*8,8,12850,102800,14375,115000,0.1187,0,0,,0,,,
기본 대분류,통조림-C동,CJ제일제당,003414,15-26,#스팸(대)클래식32입,340*32,32,3000,96000,3500,112000,0.1667,0,0,,0,,,
기본 대분류,세제외-A동,청정원,003415,61-53.,순창재래식안심생된장2K,2kg*6,6,4400,26400,5000,30000,0.1364,0,0,,0,,,
기본 대분류,세제외-A동,샘표,003416,03-22,#샘표진간장금F-3  1.8 (52),1.8L*6,6,5900,35400,7000,42000,0.1864,0,0,0,0,,,
기본 대분류,세제외-A동,샘표,003417,03-17,#샘표진간장[S] 1.8(52),1.8L*6,6,3500,21000,4166,24996,0.1903,0,0,0,0,,,
기본 대분류,통조림-C동,CJ제일제당,003418,15-24,#[낱개]스팸클래식 340g*1캔,340g*1캔,1,2600,2600,3200,3200,0.2308,0,0,,0,,,
기본 대분류,통조림-C동,CJ제일제당,003419,15-22-01,#[낱개]스팸클래식 200g*1캔,200g*1캔,1,1700,1700,2400,2400,0.4118,0,0,0,0,,,
기본 대분류,통조림-C동,CJ제일제당,003420,15-23-01,#[낱개]스팸마일드 340g*1캔,340g*1캔,1,3500,3500,3500,3500,0,0,0,,0,,,
기본 대분류,통조림-C동,CJ제일제당,003421,45-15,#[낱개]스팸마일드 200g*1캔,200g*1캔,1,1730,1730,2100,2100,0.2139,0,0,,0,,,
기본 대분류,통조림-C동,CJ제일제당,003422,15-05,스팸1.81kg(덕용)/98,1.81kg*6,6,20000,120000,26000,156000,0.3,78,13,0,0,,,
기본 대분류,음료-B동,광동제약,003424,20-20-01,광동 돼지감자차 500ml,500ml*24,24,650,15600,791,18984,0.2169,0,0,0,0,,,
기본 대분류,세제외-A동,류씨네,003426,80-24, 류씨네 볶음통참깨1kg(외국산),1kg*10,10,5500,55000,9310,93100,0.6927,650,65,0,0,,,
기본 대분류,세제외-A동,류씨네,003427,80-26,★면세 류씨네 고추가루 김치용 (중국산) 2.5kg,(2.5kg*4),4,18250,73000,25000,100000,0.3699,17,4,1,0,,,
기본 대분류,세제외-A동,류씨네,003428,80-25,★면세 류씨네 건고추 (베트남)1kg,(1kg*5),5,11000,55000,16500,82500,0.5,0,0,0,0,,,
기본 대분류,음료-B동,하이트진로,003429,25-50-07,진로토닉워터제로 (104) 300ml,300ml*24,24,620.835,14900.04,729.1667,17500.0008,0.1745,2112,88,0,0,,,
기본 대분류,세제외-A동,애경,003430,81-43,애경 울샴푸 1.4(리필),1.4*9,9,3666.6667,33000.0003,4177.7778,37600.000199999995,0.1394,0,0,0,0,,,
기본 대분류,통조림-C동,기타,003431,200-05-03,랩(산업용) (48),15*500*350,1,24750,24750,36500,36500,0.4747,997,997,0,0,,,
기본 대분류,음료-B동,광동제약,003432,81-31-01,광동흑미차340,340ml*20,20,490,9800,700,14000,0.4286,0,0,0,0,,,
기본 대분류,음료-B동,동아제약,003433,81-40,동아 모닝케어 D 100ml(신형),100ml*50,5,15000,75000,19000,95000,0.2667,0,0,0,0,,,
기본 대분류,세제외-A동,기타,003434,81-36,동원 식용유1.8L(64),1.8L*6,6,3700,22200,5000,30000,0.3514,0,0,0,0,,,
기본 대분류,음료-B동,롯데칠성음료,003436,27-45-03/02,칸타타 콜드브루 블랙 275ml / 카라멜 마키아토 275ml,39,0,0,0,0,0,0,0,0,0,0,,,
기본 대분류,기타,기타,003442,00,A타입 택배비-1970,,1,0,0,0,0,0,0,0,0,0,,,
기본 대분류,기타,기타,003443,00-11,B타입 택배비-2570,,1,0,0,0,0,0,0,0,0,0,,,
기본 대분류,기타,기타,003444,00-12,C타입 택배비-3000,,1,3000,3000,3000,3000,0,-826101,-826101,0,0,,,
기본 대분류,기타,기타,003445,00-13,택배비-5000,,1,5000,5000,5000,5000,0,-85,-85,0,0,,,
기본 대분류,음료-B동,동원음료,003446,12-01,동원보성녹차 350 (88)/사용정지,350ml*20,20,435,8700,600,12000,0.3793,0,0,,0,,,
기본 대분류,음료-B동,동원음료,003447,12-37,동원옥수수수염차340 (99),340ml*24,24,375,9000,500,12000,0.3333,0,0,0,0,,,
기본 대분류,통조림-C동,CJ제일제당,003448,15-03-06,스팸기획200(클4+마2)*8/64,(클200g*4+마200g*2)*8,48,2400,115200,3300,158400,0.375,3600,75,0,0,,,
기본 대분류,세제외-A동,큐원삼양,003449,15-60-04,큐원하얀설탕5K(42),5K*4,4,5125,20500,7000,28000,0.3659,0,0,0,0,,,
기본 대분류,세제외-A동,큐원삼양,003450,15-60-05,큐원갈색설탕5K(42),5K*4,4,5375,21500,7500,30000,0.3953,0,0,0,0,,,
기본 대분류,음료-B동,남양유업,003451,21-03..,남양프렌치카페컵화이트컵,200ml*10,10,760,7600,1100,11000,0.4474,0,0,0,0,,,
기본 대분류,음료-B동,남양유업,003452,21-07-01,남양17차헛개340,340ml*20,20,450,9000,650,13000,0.4444,0,0,,0,,,
기본 대분류,음료-B동,그래미,003453,25-59-01,여명캔808 (단종),119*96,96,2427.0833,232999.99679999996,2812.5,270000,0.1588,0,0,,0,,,
기본 대분류,음료-B동,가야웅진,003454,26-04-01,가야토마토 1.5(정성담은),1.5*12,12,1391.6667,16700.0004,1833.3333,21999.9996,0.3174,0,0,,0,,,
기본 대분류,음료-B동,가야웅진,003455,26-05-01,가야당근병180 24입,180*24,24,416.6667,10000.0008,583.3333,13999.9992,0.4,0,0,0,0,,,
기본 대분류,음료-B동,롯데칠성음료,003456,27-107-02,롯데 잔치집식혜340뚱,340*24,24,362.5,8700,500,12000,0.3793,0,0,0,0,,,
기본 대분류,음료-B동,롯데칠성음료,003457,27-52,펩시콜라500,500ml*20,20,904.3,18086,1100,22000,0.2164,0,0,0,0,,,
기본 대분류,음료-B동,롯데칠성음료,003458,27-76-02,롯데/복분자175(143),175ml*30,30,166.6667,5000.001,233.3333,6999.999,0.4,0,0,0,0,,,
기본 대분류,음료-B동,롯데칠성음료,003459,27-78-02,롯데/고향집식혜175,175ml*30,30,226.6667,6800.001,333.3333,9999.999,0.4706,0,0,0,0,,,
기본 대분류,음료-B동,롯데칠성음료,003460,27-91-01,립톤스파클링복숭아뚱캔340,340*24,24,383.3333,9199.9992,541.6667,13000.0008,0.413,-4,0,-4,0,,,
기본 대분류,음료-B동,일화,003461,29-06-01,초정탄산수 500*24입,500*24,24,479.1667,11500.0008,625,15000,0.3043,0,0,0,0,,,
기본 대분류,음료-B동,코카콜라,003462,31-01-11,코카콜라코크라이트250,250ml*30,30,740,22200,933,27990,0.2608,0,0,0,0,,,
기본 대분류,음료-B동,코카콜라,003463,31-28-06,암바사뚱캔 345,345ml*24,24,563.4167,13522.0008,687.5,16500,0.2202,72,3,0,0,,,
기본 대분류,음료-B동,호연당,003464,34-01,호연당 꿀물병 180 (56)-단종,180ml*48병,48,375,18000,520.8333,24999.9984,0.3889,0,0,0,0,,,
기본 대분류,세제외-A동,오뚜기,003465,39-91-02,진비빔면 [멀티],,40,462.5,18500,550,22000,0.1892,0,0,0,0,,,
기본 대분류,통조림-C동,CJ제일제당,003466,45-18,스팸8K호 / 5세트-(BOX),클래식6+마일드3,5,25000,125000,30000,150000,0.2,0,0,0,0,,,
기본 대분류,통조림-C동,CJ제일제당,003467,45-18-01,[낱개]스팸8K호(1set),클래식6+마일드3,1,21000,21000,26000,26000,0.2381,0,0,0,0,,,
기본 대분류,음료-B동,HK이노앤,003468,55-02-02,헛개 컨디션 120ml,,100,1210,121000,1500,150000,0.2397,0,0,0,0,,,
기본 대분류,음료-B동,CJ제일제당,003469,55-06,한뿌리(인삼)120ml(60),(10*3set),3,12000,36000,15000,45000,0.25,0,0,0,0,,,
기본 대분류,음료-B동,CJ제일제당,003470,55-07,한뿌리(홍삼)120ml(60),(10*3set),3,15000,45000,20000,60000,0.3333,0,0,0,0,,,
기본 대분류,음료-B동,CJ제일제당,003471,55-07-01,[낱개]한뿌리홍삼120ml,(10*1set),1,16500,16500,20000,20000,0.2121,0,0,0,0,,,
기본 대분류,음료-B동,가야웅진,003472,81-35,가야알로에펫340,340ml*24,24,659.7083,15832.9992,791.6667,19000.0008,0.2,0,0,0,0,,,
기본 대분류,음료-B동,동서식품,003473,81-37,동서오레오딸기크림100g,(100g*24),24,720.8333,17299.9992,833.3333,19999.9992,0.1561,0,0,0,0,,,
기본 대분류,음료-B동,동서식품,003474,81-38,동서 오레오화이트크림100g,(100g*24),24,791.6667,19000.0008,1166.6667,28000.0008,0.4737,0,0,0,0,,,
기본 대분류,음료-B동,동서식품,003475,81-39,동서 오레오쵸코크림100g,(100g*24),24,720.8333,17299.9992,833.3333,19999.9992,0.1561,0,0,0,0,,,
기본 대분류,음료-B동,가야웅진,003476,81-42,가야 제주감귤340,340ml*24,24,500,12000,666.6667,16000.0008,0.3333,0,0,0,0,,,
기본 대분류,세제외-A동,CJ제일제당,003477,81-44,★면세★ 백설 하선정멸치액젓 골드 2.5kg(52),2.5kg*6,6,9050,54300,11000,66000,0.2155,0,0,0,0,,,
기본 대분류,통조림-C동,동원에프앤비,003478,81-45,동원 리챔트러플 300g,300g*24,24,2050,49200,3333,79992,0.6259,0,0,0,0,,,
기본 대분류,음료-B동,해태음료,003479,81-46,해태 흑당밀크티270ml,270*24,24,1000,24000,1595,38280,0.595,0,0,0,0,,,
기본 대분류,음료-B동,해태음료,003480,81-47,해태 흑당 카페라떼270ml,270*24,24,1000,24000,1595,38280,0.595,0,0,0,0,,,
기본 대분류,통조림-C동,엘지,003481,81-48,엘지생활의품격Y호(엘지3호)/5세트(BOX)/32,1세트*5,5,11000,55000,11667,58335,0.0606,0,0,0,0,,,
기본 대분류,음료-B동,매일유업,003482,81-49,매일두유99.9 190ml,190ml*24,24,567.5833,13621.9992,750,18000,0.3214,0,0,0,0,,,
기본 대분류,음료-B동,매일유업,003483,81-50,매일/ 뼈로가는칼슘365두유190,190ml*24,24,220,5280,333,7992,0.5136,0,0,0,0,,,
기본 대분류,음료-B동,매일유업,003484,81-51,매일/뼈로가는고칼슘검은콩두유190,190ml*24,24,378.4,9081.599999999999,437.5,10500,0.1562,0,0,0,0,,,
기본 대분류,음료-B동,매일유업,003485,81-52,매일/요미주스과일믹스125,(125ml*3)*8,24,594,14256,833,19992,0.4024,0,0,0,0,,,
기본 대분류,음료-B동,매일유업,003486,81-53,매일/요미주스사과배125,(125ml*3)*8,24,594,14256,833,19992,0.4024,0,0,0,0,,,
기본 대분류,음료-B동,매일유업,003487,81-54,매일/요미주스 사과배포도125,(125ml*3)*8,24,594,14256,833,19992,0.4024,0,0,0,0,,,
기본 대분류,세제외-A동,헨켈(퍼실),003488,81-55,퍼실 젤컬러 3L(72),(3L*6),6,8000,48000,10000,60000,0.25,0,0,0,0,,,
기본 대분류,음료-B동,해태음료,003489,81-56,해태아침에사과500,(500*20),20,1167,23340,1455,29100,0.2468,0,0,,0,,,
기본 대분류,음료-B동,해태음료,003490,81-57,갈아만든배사이다 500,500ml*24,24,1068.8333,25651.9992,1350,32400,0.2631,288,12,0,0,,,
기본 대분류,세제외-A동,기타,003491,81-58,에탄올워셔액(유니켐) (60),1.8L*8,8,1402.5,11220,1862.5,14900,0.328,776,97,0,0,,,
기본 대분류,음료-B동,롯데칠성음료,003492,81-59,립톤500 (6본),500ml*6,6,722,4332,1166,6996,0.615,0,0,0,0,,,
기본 대분류,음료-B동,롯데칠성음료,003494,81-61,초가을우엉차500(24입),500ml*24,24,684,16416,850,20400,0.2427,0,0,0,0,,,
기본 대분류,음료-B동,롯데칠성음료,003495,81-62,오늘의차황금보리500(6입),500ml*6,6,590,3540,1333,7998,1.2593,0,0,0,0,,,
기본 대분류,음료-B동,해태음료,003496,81-63,해태 갈아만든배500,500ml*24,24,1135.9097,27261.832799999996,1400,33600,0.2325,408,17,0,0,,,
기본 대분류,음료-B동,매일유업,003497,81-64,★면세★ 매일 상하목장유기농우유200ml,200ml*24,24,790,18960,916,21984,0.1595,0,0,0,0,,,
기본 대분류,음료-B동,매일유업,003498,81-65,★면세★ 매일 상하목장유기농우유125ml,(125*4)*6,24,680,16320,833.353,20000.471999999998,0.2255,0,0,0,0,,,
기본 대분류,음료-B동,매일유업,003499,81-66,매일 두유고단백190ml,190ml*24,24,739.1667,17740.0008,854.1667,20500.0008,0.1556,0,0,0,0,,,
기본 대분류,음료-B동,매일유업,003500,81-67,매일두유 오리지널190ml,190ml*24,24,567.5833,13621.9992,750,18000,0.3214,0,0,0,0,,,
기본 대분류,음료-B동,매일유업,003501,81-68,매일 두유초콜릿190ml (단종),190ml*24,24,283.8333,6811.9992,566.6667,13600.0008,0.9965,0,0,0,0,,,
기본 대분류,음료-B동,매일유업,003502,81-69,매일 두유검은콩 190ml,190ml*24,24,378.4167,9082.0008,566.6667,13600.0008,0.4975,0,0,0,0,,,
기본 대분류,음료-B동,매일유업,003503,81-70,매일 아몬드브리즈언스위트 190ml,190ml*24,24,506,12144,625,15000,0.2352,0,0,0,0,,,
기본 대분류,음료-B동,매일유업,003504,81-71,매일두유99.9 950ml,950ml*12,12,1742,20904,2375,28500,0.3634,0,0,0,0,,,
기본 대분류,음료-B동,광동제약,003505,81-72,광동 타우린2000 120ml,120ml*100,100,350,35000,386,38600,0.1029,0,0,0,0,,,
기본 대분류,기타,기타,003518,00-14,택배비 도서지역-7000,,1,0,0,0,0,0,0,0,0,0,,,
기본 대분류,세제외-A동,샘표,003519,03-17-02,샘표진간장[S] 1.7(64),1.7L*6,6,3520,21120,4250,25500,0.2074,1344,224,0,0,,,
기본 대분류,세제외-A동,샘표,003520,03-18-07,★면세★ 샘표양조간장 701 1.7L (64),1.7L*6,6,7000,42000,15000,90000,1.1429,0,0,0,0,,,
기본 대분류,통조림-C동,CJ제일제당,003521,08-28-02,백설콩식용유1.5L,1.5L*12,12,3400,40800,5000,60000,0.4706,0,0,0,0,,,
기본 대분류,통조림-C동,동원에프앤비,003522,11-19-01,동원참치기획DHA100g(80입),(100g*4)*20,80,1030,82400,1400,112000,0.3592,0,0,0,0,,,
기본 대분류,통조림-C동,롯데,003523,16-24-00,[낱개] 롯데 프리미엄 복합4호 (set),1set,1,18000,18000,33000,33000,0.8333,0,0,0,0,,,
기본 대분류,음료-B동,팔도,003524,22-13-01,뽀로로 샤인머스켓 (117),235ml*24,24,650,15600,816.6667,19600.0008,0.2564,1536,64,0,0,,,
기본 대분류,음료-B동,팔도,003525,22-23-08,팔도 왕뚜껑 봉지(32입),130*32,32,568.5313,18193.0016,649,20768,0.1415,0,0,0,0,,,
기본 대분류,음료-B동,롯데칠성음료,003526,22-70,오늘의차 아침헛개 500,500ml*20,20,595,11900,730,14600,0.2269,0,0,0,0,,,
기본 대분류,통조림-C동,동서식품,003527,24-11-01,맥심모카골드기획50T (3+1)*4 (50입 16케이스),(3+1)*4,4,18000,72000,30000,120000,0.6667,0,0,0,0,,,
기본 대분류,음료-B동,매일유업,003528,25-17-05,★면세★ 매일/오리지널 멸균우유200,200ml*24,24,480,11520,541,12984,0.1271,0,0,0,0,,,
기본 대분류,음료-B동,매일유업,003529,25-17-06,매일/멸균 딸기우유200,200ml*24,24,431.25,10350,500,12000,0.1594,0,0,0,0,,,
기본 대분류,음료-B동,코카콜라,003530,31-03-07,몬스터 망고로코 (하늘)355,355ml*24,24,1204.5417,28909.0008,1491.6667,35800.0008,0.2384,-1656,-69,0,0,,,
기본 대분류,세제외-A동,호연당,003531,34-05,호연당 찰당면 500g/40,500g*20,20,1300,26000,1600,32000,0.2308,0,0,0,0,,,
기본 대분류,세제외-A동,호연당,003532,34-05-01,호연당 찰당면 1kg/40,1kg*10,10,2500,25000,3200,32000,0.28,0,0,0,0,,,
기본 대분류,세제외-A동,호연당,003533,34-05-02,호연당 찰당면 13kg/40,13kg*1,1,28000,28000,37000,37000,0.3214,0,0,0,0,,,
기본 대분류,세제외-A동,우진,003534,36-83-07,우진종이컵 (72),(6.5온스*20),20,365,7300,440,8800,0.2055,0,0,0,0,,,
기본 대분류,세제외-A동,해표,003535,41-18-01,해표 식용유 1.5L(48),1.5L*8,8,3850,30800,4100,32800,0.0649,0,0,0,0,,,
기본 대분류,음료-B동,팔도,003536,81-07-01,뿌요소다 (소다) 245,(245*24),24,437.5,10500,625,15000,0.4286,0,0,0,0,,,
기본 대분류,음료-B동,동아제약,003537,81-41,동아 모닝케어 D 1각(10병),(100ml*10병),10,1120,11200,1500,15000,0.3393,0,0,0,0,,,
기본 대분류,음료-B동,롯데칠성음료,003538,27-45-07-02,칸타타 콘트라베이스 디카페인 블랙500ml,500ml*24,24,1019.375,24465,1305,31320,0.2802,0,0,0,0,,,
기본 대분류,세제외-A동,기타,003544,81-73,★면세★ 수삼한채(750g),(750*1),1,23500,23500,30000,30000,0.2766,0,0,0,0,,,
기본 대분류,통조림-C동,남양유업,003548,5,프렌치카페커피믹스 150T+20T(40),5,4,10900,43600,15000,60000,0.3761,0,0,0,0,,,
기본 대분류,통조림-C동,남양유업,003549,6,프렌치카페커피믹스 180T+20T(30),6,4,13850,55400,17500,70000,0.2635,0,0,0,0,,,
기본 대분류,통조림-C동,남양유업,003550,7,맥심 부드러운블랙 100T 모카,7,8,8300,66400,10625,85000,0.2801,0,0,0,0,,,
기본 대분류,세제외-A동,기타,003551,81-74,★면세★ 수삼두채/ 박스,(1.5*1),1,80000,80000,103000,103000,0.2875,0,0,0,0,,,
기본 대분류,세제외-A동,기타,003552,81-75,★면세★ 수삼한채(750g)소/대난,(750*1),1,23500,23500,36000,36000,0.5319,0,0,0,0,,,
기본 대분류,음료-B동,롯데칠성음료,003553,80-06,칸타타 프리미엄라떼275(노랑)(99)/24입,(6본*4),24,849.2917,20383.0008,1275,30600,0.5013,31356,1306,12,0,,,
기본 대분류,음료-B동,롯데칠성음료,003554,80-07,칸타타 스위트아메리카노275(빨강)(88)/24입,(6본*4),24,849.2917,20383.0008,1275,30600,0.5013,29064,1211,0,0,,,
기본 대분류,음료-B동,롯데칠성음료,003555,80-08,칸타타 콜드브루블랙275(88)/24입,(6본*4),24,917.7917,22027.0008,1390,33360,0.5145,7680,320,0,0,,,
기본 대분류,음료-B동,롯데칠성음료,003556,80-09,칸타타 카라멜마끼아또275(주황)(99)/24입,(6본*4),24,849.2917,20383.0008,1275,30600,0.5013,-216,-9,0,0,,,
기본 대분류,세제외-A동,큐원삼양,003557,81-80,삼양불닭볶음면(멀티),(5입*8),40,693,27720,800,32000,0.1544,0,0,0,0,,,
기본 대분류,세제외-A동,큐원삼양,003558,81-81,삼양까르보불닭볶음면(멀티),(4입*8),32,900,28800,1000,32000,0.1111,0,0,0,0,,,
기본 대분류,세제외-A동,샘표,003559,81-82,샘표진간장금F-3 1.7L+금F-3 500ml,(금F31.7+금F3 500)*6,6,7150,42900,10000,60000,0.3986,-24,-4,0,0,,,
기본 대분류,세제외-A동,기타,003560,81-84,★면세★ 수삼2.2K중대,,3,25000,75000,33333,99999,0.3333,0,0,0,0,,,
기본 대분류,세제외-A동,CJ제일제당,003562,08-37-02,백설 고소함가득 참기름 430ml (112),430ml*12,12,4500,54000,5000,60000,0.1111,0,0,0,0,,,
기본 대분류,세제외-A동,기타,003563,04-21-01,다우니(패션)2.6L*6,2.6L*6,6,5600,33600,7000,42000,0.25,0,0,0,0,,,
기본 대분류,세제외-A동,기타,003564,04-21-02,다우니(엘레강스)2.6L*6,2.6L*6,6,5600,33600,7000,42000,0.25,0,0,0,0,,,
기본 대분류,음료-B동,팔도,003565,22-04-01,비락식혜1.5 (48),1.5L*8,8,2529.375,20235,3125,25000,0.2355,506,63,2,0,,,
기본 대분류,음료-B동,코카콜라,003566,31-22-03,코카콜라제로190/126,190ml*30,30,510,15300,550,16500,0.0784,0,0,0,0,,,
기본 대분류,음료-B동,롯데칠성음료,003568,27-2-07,트레비레몬300ml,300ml*20,20,468,9360,550,11000,0.1752,0,0,0,0,,,
기본 대분류,음료-B동,코카콜라,003569,81-22-01,조지아 크래프트 라떼470,470ml*24,24,1022.75,24546,1750,42000,0.7111,0,0,0,0,,,
기본 대분류,음료-B동,코카콜라,003570,81-22-02,조지아 크래프트 스위트블랙470,470ml*24,24,1022.75,24546,1750,42000,0.7111,0,0,0,0,,,
기본 대분류,음료-B동,팔도,003571,22-04-06,비락수정과 1.5 (8입),1.5L*8,8,2678,21424,3000,24000,0.1202,-16,-2,0,0,,,
기본 대분류,통조림-C동,동원에프앤비,003572,11-38-02,동원고등어 300g(88),300g*24,24,1300,31200,2200,52800,0.6923,0,0,0,0,,,
기본 대분류,음료-B동,현대약품,003573,28-13-05,현대약품 비타업100ml (40),100ml*100,100,282.67,28267,350,35000,0.2382,6420,64,20,0,,,
기본 대분류,통조림-C동,동원에프앤비,003574,,[낱개] 더바삭한김10p/ (1세트),10p*1,1,6700,6700,7800,7800,0.1642,0,0,0,0,,,
기본 대분류,음료-B동,롯데칠성음료,003575,27-15-10,칠성사이다 제로355 업소용,355ml*24,24,604.2917,14503.0008,750,18000,0.2411,2928,122,0,0,,,
기본 대분류,세제외-A동,기타,003576,04-21-03,다우니(로맨스)2.6L*6,2.6L*6,6,6100,36600,7000,42000,0.1475,0,0,0,0,,,
기본 대분류,음료-B동,롯데칠성음료,003578,27-07-02,레쓰비175업소(143),175ml*30,30,294.4,8832,350,10500,0.1889,4650,155,0,0,,,
기본 대분류,세제외-A동,샘표,003579,03-18-09,샘표양조간장501 1.7ML+양조500ML (36),1.7L*6,6,11000,66000,13216.6667,79300.0002,0.2015,36,6,0,0,,,
기본 대분류,통조림-C동,남양유업,003582,21-108-110-11,남양프렌치카페커피믹스 140+20(40),(140+20)*4,4,17000,68000,20000,80000,0.1765,1695,423,3,0,,,
기본 대분류,음료-B동,팔도,003593,22-04-07,비락식혜500 (6입),500ml*6,6,884.1667,5305.0002,1216.6667,7300.0002,0.3761,0,0,0,0,,,
기본 대분류,음료-B동,매일유업,003594,,매일 마이까페라떼 아이스크림라떼,(220*10),10,871.2,8712,1000,10000,0.1478,0,0,0,0,,,
기본 대분류,세제외-A동,기타,003596,,★면세★ 천연향신료 고추씨(수입산) 1kg,1kg*10,10,2400,24000,3200,32000,0.3333,0,0,0,0,,,
기본 대분류,음료-B동,롯데칠성음료,003597,27-37,롯데칠성 펩시제로슈거 라임향355 (업소용) (99),355ml*24,24,540.625,12975,666.6667,16000.0008,0.2331,18144,756,0,0,,,
기본 대분류,음료-B동,광동제약,003598,,광동비타500/100ml 업소용(40),(100ml*100),100,350,35000,400,40000,0.1429,0,0,0,0,,,
기본 대분류,음료-B동,팔도,003599,22-04-05,비락수정과238 (24입),238ml*24,24,494.4167,11866.0008,625,15000,0.2641,1152,48,0,0,,,
기본 대분류,음료-B동,광동제약,003600,20-123,광동 온더그린 400,400ml*24,24,780,18720,854.1667,20500.0008,0.0951,0,0,0,0,,,
기본 대분류,기타,기타,003601,,마트킹 환불 상계액,,1,5234276,5234276,5234276,5234276,0,42,42,0,0,,,
기본 대분류,세제외-A동,팔도,003602,22-36-01,꼬간초비빔면,145*32,32,930.0625,29762,1140.625,36500,0.2264,0,0,0,0,,,
기본 대분류,세제외-A동,팔도,003603,22-36-02,꼬들김비빔면,140*32,32,930.0625,29762,1140.625,36500,0.2264,0,0,0,0,,,
기본 대분류,세제외-A동,큐원삼양,003604,15-63,큐원흑설탕1kg(42),1kg*16,16,2218.75,35500,4200,67200,0.893,33,2,1,0,,,
기본 대분류,음료-B동,롯데칠성음료,003605,27-39-01,델몬트망고캔 로어슈거180 / 롯데칠성,180ml*30,30,368.7273,11061.819,495.1,14853,0.3427,3090,103,0,0,,,
기본 대분류,세제외-A동,오뚜기,003606,,오뚜기밥200g(10입),(10입*3),3,8100,24300,9000,27000,0.1111,0,0,,0,,,
기본 대분류,세제외-A동,CJ제일제당,003607,15-15-06,Cj 햇반200g(10입)/64,200g*(10입*3),30,850,25500,1000,30000,0.1765,4560,152,0,0,,,
기본 대분류,세제외-A동,샘표,003609,03-18-08,★면세★ 샘표양조간장501 1.7ML+양조간장 860ML,양조1.7+양조860*6,6,9150,54900,11000,66000,0.2022,0,0,0,0,,,
기본 대분류,세제외-A동,해표사조,003610,15-06-04,사조해표 살코기참치85g (144),85g*48,48,850,40800,1200,57600,0.4118,0,0,0,0,,,
기본 대분류,세제외-A동,해표사조,003611,15-06-05,사조해표 고추참치85g(144),85g*48,48,850,40800,1300,62400,0.5294,0,0,0,0,,,
기본 대분류,음료-B동,코카콜라,003612,31-03-08,몬스터 제로슈가(검정파랑) 355,355ml*24,24,1204.5417,28909.0008,1491.6667,35800.0008,0.2384,4032,168,0,0,,,
기본 대분류,음료-B동,남양유업,003613,21-10,남양 주전자보리차500ml (72),500ml*20,20,250,5000,550,11000,1.2,0,0,0,0,,,
기본 대분류,세제외-A동,기타,003616,,목우촌 식용유 18L(60),18L*1,1,65000,65000,75000,75000,0.1538,0,0,0,0,,,
기본 대분류,음료-B동,농심,003617,24-09,웰치스제로 포도355,355ml*24,24,612.5,14700,666.6667,16000.0008,0.0884,0,0,0,0,,,
기본 대분류,음료-B동,롯데칠성음료,003618,27-15-03,펩시콜라슬림245(업소용),(245ml*30),30,373.2655,11197.965,493.343,14800.29,0.3217,11970,399,0,0,,,
기본 대분류,세제외-A동,CJ제일제당,003619,08-37-03,백설 고소함가득 참기름330ml*34캔,330ml*34,34,3100,105400,4129.4118,140400.0012,0.3321,0,0,0,0,,,
기본 대분류,음료-B동,광동제약,003620,20-124,광동 온더게임 400,400ml*24,24,780,18720,854.1667,20500.0008,0.0951,0,0,0,0,,,
기본 대분류,세제외-A동,CJ제일제당,003621,08-37-04,백설 고소함가득 참기름330ml*27캔,330ml*27,27,3100,83700,4888.8889,132000.00029999999,0.5771,0,0,0,0,,,
기본 대분류,음료-B동,롯데칠성음료,003622,27-37-07,펩시콜라제로500 (업소용),500ml*20,20,595.6,11912,800,16000,0.3432,0,0,0,0,,,
기본 대분류,음료-B동,롯데칠성음료,003623,27-08-01,칠성사이다슬림캔245(업소) (110),245ml*30,30,529.4545,15883.635000000002,703.6667,21110.001,0.329,14760,492,0,0,,,
기본 대분류,음료-B동,동아오츠카,003624,28-24-02,나랑드사이다제로/동아 500,500ml*20,20,797.65,15953,900,18000,0.1283,0,0,0,0,,,
기본 대분류,음료-B동,코카콜라,003625,31-22-02,코카콜라제로 355 (업소용),355ml*24,24,688.25,16518,866.6667,20800.0008,0.2592,20160,840,0,0,,,
기본 대분류,통조림-C동,청정원,003626,01-19-06,청정원 L6호(4세트)-(BOX)/32,,4,17500,70000,20000,80000,0.1429,-2,0,-2,0,,,
기본 대분류,음료-B동,동서식품,003627,24-703,동서스타벅스돌체(병)281ml(112),(281ml*16),16,2039.75,32636,2343.75,37500,0.149,0,0,0,0,,,
기본 대분류,음료-B동,롯데칠성음료,003629,27-2-09,트레비플레인300ml,300ml*20,20,468,9360,550,11000,0.1752,680,34,0,0,,,
기본 대분류,음료-B동,대일,003630,35-16-01,참맑은 제주감귤175ml  (156),175ml*30,30,242.6667,7280.001,300,9000,0.2363,63330,2111,0,0,,,
기본 대분류,음료-B동,대일,003631,35-16-02,참맑은 파인애플175ml  (156),175ml*30,30,242.6667,7280.001,300,9000,0.2363,25860,862,0,0,,,
기본 대분류,음료-B동,가야웅진,003632,23-18-01,웅진 하늘보리180 (132),180ml*30,30,233.3333,6999.999,266.6667,8000.001,0.1429,1530,51,0,0,,,
기본 대분류,세제외-A동,CJ제일제당,003633,15-13-01,백설 요리당1.2,(1.2kg*9),9,2350,21150,3666.6667,33000.0003,0.5603,0,0,0,0,,,
기본 대분류,통조림-C동,청정원,003634,,[낱개] 청정원 행복플러스2호 (1set),1set,1,17000,17000,23000,23000,0.3529,0,0,0,0,,,
기본 대분류,음료-B동,대일,003635,35-27-01,참맑은 매실175ml (156),175ml*30,30,242.6667,7280.001,350,10500,0.4423,27360,912,0,0,,,
기본 대분류,통조림-C동,동원에프앤비,003636,11-01-02,동원 살코기참치 90g,(90g+60),60,1215.9,72954,1650,99000,0.357,0,0,0,0,,,
기본 대분류,통조림-C동,동원에프앤비,003637,11-07-02,동원 야채참치 90g,90g*60,60,1215.9,72954,1650,99000,0.357,0,0,0,0,,,
기본 대분류,통조림-C동,동원에프앤비,003638,11-05-07,동원 고추참치 90g,(90g+60),60,1215.9,72954,1650,99000,0.357,0,0,0,0,,,
기본 대분류,통조림-C동,동원에프앤비,003639,11-01-03,동원 살코기참치135g,135g*48,48,1600,76800,2000,96000,0.25,0,0,0,0,,,
기본 대분류,음료-B동,동아오츠카,003640,28-24-03,나랑드사이다파인제로 /동아 500,500ml*20,20,664.6,13292,840,16800,0.2639,0,0,0,0,,,
기본 대분류,음료-B동,동아오츠카,003641,28-24-04,나랑드사이다 애플제로 /동아 500,500ml*20,20,664.6,13292,840,16800,0.2639,0,0,0,0,,,
기본 대분류,음료-B동,가야웅진,003643,26-27-04,웅진 티즐 제로 자몽블랙티500 (80),500ml*20,20,707.3,14146,850,17000,0.2018,320,16,0,0,,,
기본 대분류,음료-B동,동서식품,003644,24-174,티오피 스위트아메리카노275(6팩)/110,275ml*24,24,833.3333,19999.9992,1041.6667,25000.0008,0.25,7518,313,6,0,,,
기본 대분류,음료-B동,동서식품,003645,24-175,티오피 더블랙275(6팩)/110,275ml*24,24,833.3333,19999.9992,1041.6667,25000.0008,0.25,9408,392,0,0,,,
기본 대분류,음료-B동,대일,003646,35-27-02,참맑은 비타엔175ml(156),175ml*30,30,212.3333,6369.999,250,7500,0.1774,9960,332,0,0,,,
기본 대분류,음료-B동,가야웅진,003647,23-05-01,웅진 맑게우려낸 누룽지 1.5 (48),1.5L*12,12,922.5833,11070.9996,1291.6667,15500.0004,0.4001,208,17,4,0,,,
기본 대분류,음료-B동,가야웅진,003648,23-333-01,웅진결명자차1.5 (48),1.5L*12,12,956.75,11481,1291.6667,15500.0004,0.3501,216,18,0,0,,,
기본 대분류,음료-B동,가야웅진,003649,23-35-01,웅진헛개차1.5 (48),1.5L*12,12,922.5833,11070.9996,1291.6667,15500.0004,0.4001,144,12,0,0,,,
기본 대분류,음료-B동,한국청정음료,003650,14-52-03,몽베스트 스파클링 라임 500ml,500ml*24,24,430,10320,679.1667,16300.0008,0.5795,0,0,0,0,,,
기본 대분류,음료-B동,한국청정음료,003651,14-52-04,몽베스트 스파클링 레몬 500ml,500ml*24,24,430,10320,679.1667,16300.0008,0.5795,0,0,0,0,,,
기본 대분류,음료-B동,광동제약,003654,,팁코브로콜리1L,(1L*12),12,3100,37200,3500,42000,0.129,0,0,0,0,,,
기본 대분류,음료-B동,가야웅진,003655,21-91-01,웅진 달달하게 건강을 채우는 꿀물캔 180ml (132),180ml*30,30,230,6900,300,9000,0.3043,840,28,0,0,,,
기본 대분류,세제외-A동,헨켈(퍼실),003656,81-55-01,퍼실 젤컬러 3L (Universal)(72),(3L*6),6,8000,48000,10000,60000,0.25,6,1,0,0,,,
기본 대분류,세제외-A동,켈로그,003657,01-18-02,켈로그) 아몬드푸레이크600 (36),600g*12,12,3800,45600,4750,57000,0.25,0,0,0,0,,,
기본 대분류,세제외-A동,켈로그,003658,01-18-03,켈로그) 첵스초코570 (36),570g*12,12,3500,42000,4750,57000,0.3571,0,0,0,0,,,
기본 대분류,세제외-A동,켈로그,003659,01-18-04,켈로그) 첵스초코마쉬멜로400 (36),400g*12,12,2900,34800,4000,48000,0.3793,0,0,0,0,,,
기본 대분류,세제외-A동,켈로그,003660,01-18-05,켈로그) 크랜베리아몬드그래놀라500 (36),500g*12,12,3800,45600,4750,57000,0.25,0,0,0,0,,,
기본 대분류,세제외-A동,켈로그,003661,01-18-06,켈로그) 리얼그래놀라400 (36),400g*15,15,3120,46800,3906.6667,58600.0005,0.2521,0,0,0,0,,,
기본 대분류,음료-B동,매일유업,003662,25-08-06,매일/바리스타 마다바닐라빈라떼325,325ml*10,10,1716,17160,2100,21000,0.2238,0,0,0,0,,,
기본 대분류,통조림-C동,상아제약,003663,67-01,256 상아 키즈플러스 유산균120g  (유통기한 23년2월28일),(2g*60),1,4000,4000,6500,6500,0.625,0,0,0,0,,,
기본 대분류,통조림-C동,상아제약,003664,67-02,257 상아 키즈플러스 멀티비타민90g,"(1,500mg*60)",1,5000,5000,6500,6500,0.3,0,0,0,0,,,
기본 대분류,통조림-C동,상아제약,003665,67-03,260 상아 키즈플러스 비타민A 60g,(2g*30),1,6500,6500,8000,8000,0.2308,0,0,0,0,,,
기본 대분류,통조림-C동,상아제약,003666,67-04,264 상아 키즈플러스 멀티비타민 젤리300g,(20g*15),1,6000,6000,7500,7500,0.25,0,0,0,0,,,
기본 대분류,음료-B동,동아오츠카,003668,28-24-05,나랑드사이다 애플제로/동아 245캔,245ml*30,30,364.835,10945.05,500,15000,0.3705,150,5,0,0,,,
기본 대분류,음료-B동,동아오츠카,003669,28-24-06,나랑드사이다 파인제로/동아 245캔,245ml*30,30,364.8335,10945.005000000001,466.6667,14000.001,0.2791,150,5,0,0,,,
기본 대분류,음료-B동,광동제약,003670,30-13,해양심층수 딥스그린500,500ml*20,20,295,5900,600,12000,1.0339,0,0,0,0,,,
기본 대분류,음료-B동,동아오츠카,003671,28-23,데미소다 레드애플350,350ml*24,24,651.6667,15640.0008,875,21000,0.3427,0,0,0,0,,,
기본 대분류,음료-B동,동아오츠카,003672,28-23-01,데미소다 망고350,350ml*24,24,651.6667,15640.0008,875,21000,0.3427,0,0,0,0,,,
기본 대분류,반품,반품,003673,200-08,★면세★ 반품,,1,0,0,0,0,0,14,14,0,0,,,
기본 대분류,세제외-A동,컵스,003674,36-83-05,컵스 프리미엄종이컵 (72),(6.5온스*20),20,370,7400,445,8900,0.2027,30980,1549,0,0,,,
기본 대분류,음료-B동,하이트진로,003675,25-50-08,진로토닉워터 얼그레이홍차 300,300ml*24,24,620.835,14900.04,729.1667,17500.0008,0.1745,2208,92,0,0,,,
기본 대분류,통조림-C동,기타,003676,88-05,샥즈 오픈런 골전도 이어폰 (인터넷전용),,1,141900,141900,168000,168000,0.1839,0,0,0,0,,,
기본 대분류,통조림-C동,상아제약,003679,67-01-01,256 상아 키즈플러스 유산균120g,(2g*60),1,10000,10000,16300,16300,0.63,0,0,0,0,,,
기본 대분류,통조림-C동,상아제약,003680,68-01,265 상아 녹용홍삼정,(240g*4병)*6세트,6,20000,120000,32000,192000,0.6,0,0,0,0,,,
기본 대분류,통조림-C동,상아제약,003681,68-02,267 관절엔 상아 마디마디 MSM프리미엄,(500g*360정)*10세트,10,25000,250000,35000,350000,0.4,0,0,0,0,,,
기본 대분류,통조림-C동,상아제약,003682,68-03,266 상아 공진보,(3.5g*100환)*10세트,10,32000,320000,40000,400000,0.25,0,0,0,0,,,
기본 대분류,통조림-C동,상아제약,003683,68-04,286 상아 6년근 프리미엄 홍삼정 올데이케어,(10g*60포)*10세트,10,25000,250000,32000,320000,0.28,0,0,0,0,,,
기본 대분류,통조림-C동,청정원,003684,01-19,청정원 특선A호*3세트-(BOX),카놀3+올리고당1+잇츠팜12,3,22000,66000,24666.6667,74000.0001,0.1212,0,0,0,0,,,
기본 대분류,통조림-C동,동원에프앤비,003685,50-00,동원 건강한49호/4세트-(Box),(참치100g*12+리챔120g*4)*4set,4,23000,92000,33000,132000,0.4348,0,0,0,0,,,
기본 대분류,음료-B동,호연당,003694,34-01-02,호연당 아카시아꿀물 파우치 (24/36),(150ml*15)*4,60,429,25740,640,38400,0.4918,0,0,0,0,,,
기본 대분류,통조림-C동,강구나루,003695,14-13-01,펭귄HC황도슬라이스400g(강구나루) (100),400g*24,24,850,20400,1350,32400,0.5882,3330,138,18,0,,,
기본 대분류,음료-B동,코카콜라,003696,31-47-06,환타 밀크소다 (암바사) 250,250ml*30,30,424.234,12727.019999999999,686.6667,20600.001,0.6186,360,12,0,0,,,
기본 대분류,통조림-C동,동원에프앤비,003697,50-55,동원진호 3세트,살코기150*14+김치찌개150*4+고추참치150*4+야채참치150*4,3,55900,167700,80000,240000,0.4311,0,0,0,0,,,
기본 대분류,음료-B동,대일,003698,35-18,참맑은 톡톡 오렌지185ml,185ml*30,30,227.5,6825,273.3333,8199.999,0.2015,0,0,0,0,,,
기본 대분류,음료-B동,대일,003699,35-18-01,참맑은 톡톡 포도185ml,185ml*30,30,227.5,6825,273.3333,8199.999,0.2015,0,0,0,0,,,
기본 대분류,음료-B동,대일,003700,35-18-02,참맑은 톡톡 파인애플185ml,185ml*30,30,227.5,6825,273.3333,8199.999,0.2015,0,0,0,0,,,
기본 대분류,음료-B동,대일,003701,35-18-03,참맑은 cool사이다175ml,175ml*30,30,227.5,6825,273.3333,8199.999,0.2015,0,0,0,0,,,
기본 대분류,음료-B동,팔도,003703,82-05,아이뿌요 퍼플120ml,120ml*32,32,260,8320,562.5,18000,1.1635,0,0,0,0,,,
기본 대분류,통조림-C동,상아제약,003704,67-01-02,272 상아 올데이365 유산균120g,(2g*60),1,3000,3000,4000,4000,0.3333,0,0,0,0,,,
기본 대분류,음료-B동,롯데칠성음료,003705,27-37-03,펩시콜라제로355 (소매점용)(99),355ml*24,24,578.6667,13888.0008,770,18480,0.3306,0,0,0,0,,,
기본 대분류,세제외-A동,농심,003707,54-55,농심) 사리곰탕면 멀티,(5*8),40,846.4,33856,1127.5,45100,0.3321,0,0,0,0,,,
기본 대분류,세제외-A동,구포,003708,39-33,구포국수(방울이)3kg (60),3kg*6,6,4400,26400,6166.6667,37000.000199999995,0.4015,1206,201,0,0,,,
기본 대분류,음료-B동,롯데칠성음료,003709,27-17-04,트레비레몬 500 (6입),500ml*6,6,724.835,4349.01,964,5784,0.33,0,0,0,0,,,
기본 대분류,음료-B동,롯데칠성음료,003710,27-17-05,트레비자몽 500 (6입),500ml*6,6,736.3333,4417.9998,966.6667,5800.0002,0.3128,96,16,0,0,,,
기본 대분류,음료-B동,롯데칠성음료,003711,27-17-06,트레비플레인 500 (6입),500ml*6,6,724.835,4349.01,964,5784,0.33,0,0,0,0,,,
기본 대분류,음료-B동,가야웅진,003712,23-55,웅진 자연은 더말린 제로 자몽 500,500ml*20,20,791.65,15833,950,19000,0.2,200,10,0,0,,,
기본 대분류,음료-B동,가야웅진,003713,23-56,웅진 자연은 더말린 제로 복숭아 500,500ml*20,20,791.65,15833,950,19000,0.2,0,0,0,0,,,
기본 대분류,음료-B동,가야웅진,003714,23-57,웅진 자연은 더말린 제로 애플망고 500,500ml*20,20,791.65,15833,950,19000,0.2,0,0,0,0,,,
기본 대분류,음료-B동,롯데칠성음료,003715,27-16-01,칠성사이다355 (99) 일반용 바코드O,355ml*24,24,669.697,16072.728,875,21000,0.3066,192,8,0,0,,,
기본 대분류,음료-B동,일화,003716,29-04-03,천연사이다 355ml (온라인),355ml*24,24,450,10800,700,16800,0.5556,0,0,0,0,,,
기본 대분류,음료-B동,매일유업,003717,,매일/ 상하 얼려먹는아이스크림 밀크,(85ml*6)*4,24,633.585,15206.04,937.5,22500,0.4797,0,0,0,0,,,
기본 대분류,음료-B동,HK이노앤,003718,55-01-04,컨디션스틱 그린애플 18g,(18g*50)*4,200,730,146000,900,180000,0.2329,0,0,0,0,,,
기본 대분류,음료-B동,HK이노앤,003719,55-01-05,컨디션스틱 컨디션맛 18g,18g*200,200,730,146000,900,180000,0.2329,0,0,0,0,,,
기본 대분류,음료-B동,대일,003720,35-18-04,참맑은 오렌지쌕175ml,175ml*30,30,257.9667,7739.001,300,9000,0.1629,0,0,0,0,,,
기본 대분류,음료-B동,대일,003721,35-18-05,참맑은 토마토175ml,175ml*30,30,242.6667,7280.001,300,9000,0.2363,13590,453,0,0,,,
기본 대분류,음료-B동,코카콜라,003722,31-17-03,스프라이트캔제로 355 (업소),355ml*24,24,553.9583,13294.9992,700,16800,0.2636,1776,74,0,0,,,
기본 대분류,음료-B동,롯데칠성음료,003723,27-28-06,칠성사이다제로355(소매점용),355ml*24,24,644.3333,15463.9992,750,18000,0.164,0,0,0,0,,,
기본 대분류,통조림-C동,그린자이언트,003724,11-73,라리 스위트콘덕용 2.95kg (64),2.95kg*6,6,5300,31800,7450,44700,0.4057,0,0,0,0,,,
기본 대분류,세제외-A동,기타,003725,90-75,동원 상상육포50g 30입,50g*30,30,2630,78900,3700,111000,0.4068,0,0,0,0,,,
기본 대분류,음료-B동,동원음료,003726,12-18-11,동원 쿨피스 복숭아뚱캔 350 24입(90),350ml*24,24,469.9583,11278.9992,625,15000,0.3299,36552,1523,0,0,,,
기본 대분류,통조림-C동,상아제약,003727,69-01,상아 이츠리얼석류40g,40g*30p,1,4000,4000,5400,5400,0.35,0,0,0,0,,,
기본 대분류,음료-B동,롯데칠성음료,003728,27-04-05,밀키스제로500,500ml*24,24,880.5417,21133.0008,1175,28200,0.3344,0,0,0,0,,,
기본 대분류,음료-B동,가야웅진,003729,26-27-05,웅진 티즐 제로 피치얼그레이500 (80),500ml*20,20,653.8,13076,850,17000,0.3001,340,17,0,0,,,
기본 대분류,음료-B동,가야웅진,003730,26-27-06,웅진 티즐 제로 라임민트티500 (80),500ml*20,20,707.3,14146,850,17000,0.2018,20,1,0,0,,,
기본 대분류,통조림-C동,동원에프앤비,003733,11-05-71,동원 고추참치기획100g (10입),(100g*10)*10,100,1500,150000,2000,200000,0.3333,0,0,0,0,,,
기본 대분류,통조림-C동,기타,003734,10-19-02,테이프 투명(아크릴) 50입,48*50,50,408,20400,490,24500,0.201,2500,50,0,0,,,
기본 대분류,통조림-C동,기타,003735,,테이프투명(아크릴) (40),48*80,40,943.8,37752,1025,41000,0.086,2240,56,0,0,,,
기본 대분류,세제외-A동,CJ제일제당,003736,81-20-01,백설 크레잇공깃밥(따끈한밥) 200g(40),200g*(8*6),48,758.75,36420,1041,49968,0.372,0,0,0,0,,,
기본 대분류,음료-B동,광동제약,003737,30-04-02,삼다수2L 무라벨 (96),2L*6,6,750,4500,1000,6000,0.3333,0,0,0,0,,,
기본 대분류,통조림-C동,주동서,003738,11-74,"동서 리치스홀커널스위트콘덕용 (태국) 2,950kg (42)",2.95kg*6,6,3636,21816,7000,42000,0.9252,-46,-7,-4,0,,,
기본 대분류,통조림-C동,주동서,003739,11-74-01,동서 리치스홀커널스위트콘 소 (태국) 425g (75),425g*24,24,781,18744,1200,28800,0.5365,2979,124,3,0,,,
기본 대분류,통조림-C동,동원에프앤비,003740,11-41-04,동원참치기획 (LA150g*2+고추150g*2)*12,(LA150g*2+고추150g*2)*12,48,1830,87840,2300,110400,0.2568,0,0,0,0,,,
기본 대분류,통조림-C동,펭귄,003741,11-03-05,펭귄 살코기덕용참치1880g (88),1.88kg*6,6,13500,81000,17966.6667,107800.00020000001,0.3309,0,0,0,0,,,
기본 대분류,통조림-C동,주동서,003742,11-74-02,동서 리치스후르츠칵테일850g (90),850g*12,12,2632,31584,5000,60000,0.8997,1066,88,10,0,,,
기본 대분류,통조림-C동,주동서,003743,11-74-03,동서 리치스후르츠칵테일3kg (48),3kg*6,6,7742,46452,10000,60000,0.2917,3691,615,1,0,,,
기본 대분류,통조림-C동,주동서,003744,11-74-04,동서 리치스파인애플(슬)836g (90),836g*12,12,2700,32400,3500,42000,0.2963,5098,424,10,0,,,
기본 대분류,통조림-C동,주동서,003745,11-74-05,동서 리치스파인애플프리미엄(슬)3kg (48),3kg*6,6,9379,56274,12000,72000,0.2795,275,45,5,0,,,
기본 대분류,음료-B동,롯데칠성음료,003746,27-17-07,트레비라임 500 (6입),500ml*6,6,724.883,4349.298000000001,964,5784,0.3299,0,0,0,0,,,
기본 대분류,통조림-C동,주동서,003747,11-75-01,동서 리치스블랙올리브슬라이스3kg (42),3kg*6,6,11503,69018,15000,90000,0.304,288,48,0,0,,,
기본 대분류,통조림-C동,주동서,003748,11-75-02,동서 리치스블랙올리브홀 피티드3gk (42),3kg*6,6,11770,70620,15000,90000,0.2744,43,7,1,0,,,
기본 대분류,통조림-C동,주동서,003749,11-75-03,동서 리치스블랙올리브슬라이스405g,405g*24,24,1959,47016,2200,52800,0.123,1008,42,0,0,,,
기본 대분류,통조림-C동,주동서,003750,11-75-04,동서 리치스블랙올리브홀 피티드405g,405g*24,24,1991,47784,2500,60000,0.2557,696,29,0,0,,,
기본 대분류,음료-B동,동서식품,003754,24-34-01,동서 레드불 슈가프리250 (128),250ml*24,24,1242.4583,29818.9992,1500,36000,0.2073,-48,-2,0,0,,,
기본 대분류,음료-B동,커피앤칵테일,003755,,페리에 플레인200ml(120),200ml*24,24,1050,25200,1250,30000,0.1905,0,0,0,0,,,
기본 대분류,음료-B동,팔도,003756,22-13-02,뽀로로 누룽지차 (117),220ml*24,24,657.7083,15784.9992,750,18000,0.1403,0,0,0,0,,,
기본 대분류,음료-B동,팔도,003757,32-71,코코뿌요 복숭아맛280,280ml*24,24,641.1667,15388.0008,916.6667,22000.0008,0.4297,0,0,0,0,,,
기본 대분류,음료-B동,팔도,003758,32-72,코코뿌요 애플망고맛280,280ml*24,24,641.1667,15388.0008,916.6667,22000.0008,0.4297,0,0,0,0,,,
기본 대분류,세제외-A동,팔도,003759,22-18-01,뽀로로 과일맛젤리 쁘띠,(18g*40)*6,6,5353.353,32120.118000000002,7166.6667,43000.000199999995,0.3387,3,0,3,0,,,
기본 대분류,통조림-C동,동원에프앤비,003760,11-41-05,동원참치기획 살코기90g,90g*80,80,1422.625,113810,1700,136000,0.195,0,0,0,0,,,
기본 대분류,기타,기타,003761,,용역비,,1,660000,660000,880000,880000,0.3333,-2,-2,0,0,,,
기본 대분류,음료-B동,가야웅진,003762,23-35-02,웅진헛개차180(132),180ml*30,30,213.3333,6399.999,283.35,8500.5,0.3282,0,0,0,0,,,
기본 대분류,음료-B동,코카콜라,003763,31-03-09,몬스터 선라이즈 (주황)355,355ml*24,24,1154.1667,27700.0008,1491.6667,35800.0008,0.2924,0,0,0,0,,,
기본 대분류,음료-B동,해태음료,003764,32-26-03,코코팜탱글탱글포도300ml(펫),(300ml*24),24,845.0833,20281.9992,1000,24000,0.1833,0,0,0,0,,,
기본 대분류,음료-B동,해태음료,003765,32-26-04,코코팜탱글탱글피치핑크300ml(펫),(300ml*24),24,845.0833,20281.9992,1000,24000,0.1833,0,0,0,0,,,
기본 대분류,음료-B동,동서식품,003766,24-706,동서 스타벅스헤이즐넛향(병)281ml(112),(281ml*16),16,1887.5,30200,2250,36000,0.1921,0,0,0,0,,,
기본 대분류,음료-B동,동서식품,003767,24-704-07,스타벅스 더블샷바닐라(캔)200ml(108),200ml*36,36,993.23,35756.28,1250,45000,0.2585,0,0,0,0,,,
기본 대분류,음료-B동,동원음료,003768,12-01-05,동원보성홍차아이스티제로 레몬  500ml (54),500ml*24,24,645.8333,15499.9992,854.1667,20500.0008,0.3226,1488,62,0,0,,,
기본 대분류,세제외-A동,CJ제일제당,003769,08-71,★면세★ 해찬들 우리쌀 태양초 고추장 1kg(48),1kg*12,12,4400,52800,6441.6667,77300.00039999999,0.464,0,0,0,0,,,
기본 대분류,세제외-A동,CJ제일제당,003770,08-70,★면세★ 해찬들 우리쌀 태양초 고추장 500g(48),500g*20,20,2900,58000,3780,75600,0.3034,0,0,0,0,,,
기본 대분류,음료-B동,롯데칠성음료,003771,27-04-06,밀키스제로250,250ml*30,30,527.2467,15817.401000000002,704.5667,21137.001,0.3363,0,0,0,0,,,
기본 대분류,세제외-A동,CJ제일제당,003772,81-90,씨제이 이츠웰 쫄깃한 소면국수900g (84),900g*15,15,1500,22500,2100,31500,0.4,0,0,0,0,,,
기본 대분류,세제외-A동,CJ제일제당,003773,81-91,씨제이 이츠웰 쫄깃한 소면국수3kg,3kg*4,4,4600,18400,6900,27600,0.5,0,0,0,0,,,
기본 대분류,음료-B동,남양유업,003774,21-101-03,GT맛두유팩 진검은콩깨190,190ml(24*3),72,395.835,28500.12,500,36000,0.2632,0,0,0,0,,,
기본 대분류,통조림-C동,주동서,003775,11-75-05,동서 리치스통단팥3kg(56),3kg*6,6,8667,52002,11000,66000,0.2692,2005,334,1,0,,,
기본 대분류,통조림-C동,CJ제일제당,003776,82-01,씨제이 이츠웰 살코기 덕용참치1.88kg,1.88kg*6,6,6000,36000,18000,108000,2,0,0,0,0,,,
기본 대분류,기타,기타,003777,,용역비1,,1,1100000,1100000,1463000,1463000,0.33,-2,-2,0,0,,,
기본 대분류,음료-B동,가야웅진,003778,,웅진 자연은샤인머스켓340,340ml*24,24,538.1667,12916.0008,645.8333,15499.9992,0.2001,0,0,0,0,,,
기본 대분류,음료-B동,가야웅진,003779,,웅진 자연은 납작복숭아340,340ml*24,24,538.2083,12916.9992,645.8333,15499.9992,0.2,0,0,0,0,,,
기본 대분류,음료-B동,광동제약,003780,20-31,광동 비앙떼 허니유자 캐모마일500ml,500ml*20,20,620,12400,825,16500,0.3306,0,0,0,0,,,
기본 대분류,음료-B동,광동제약,003781,20-31-01,광동 비앙떼 허니자몽 블랙티500ml,500ml*20,20,620,12400,825,16500,0.3306,0,0,0,0,,,
기본 대분류,음료-B동,가야웅진,003782,24-61,웅진 캐치티니핑 딸기200ml (104),200ml*24,24,555.5417,13333.0008,666.6667,16000.0008,0.2,0,0,0,0,,,
기본 대분류,음료-B동,가야웅진,003783,24-62,웅진 캐치티니핑 사과200ml (104),200ml*24,24,555.5417,13333.0008,666.6667,16000.0008,0.2,0,0,0,0,,,
기본 대분류,음료-B동,가야웅진,003784,24-63,웅진 캐치티니핑 복숭아200ml (104),200ml*24,24,555.5417,13333.0008,666.6667,16000.0008,0.2,0,0,0,0,,,
기본 대분류,음료-B동,가야웅진,003785,24-64,웅진 캐치티니핑 유기농보리자200ml (104),200ml*24,24,555.5417,13333.0008,666.6667,16000.0008,0.2,0,0,0,0,,,
기본 대분류,음료-B동,가야웅진,003786,24-65,웅진 캐치티니핑 유기농작두콩차200ml (104),200ml*24,24,555.5417,13333.0008,666.6667,16000.0008,0.2,0,0,0,0,,,
기본 대분류,세제외-A동,기타,003787,,★면세★ 해랑국산천일염 (80),20kg*1,1,19000,19000,25300,25300,0.3316,0,0,0,0,,,
기본 대분류,음료-B동,코카콜라,003788,31-47-07,환타 밀크소다345ml,345ml*24,24,604.75,14514,775,18600,0.2815,-72,-3,0,0,,,
기본 대분류,음료-B동,대일,003789,35-18-06,참맑은 유자175ml (156),175ml*30,30,226.3,6789,266.6667,8000.001,0.1784,9780,326,0,0,,,
기본 대분류,음료-B동,농심,003790,24-09-01,웰치스제로 샤인머스켓355,355ml*24,24,612.5,14700,666.6667,16000.0008,0.0884,0,0,0,0,,,
기본 대분류,음료-B동,농심,003791,24-09-02,웰치스제로 오렌지355,355ml*24,24,612.5,14700,666.6667,16000.0008,0.0884,0,0,0,0,,,
기본 대분류,음료-B동,롯데칠성음료,003792,27-23-01,델몬트알로에400,400ml*20,20,906.8,18136,1206,24120,0.33,0,0,0,0,,,
기본 대분류,음료-B동,롯데칠성음료,003793,47-01,롯데 브레드이발소 오렌지망고,235ml*24,24,660.233,15845.591999999999,879.1667,21100.0008,0.3316,0,0,0,0,,,
기본 대분류,음료-B동,롯데칠성음료,003794,47-01-01,롯데 브레드이발소 포도사과,235ml*24,24,660.233,15845.591999999999,879.1667,21100.0008,0.3316,0,0,0,0,,,
기본 대분류,음료-B동,롯데칠성음료,003795,28-27,탐스 제로레몬355,355ml*24,24,510.1667,12244.0008,750,18000,0.4701,0,0,0,0,,,
기본 대분류,음료-B동,롯데칠성음료,003796,28-28,탐스 제로사과키위355,355ml*24,24,510.1667,12244.0008,750,18000,0.4701,0,0,0,0,,,
기본 대분류,음료-B동,롯데칠성음료,003797,28-29,탐스 제로오렌지355,355ml*24,24,510.1667,12244.0008,750,18000,0.4701,0,0,0,0,,,
기본 대분류,음료-B동,코카콜라,003798,31-13-04,파워에이드제로 600,600ml*20,20,1009.9,20198,1465,29300,0.4506,180,9,0,0,,,
기본 대분류,음료-B동,코카콜라,003799,31-47-09,환타 밀크소다 1.5,1.5L*12,12,1236.25,14835,1650,19800,0.3347,0,0,0,0,,,
기본 대분류,음료-B동,롯데칠성음료,003800,27-15-05,펩시콜라제로250ml,250ml*30,30,612.75,18382.5,666.6667,20000.001,0.088,2220,74,0,0,,,
기본 대분류,음료-B동,현대약품,003801,28-52-01,미에로 스파클링제로 350,350ml*24,24,766.1667,18388.0008,1000,24000,0.3052,240,10,0,0,,,
기본 대분류,기타,기타,003802,,단가인상차이분,,1,0,0,0,0,0,-1,-1,0,0,,,
기본 대분류,통조림-C동,동원에프앤비,003803,11-04-05,동원참치살코기(빅) 250g,250g*36,36,2773,99828,3200,115200,0.154,0,0,0,0,,,
기본 대분류,세제외-A동,류씨네,003804,80-26-07,★면세 류씨네 한식용(중국산)2.5kg,2.5kg*4,4,18250,73000,28000,112000,0.5342,0,0,0,0,,,
기본 대분류,음료-B동,광동제약,003805,20-04-01,광동비타제로블랙라벨500/100ml (40),100ml*100,100,390,39000,532,53200,0.3641,0,0,0,0,,,
기본 대분류,음료-B동,기타음료,003806,13-73,보고잇수 500,500ml*20,20,80,1600,110,2200,0.375,0,0,0,0,,,
기본 대분류,음료-B동,기타음료,003807,13-74,보고잇수 330 (128),330ml*20,20,45,900,60,1200,0.3333,0,0,0,0,,,
기본 대분류,통조림-C동,주동서,003808,11-74-07,동서 리치스 파인청크3kg(48),3kg*6,6,9300,55800,10000,60000,0.0753,3,0,3,0,,,
기본 대분류,세제외-A동,오뚜기,003809,39-308-200-02,오뚜기 팬더굴소스 2.27kg,2.27kg*6,6,10500,63000,12966.6667,77800.0002,0.2349,-12,-2,0,0,,,
기본 대분류,음료-B동,참존,003810,82-311-08-10,참존 딸기원액 835ml,835ml*12,12,2850,34200,3791.6667,45500.000400000004,0.3304,0,0,0,0,,,
기본 대분류,음료-B동,참존,003811,82-311-08-09,참존 망고원액 835ml,835ml*12,12,3200,38400,4258.353,51100.236000000004,0.3307,0,0,0,0,,,
기본 대분류,음료-B동,참존,003812,82-311-08-08,참존 복숭아 835ml,835ml*12,12,2550,30600,3391.6667,40700.000400000004,0.3301,0,0,0,0,,,
기본 대분류,음료-B동,참존,003813,82-311-08-07,참존 블루베리 835ml,835ml*12,12,3200,38400,4258.353,51100.236000000004,0.3307,0,0,0,0,,,
기본 대분류,음료-B동,참존,003814,82-311-08-06,참존 사과원액 835ml,835ml*12,12,2700,32400,3200,38400,0.1852,0,0,0,0,,,
기본 대분류,음료-B동,참존,003815,82-311-08-05,참존 살구원액 835ml,835ml*12,12,2600,31200,3458.353,41500.236000000004,0.3301,0,0,0,0,,,
기본 대분류,음료-B동,참존,003816,82-311-08-04,참존 오렌지원액 835ml,835ml*12,12,2600,31200,3458.353,41500.236000000004,0.3301,0,0,0,0,,,
기본 대분류,음료-B동,참존,003817,82-311-08-03,참존 키위원액 835ml,835ml*12,12,2800,33600,3791.6667,45500.000400000004,0.3542,24,2,0,0,,,
기본 대분류,음료-B동,참존,003818,82-311-08-02,참존 파인애플 835ml,835ml*12,12,2850,34200,3791.6667,45500.000400000004,0.3304,0,0,0,0,,,
기본 대분류,음료-B동,참존,003819,82-311-08-01,참존 포도원액 835ml,835ml*12,12,2750,33000,3658.353,43900.236000000004,0.3303,0,0,0,0,,,
기본 대분류,음료-B동,기타음료,003820,13-73-01,보고잇수 500 (고급),500ml*20,20,80,1600,110,2200,0.375,0,0,0,0,,,
기본 대분류,음료-B동,기타음료,003821,13-74-01,보고잇수 330 (고급),330ml*20,20,80,1600,110,2200,0.375,0,0,0,0,,,
기본 대분류,통조림-C동,CJ제일제당,003822,15-15-07,햇반기획210g (8입*6) (48),210g*(8*6),48,750,36000,900,43200,0.2,0,0,0,0,,,
기본 대분류,음료-B동,코카콜라,003823,31-44-08,환타파인500ml(업소)(48),500ml*24,24,668.2083,16036.9992,816.6667,19600.0008,0.2222,240,10,0,0,,,
기본 대분류,음료-B동,가야웅진,003824,23-36-01,웅진자연은내사랑사과캔180 (132),180ml*30,30,213.335,6400.05,283.335,8500.05,0.3281,0,0,0,0,,,
기본 대분류,음료-B동,동아오츠카,003825,28-25,나랑드 화이트콤부차제로 245캔,245ml*30,30,560.435,16813.05,666.6667,20000.001,0.1896,0,0,0,0,,,
기본 대분류,음료-B동,동아오츠카,003826,28-25-01,나랑드 화이트콤부차제로 400,400ml*24,24,977.5,23460,1166.6667,28000.0008,0.1935,0,0,,0,,,
기본 대분류,통조림-C동,동원에프앤비,003827,11-39-03,동원꽁치400 6입,400g*6,6,3000,18000,4000,24000,0.3333,0,0,0,0,,,
기본 대분류,음료-B동,가야웅진,003828,23-36-02,웅진자연은내사랑토마토캔180 (132),180ml*30,30,213.353,6400.59,283.353,8500.59,0.3281,0,0,0,0,,,
기본 대분류,통조림-C동,동원에프앤비,003829,50-71,동원스페셜21호/ 4세트(BOX),(살135g*6+카놀480ml*2+건강유480ml*1)*4,4,24600,98400,32750,131000,0.3313,0,0,0,0,,,
기본 대분류,통조림-C동,동원에프앤비,003830,50-71-01,동원스페셜49호/ 6세트(BOX),(살90g*4+리챔더블라120g*4+참기름330ml*1)*6,6,24600,147600,30000,180000,0.2195,0,0,0,0,,,
기본 대분류,통조림-C동,동원에프앤비,003831,50-72,동원참치M12호/ 5세트(BOX) (30),(살코기135g*8+살코기90g*4)*5,5,23320,116600,32000,160000,0.3722,0,0,0,0,,,
기본 대분류,통조림-C동,동원에프앤비,003832,50-72-01,동원참치NS15호/ 6세트(BOX) (30),(살코기90g*10+고추90g*5)*6,6,24750,148500,30000,180000,0.2121,127,21,1,0,,,
기본 대분류,통조림-C동,동원에프앤비,003833,50-72-02,동원참치V30호/ 5세트(BOX),(살코기150g*10+고추100g*5)*5,5,29750,148750,39600,198000,0.3311,0,0,0,0,,,
기본 대분류,통조림-C동,동원에프앤비,003834,50-75,동원튜나리챔30호/ 5세트(BOX),(살코기90g*12+리챔더블라이트120g*3)*5,5,24000,120000,31400,157000,0.3083,0,0,0,0,,,
기본 대분류,통조림-C동,CJ제일제당,003835,08-25-01,CJ 현명한선택FW호/ 5세트 (32),(스팸200*4+스팸120*4+발사믹식초500ml*1)*5,5,21000,105000,28600,143000,0.3619,0,0,0,0,,,
기본 대분류,세제외-A동,CJ제일제당,003836,15-15-08,CJ 햇반210g (10입),(10입*3),3,7557,22671,10066.6667,30200.000099999997,0.3321,0,0,0,0,,,
기본 대분류,통조림-C동,동원에프앤비,003837,50-72-01-01,동원참치S14호/낱세트,,1,23100,23100,30000,30000,0.2987,0,0,0,0,,,
기본 대분류,통조림-C동,동원에프앤비,003838,50-72-001,동원참치M12호/낱세트,,0,23800,0,30000,0,0.2605,0,0,,0,,,
기본 대분류,통조림-C동,동원에프앤비,003839,50-72-02-01,동원참치V30호/낱세트,,0,29750,0,40000,0,0.3445,0,0,,0,,,
기본 대분류,통조림-C동,동원에프앤비,003840,50-71-001,동원스페셜21호/낱세트,,0,24600,0,35000,0,0.4228,0,0,,0,,,
기본 대분류,통조림-C동,동원에프앤비,003841,50-71-01-03,동원스페셜49호/낱세트,,0,24600,0,35000,0,0.4228,0,0,,0,,,
기본 대분류,통조림-C동,동원에프앤비,003842,50-75-01,동원튜나리챔30호/낱세트,,0,23500,0,30000,0,0.2766,0,0,,0,,,
기본 대분류,통조림-C동,상아제약,003843,68-05,상아 고려홍삼 절편삼20g,20g*8,20,18000,360000,24000,480000,0.3333,0,0,0,0,,,
기본 대분류,음료-B동,해태음료,003844,81-57-01,갈아만든배 사이다제로 500,500ml*24,24,1005.3833,24129.1992,1291.6667,31000.0008,0.2848,0,0,0,0,,,
기본 대분류,음료-B동,코카콜라,003845,31-11-01,캐나다드라이/토닉워터300,300ml*24,24,550.1136,13202.7264,708.353,17000.471999999998,0.2876,0,0,0,0,,,
기본 대분류,음료-B동,코카콜라,003846,31-24-01,닥터페퍼제로350(88),(350ml*24),24,537.1667,12892.0008,691.6667,16600.0008,0.2876,744,31,0,0,,,
기본 대분류,통조림-C동,동원에프앤비,003847,50-76,동원참치S12호/ 6세트(BOX),(살코기90g*12)*6,6,21000,126000,28000,168000,0.3333,0,0,0,0,,,
기본 대분류,음료-B동,하이트진로,003848,25-50-10,진로토닉워터 진저엘300ml,300ml*24,24,587.5,14100,750,18000,0.2766,264,11,0,0,,,
기본 대분류,세제외-A동,팔도,003849,22-18-02,뿌요소다젤리,(52g*12)*4,48,795.7083,38193.9984,895.835,43000.08,0.1258,0,0,0,0,,,
기본 대분류,세제외-A동,CJ제일제당,003851,81-44-01,★면세★ 백설 하선정까나리액젓 2.5kg(52) 골드,2.5kg*6,6,9050,54300,11000,66000,0.2155,0,0,0,0,,,
기본 대분류,세제외-A동,CJ제일제당,003852,41-05,★면세★ 백설 하선정멸치액젓 골드 800g(60),800g*15,15,3050,45750,4000,60000,0.3115,0,0,0,0,,,
기본 대분류,세제외-A동,CJ제일제당,003853,41-05-01,★면세★ 백설 하선정까나리액젓 800g(60) 골드,800g*15,15,3050,45750,4000,60000,0.3115,0,0,0,0,,,
기본 대분류,세제외-A동,CJ제일제당,003854,08-20-02,백설 해바라기유500ml- 24년 3/1까지,500ml*12,12,700,8400,3500,42000,4,0,0,0,0,,,
기본 대분류,세제외-A동,CJ제일제당,003855,08-20-03,백설 건강을생각한 요리유500ml,500ml*12,12,700,8400,3600,43200,4.1429,0,0,0,0,,,
기본 대분류,세제외-A동,CJ제일제당,003856,08-20-04,백설 바삭한 요리유500ml- 24년 7/24까지,500ml*12,12,700,8400,3000,36000,3.2857,0,0,0,0,,,
기본 대분류,세제외-A동,CJ제일제당,003857,08-20-05,백설 압착올리브유500ml,500ml*12,12,3500,42000,8000,96000,1.2857,0,0,0,0,,,
기본 대분류,음료-B동,코카콜라,003858,31-01-011,코카콜라제로190ml(업소),190ml*30,30,476.0333,14280.999,612.6667,18380.001,0.287,1650,55,0,0,,,
기본 대분류,통조림-C동,그린자이언트,003859,11-18,그린자이언트 니블렛 스위트콘340g,340g*24,24,1100,26400,1404.1667,33700.0008,0.2765,24,1,0,0,,,
기본 대분류,음료-B동,동원음료,003860,12-01-10,동원보성홍차아이스티제로 복숭아 350ml (54),350ml*24,24,529.8333,12715.9992,666.6667,16000.0008,0.2583,0,0,0,0,,,
기본 대분류,음료-B동,동원음료,003861,12-01-11,동원보성홍차아이스티제로 레몬 350ml,350ml*24,24,0,0,0,0,0,0,0,0,0,,,
기본 대분류,통조림-C동,유성물산,003862,,[낱개]유동꽁치400g 6개,,0,0,0,0,0,0,0,0,0,0,,,
기본 대분류,통조림-C동,한성,003863,11-25,한성꽁치300g(80),300g*24,24,1800,43200,2717.5,65220,0.5097,0,0,0,0,,,
기본 대분류,통조림-C동,주동서,003864,11-74-08,리치스 그린올리브 홀 피멘토캔 405g,405g*24,24,800,19200,1600,38400,1,0,0,0,0,,,
기본 대분류,음료-B동,동원음료,003865,12-01-12,동원보성홍차아이스티제로 애플 500ml (54),500ml*24,24,645.8333,15499.9992,854.1667,20500.0008,0.3226,1296,54,0,0,,,
기본 대분류,음료-B동,동원음료,003866,12-01-13,동원보성홍차아이스티제로 샤인머스켓 500ml (54),500ml*24,24,645.8333,15499.9992,854.1667,20500.0008,0.3226,1296,54,0,0,,,
기본 대분류,통조림-C동,동원에프앤비,003867,50-75-02,동원튜나리챔77호(캔57호)/ 4세트 (BOX) (30),(살코기135g*8+고추135g*4+리챔200g*4)*4,4,30000,120000,36000,144000,0.2,245,61,1,0,,,
기본 대분류,음료-B동,농심,003868,24-49-07,카프리썬(정글)  (378),200ml*10,10,420,4200,640,6400,0.5238,3180,318,0,0,,,
기본 대분류,통조림-C동,동원에프앤비,003869,51-30,동원참치T12호/ 5세트 (40),(살코기135g*12)*5,5,25200,126000,33600,168000,0.3333,91,18,1,0,,,
기본 대분류,통조림-C동,동원에프앤비,003870,51-30-01,동원참치T14호/ 5세트 (30),(살코기135g*10+고추135g*4)*5,5,29400,147000,35000,175000,0.1905,281,56,1,0,,,
기본 대분류,통조림-C동,동원에프앤비,003871,51-30-02,동원참치T21호/ 3세트 (32),(살코기135g*10+고추135g*5+야채135g*3+찌개135g3)*3,3,44100,132300,55000,165000,0.2472,6,2,0,0,,,
기본 대분류,통조림-C동,동원에프앤비,003872,51-31,동원참치S12호/ 6세트 (40),(살코기90g*12)*6,6,20300,121800,22800,136800,0.1232,126,21,0,0,,,
기본 대분류,음료-B동,가야웅진,003873,81-12-01,웅진 자연은샤인머스켓500ml,(500ml*20),20,916.65,18333,1100,22000,0.2,0,0,0,0,,,
기본 대분류,음료-B동,동화약품,003874,38-09-08,동화 부채표쌍화원100ml,(100ml*50),50,250,12500,400,20000,0.6,0,0,0,0,,,
기본 대분류,통조림-C동,동원에프앤비,003875,11-39-05,동원꽁치300g (96),300g*24,24,2300,55200,3200,76800,0.3913,0,0,0,0,,,
기본 대분류,기타,기타,003876,00-15,택배비 - 3500,,1,3500,3500,3500,3500,0,-141,-141,0,0,,,
기본 대분류,음료-B동,해태음료,003877,32-16-08,해태 미닛자몽에이드탄산뚱캔355,355ml*24,24,500.1654,12003.9696,679.1667,16300.0008,0.3579,1632,68,0,0,,,
기본 대분류,음료-B동,동아오츠카,003878,28-24-07,나랑드사이다제로500 (24입)/64,500ml*24,24,664.585,15950.04,791.6667,19000.0008,0.1912,384,16,0,0,,,
기본 대분류,음료-B동,광동제약,003880,20-01-01,광동 옥수수수염차340 (104),340ml*20,20,577.8,11556,675,13500,0.1682,10040,502,0,0,,,
기본 대분류,음료-B동,해태음료,003881,2-01,해태 갈아만든배사이다210ml,(210ml*30),30,357,10710,500,15000,0.4006,0,0,0,0,,,
기본 대분류,세제외-A동,팔도,003882,22-16-07,뽀로로워터젤리(오렌지)120ml,(120ml*40),40,669.5,26780,750,30000,0.1202,240,6,0,0,,,
기본 대분류,음료-B동,가야웅진,003883,,가야 천년수 500,500ml*20,20,66,1320,81.5,1630,0.2348,0,0,0,0,,,
기본 대분류,음료-B동,코카콜라,003885,31-31-01,킨사이다190ml,(190ml*30),30,314.2,9426,510,15300,0.6232,0,0,,0,,,
기본 대분류,기타,기타,003886,00-16,택배비 - 4000,,1,4000,4000,4000,4000,0,-206,-206,0,0,,,
기본 대분류,음료-B동,가야웅진,003887,23-50-01,웅진 레몬셔벗에이드제로1.5 (48),(1.5L*12),12,1183.25,14199,1416.6667,17000.0004,0.1973,0,0,0,0,,,
기본 대분류,음료-B동,가야웅진,003888,23-51-02,웅진 레몬셔벗에이드제로500,500ml*20,20,791,15820,950,19000,0.201,0,0,0,0,,,
기본 대분류,음료-B동,가야웅진,003889,23-51-03,웅진 애플셔벗에이드제로1.5 (48),(1.5L*12),12,1183.25,14199,1416.6667,17000.0004,0.1973,0,0,0,0,,,
기본 대분류,음료-B동,가야웅진,003890,23-51-04,웅진 애플셔벗에이드제로500,500ml*20,20,791,15820,950,19000,0.201,0,0,0,0,,,
기본 대분류,음료-B동,광동제약,003891,20-07-04,광동 헛개차340(104),340ml*20,20,577.8,11556,675,13500,0.1682,6620,331,0,0,,,
기본 대분류,음료-B동,광동제약,003892,20-01-02,광동옥수수340(특판),(340ml*20),20,582.1,11642,675,13500,0.1596,0,0,,0,,,
기본 대분류,음료-B동,광동제약,003893,20-06-02,광동비타500칼슘100ml(인터넷용),(100ml*100),100,335,33500,400,40000,0.194,0,0,0,0,,,
기본 대분류,음료-B동,광동제약,003894,20-90,광동 썬키스트 모과생강 280ml,280ml*24,24,416.6667,10000.0008,916.6667,22000.0008,1.2,264,11,0,0,,,
기본 대분류,음료-B동,광동제약,003895,20-90-01,광동 썬키스트 허니유자 280ml,280ml*24,24,416.6667,10000.0008,916.6667,22000.0008,1.2,0,0,0,0,,,
기본 대분류,음료-B동,광동제약,003896,20-90-02,광동 썬키스트 레몬에이드 500ml,500ml*24,24,825,19800,1000,24000,0.2121,576,24,0,0,,,
기본 대분류,음료-B동,하이트진로,003897,25-50-11,진로토닉워터제로 솔 300ml,300ml*24,24,596.75,14322,750,18000,0.2568,0,0,0,0,,,
기본 대분류,음료-B동,일화,003898,29-07-02,탑씨 블루레몬에이드 1.5 (40),1.5L*12,12,780,9360,916.6667,11000.0004,0.1752,0,0,0,0,,,
기본 대분류,통조림-C동,유성물산,003899,,[낱개]유동 황도슬라이스400g*6개,,0,0,0,0,0,0,-48,0,-48,0,,,
기본 대분류,통조림-C동,동원에프앤비,003900,,[낱개]동원 골뱅이400g*6개,,0,0,0,0,0,0,0,0,0,0,,,
기본 대분류,음료-B동,코카콜라,003901,31-04-03,코카콜라500제로(업소)/48,500ml*24,24,705.0417,16921.0008,887.5,21300,0.2588,408,17,0,0,,,
기본 대분류,음료-B동,동원음료,003902,12-41,동원 쿨피스 제로 테트라 복숭아 140 (216),140ml*24,24,218.8333,5251.9992,354.1667,8500.0008,0.6184,0,0,0,0,,,
기본 대분류,음료-B동,동원음료,003903,12-41-01,동원 쿨피스 제로 테트라 자두 140(216),140ml*24,24,218.835,5252.04,354.1667,8500.0008,0.6184,0,0,0,0,,,
기본 대분류,기타,기타,003904,,맛두유24입 케이스,,1,35145,35145,66000,66000,0.8779,8,8,0,0,,,
기본 대분류,음료-B동,가야웅진,003905,24-60,웅진 캐치티니핑 밀크200ml (104),200ml*24,24,555.5417,13333.0008,666.6667,16000.0008,0.2,0,0,0,0,,,
기본 대분류,음료-B동,일화,003906,23-40-04,일화차시 호박팥차500ml,(500ml*20,20,596.1068,11922.136,600,12000,0.0065,2540,127,0,0,,,
기본 대분류,음료-B동,하이트진로,003907,25-50-12,진로토닉워터제로 와일드피치300ml,300ml*24,24,687.5,16500,916.6667,22000.0008,0.3333,0,0,0,0,,,
기본 대분류,음료-B동,남양유업,003908,21-03-01,남양프렌치카페 악마의유혹마일드라떼250ml,(250ml*10),10,750,7500,1000,10000,0.3333,0,0,0,0,,,
기본 대분류,음료-B동,코카콜라,003911,31-03-10,몬스터 제로울트라 피치킨(탁한주황)355,355ml*24,24,1204.5417,28909.0008,1491.6667,35800.0008,0.2384,-168,-7,0,0,,,
기본 대분류,세제외-A동,해표사조,003913,53-01,해표 식용유1.8L (32),1.8L*12,12,4475,53700,6000,72000,0.3408,1186,98,10,0,,,
기본 대분류,세제외-A동,해표사조,003914,53-01-01,사조 콩기름0.5L,0.5L*30,30,1000,30000,2666.6667,80000.001,1.6667,0,0,0,0,,,
기본 대분류,세제외-A동,해표사조,003915,53-01-02,사조 콩기름0.9L,0.9L*20,20,1835,36700,2600,52000,0.4169,0,0,0,0,,,
기본 대분류,세제외-A동,해표사조,003916,53-01-03,사조 옥수수유1.8L,1.8L*12,12,3600,43200,8941.6667,107300.00039999999,1.4838,0,0,0,0,,,
기본 대분류,세제외-A동,해표사조,003917,53-01-04,사조 올리브유900ml,900ml*12,12,12108,145296,17556.6667,210680.00040000002,0.45,0,0,0,0,,,
기본 대분류,세제외-A동,해표사조,003918,53-01-05,사조 바삭요리유900ml,900ml*12,12,2100,25200,5125,61500,1.4405,0,0,0,0,,,
기본 대분류,세제외-A동,해표사조,003919,53-01-06,사조 깔끔요리유900ml,900ml*12,12,2100,25200,5750,69000,1.7381,0,0,0,0,,,
기본 대분류,세제외-A동,해표사조,003920,53-01-07,사조 카놀라유900ml,900ml*12,12,2100,25200,5425,65100,1.5833,0,0,0,0,,,
기본 대분류,세제외-A동,해표사조,003921,53-01-08,사조 포도씨유900ml,900ml*12,12,5888,70656,8500,102000,0.4436,0,0,0,0,,,
기본 대분류,세제외-A동,해표사조,003922,15-07-01,사조 살코기참치85g,85g*48,48,1045,50160,1547.9167,74300.0016,0.4813,0,0,,0,,,
기본 대분류,세제외-A동,해표사조,003923,15-07-02,사조 찌개참치85g,85g*48,48,850,40800,1200,57600,0.4118,0,0,0,0,,,
기본 대분류,세제외-A동,해표사조,003924,15-07-03,사조 통살참치 황다랑어100g,100g*48,48,830,39840,2041.6667,98000.0016,1.4598,0,0,0,0,,,
기본 대분류,세제외-A동,해표사조,003925,15-07-04,사조 통살참치 마라100g,100g*48,48,830,39840,2041.6667,98000.0016,1.4598,0,0,0,0,,,
기본 대분류,세제외-A동,해표사조,003926,15-07-05,사조 통살참치 트러플100g,100g*48,48,830,39840,1854.1667,89000.0016,1.2339,0,0,0,0,,,
기본 대분류,세제외-A동,해표사조,003927,15-07-06,사조 통살참치 알바코100g,100g*48,48,830,39840,1937.5,93000,1.3343,0,0,0,0,,,
기본 대분류,세제외-A동,해표사조,003928,15-07-07,사조참치 고추할라피뇨100g,100g*48,48,830,39840,1791.6667,86000.0016,1.1586,0,0,0,0,,,
기본 대분류,세제외-A동,해표사조,003929,15-07-08,사조참치 간장버터100g,100g*48,48,830,39840,1791.6667,86000.0016,1.1586,0,0,0,0,,,
기본 대분류,세제외-A동,해표사조,003930,15-07-09,사조참치 짜장100g,100g*48,48,830,39840,1791.6667,86000.0016,1.1586,0,0,0,0,,,
기본 대분류,세제외-A동,해표사조,003931,15-07-10,사조참치 토마토커리100g,100g*48,48,830,39840,1791.6667,86000.0016,1.1586,0,0,0,0,,,
기본 대분류,세제외-A동,해표사조,003932,15-07-11,사조 생생참치 레귤러115g,115g*24,24,1200,28800,3160.4167,75850.00080000001,1.6337,0,0,0,0,,,
기본 대분류,세제외-A동,해표사조,003933,53-02,사조 순창궁 초고추장320g,320g*20,20,1000,20000,2500,50000,1.5,0,0,0,0,,,
기본 대분류,세제외-A동,해표사조,003934,53-02-01,사조 순창궁 초고추장530g,530g*20,20,1400,28000,3550,71000,1.5357,0,0,0,0,,,
기본 대분류,세제외-A동,해표사조,003935,53-02-02,사조 순창궁 초고추장170g,170g*24,24,550,13200,1437.5,34500,1.6136,0,0,0,0,,,
기본 대분류,세제외-A동,해표사조,003936,53-02-03,사조 순창궁 새콤상큼초고추장1kg,1kg*12,12,1500,18000,3816.6667,45800.000400000004,1.5444,0,0,0,0,,,
기본 대분류,세제외-A동,해표사조,003937,53-03,사조 더고소한파래김16p,16p*8,8,3059,24472,4525,36200,0.4792,0,0,0,0,,,
기본 대분류,세제외-A동,해표사조,003938,53-03-01,사조 더고소한재래김16p,16p*8,8,3059,24472,4525,36200,0.4792,0,0,0,0,,,
기본 대분류,세제외-A동,해표사조,003939,58-01,사조 라이트팜200g,200g*48,48,830,39840,2291.6667,110000.00160000002,1.761,0,0,0,0,,,
기본 대분류,세제외-A동,해표사조,003940,58-01-01,사조 안심팜340g,340g*24,24,1600,38400,4000,96000,1.5,0,0,0,0,,,
기본 대분류,세제외-A동,해표사조,003941,59-01,사조 고소한참기름320ml,320ml*12,12,2400,28800,5925,71100,1.4688,0,0,0,0,,,
기본 대분류,세제외-A동,해표사조,003942,59-01-01,사조 고소한참기름500ml,500ml*12,12,3700,44400,9025,108300,1.4392,0,0,0,0,,,
기본 대분류,세제외-A동,해표사조,003943,59-01-02,사조 고소한참기름55ml,55ml*30,30,830,24900,2036.6667,61100.001,1.4538,0,0,0,0,,,
기본 대분류,세제외-A동,해표사조,003944,59-02-01,사조 맛술800ml,800ml*15,15,1000,15000,2666.6667,40000.0005,1.6667,0,0,0,0,,,
기본 대분류,세제외-A동,해표사조,003945,15-09-01,사조 한알레시피 한우80g,80g*20,20,1800,36000,4525,90500,1.5139,0,0,0,0,,,
기본 대분류,세제외-A동,해표사조,003946,15-09-02,사조 한알레시피 해물80g,80g*20,20,1800,36000,4526.5,90530,1.5147,0,0,0,0,,,
기본 대분류,세제외-A동,해표사조,003947,15-09-03,사조 한알레시피 사골68g,68g*20,20,1800,36000,4526.5,90530,1.5147,0,0,0,0,,,
기본 대분류,세제외-A동,해표사조,003948,15-02-01,사조 부침가루1kg,1kg*10,10,1624,16240,2400,24000,0.4778,0,0,0,0,,,
기본 대분류,세제외-A동,해표사조,003949,15-02-02,사조 튀김가루1kg,1kg*10,10,900,9000,2400,24000,1.6667,0,0,0,0,,,
기본 대분류,세제외-A동,해표사조,003950,53-04-01,사조 물엿1.2kg,1.2kg*12,12,1200,14400,3000,36000,1.5,0,0,0,0,,,
기본 대분류,세제외-A동,해표사조,003951,53-04-02,사조 물엿700g,700g*20,20,1513,30260,2195,43900,0.4508,0,0,0,0,,,
기본 대분류,세제외-A동,해표사조,003952,53-01-09,사조 올리고당700g,700g*20,20,1300,26000,3250,65000,1.5,0,0,0,0,,,
기본 대분류,세제외-A동,해표사조,003953,53-01-10,사조 올리고당1.2kg,1.2kg*12,12,2000,24000,5066.6667,60800.0004,1.5333,0,0,0,0,,,
기본 대분류,세제외-A동,해표사조,003954,53-01-11,사조 조청1.2kg,1.2kg*12,12,2000,24000,4750,57000,1.375,0,0,0,0,,,
기본 대분류,세제외-A동,해표사조,003955,53-01-12,사조 양조식초1.8L,1.8L*8,8,1343,10744,1950,15600,0.452,0,0,0,0,,,
기본 대분류,세제외-A동,해표사조,003956,53-01-13,사조 사과식초1.8L,1.8L*8,8,1400,11200,3437.5,27500,1.4554,0,0,0,0,,,
기본 대분류,세제외-A동,해표사조,003957,15-04-11,사조 고등어300g,300g*24,24,1681,40344,2500,60000,0.4872,0,0,0,0,,,
기본 대분류,세제외-A동,해표사조,003958,15-04-10,사조 꽁치300g,300g*24,24,2338,56112,3500,84000,0.497,0,0,0,0,,,
기본 대분류,세제외-A동,해표사조,003959,79-01,사조 참치액900g,900g*10,10,3000,30000,7300,73000,1.4333,0,0,0,0,,,
기본 대분류,세제외-A동,해표사조,003960,79-01-01,사조 홍게액900g,900g*12,12,5340,64080,7750,93000,0.4513,0,0,0,0,,,
기본 대분류,세제외-A동,해표사조,003961,79-01-02,사조 프리미엄꽃게액550ml,550ml*12,12,3500,42000,8650,103800,1.4714,0,0,0,0,,,
기본 대분류,세제외-A동,해표사조,003962,79-01-03,사조 참육수 멸치다시마500g,500g*12,12,2000,24000,5000,60000,1.5,0,0,0,0,,,
기본 대분류,세제외-A동,해표사조,003963,79-01-04,사조 프리미엄참치액550ml,550ml*12,12,3400,40800,8350,100200,1.4559,0,0,0,0,,,
기본 대분류,세제외-A동,해표사조,003964,79-01-05,사조 참치액 칼칼한맛900g,900g*10,10,4400,44000,10800,108000,1.4545,0,0,0,0,,,
기본 대분류,세제외-A동,해표사조,003965,79-02-01,사조 24/7뼈없는소갈비탕500g,500g*16,16,3290,52640,4750,76000,0.4438,0,0,0,0,,,
기본 대분류,세제외-A동,해표사조,003966,79-02-02,사조 24/7사골돼지국밥500g,500g*16,16,2690,43040,3937.5,63000,0.4638,0,0,0,0,,,
기본 대분류,세제외-A동,해표사조,003967,79-02-03,사조 24/7진한사골곰탕500g,500g*16,16,811,12976,1175,18800,0.4488,0,0,0,0,,,
기본 대분류,세제외-A동,해표사조,003968,59-01-03,사조 참진한들기름320ml,320ml*12,12,3500,42000,8650,103800,1.4714,0,0,0,0,,,
기본 대분류,세제외-A동,해표사조,003969,38-01,사조 쫄깃한당면500g,500g*20,20,1200,24000,3050,61000,1.5417,0,0,0,0,,,
기본 대분류,세제외-A동,해표사조,003970,38-02,사조 볶음참깨180g,180g*20,20,1700,34000,4300,86000,1.5294,0,0,0,0,,,
기본 대분류,세제외-A동,해표사조,003971,48-01,사조 365.24오리지널육포30g,30g*30,30,1634,49020,2370,71100,0.4504,0,0,0,0,,,
기본 대분류,세제외-A동,해표사조,003972,48-01-01,사조 365.24오리지널구운육포30g,30g*30,30,1634,49020,2370,71100,0.4504,0,0,0,0,,,
기본 대분류,세제외-A동,해표사조,003973,64-01,사조 팝콘오리지널80g,80g*48,48,400,19200,1041.6667,50000.0016,1.6042,0,0,0,0,,,
기본 대분류,세제외-A동,해표사조,003974,64-01-01,사조 팝콘버터맛80g,80g*48,48,400,19200,1041.6667,50000.0016,1.6042,0,0,0,0,,,
기본 대분류,세제외-A동,해표사조,003975,64-01-02,사조 팝콘달콤한맛80g,80g*48,48,719,34512,1041.6667,50000.0016,0.4488,0,0,0,0,,,
기본 대분류,세제외-A동,해표사조,003976,09-51,★면세★ 사조 순창궁태양초골드고추장 1.8kg+450g,(1.8kg+450g)*6,6,4100,24600,10300,61800,1.5122,0,0,0,0,,,
기본 대분류,세제외-A동,해표사조,003977,09-51-01,★면세★ 사조 순창궁태양초골드고추장500g,500g*20,20,1400,28000,3550,71000,1.5357,0,0,0,0,,,
기본 대분류,세제외-A동,해표사조,003978,09-51-02,★면세★ 사조 순창궁태양초골드고추장170g,170g*24,24,550,13200,1366.6667,32800.0008,1.4848,0,0,0,0,,,
기본 대분류,세제외-A동,해표사조,003979,09-51-03,★면세★ 사조 순창궁우리햅쌀고추장170g,170g*24,24,550,13200,1625,39000,1.9545,0,0,0,0,,,
기본 대분류,세제외-A동,해표사조,003980,09-51-04,★면세★ 사조 순창궁태양초골드고추장1kg,1kg*8,8,2400,19200,5875,47000,1.4479,0,0,0,0,,,
기본 대분류,세제외-A동,해표사조,003981,09-51-05,★면세★ 사조 순창궁우리햅쌀고추장500g,500g*20,20,1700,34000,4225,84500,1.4853,0,0,0,0,,,
기본 대분류,세제외-A동,해표사조,003982,09-51-06,★면세★ 사조 순창궁우리햅쌀고추장1kg,1kg*8,8,2800,22400,6975,55800,1.4911,0,0,0,0,,,
기본 대분류,세제외-A동,해표사조,003983,09-51-07,★면세★ 사조 순창궁매운햅쌀고추장500g,500g*20,20,1700,34000,4900,98000,1.8824,0,0,0,0,,,
기본 대분류,세제외-A동,해표사조,003984,91-51-08,★면세★ 사조 순창궁재래식된장500g,500g*20,20,900,18000,2250,45000,1.5,0,0,0,0,,,
기본 대분류,세제외-A동,해표사조,003985,91-51-09,★면세★ 사조 순창궁재래식된장1kg,1kg*8,8,1600,12800,4200,33600,1.625,0,0,0,0,,,
기본 대분류,세제외-A동,해표사조,003986,91-51-10,★면세★ 사조 순창궁재래식된장170g,170g*24,24,500,12000,1316.6667,31600.0008,1.6333,0,0,0,0,,,
기본 대분류,세제외-A동,해표사조,003987,91-51-11,★면세★ 사조 순창궁12가지양념쌈장170g,170g*24,24,500,12000,1200,28800,1.4,0,0,0,0,,,
기본 대분류,세제외-A동,해표사조,003988,91-51-12,★면세★ 사조 순창궁12가지양념쌈장500g,500g20,20,830,16600,2275,45500,1.741,0,0,0,0,,,
기본 대분류,세제외-A동,해표사조,003989,91-51-13,★면세★ 사조 순창궁12가지양념쌈장1kg,1kg*8,8,1700,13600,4375,35000,1.5735,0,0,0,0,,,
기본 대분류,세제외-A동,해표사조,003990,09-56-01,★면세★ 사조 완도미역100g,100g*30,30,1000,30000,2516.6667,75500.001,1.5167,0,0,0,0,,,
기본 대분류,세제외-A동,해표사조,003991,09-56-02,★면세★ 사조 완도미역45g,45g*40,40,941,37640,1375,55000,0.4612,0,0,0,0,,,
기본 대분류,세제외-A동,해표사조,003992,09-57-01,★면세★ 사조 멸치디포리 다시팩15g,(15g+10)*16,16,2500,40000,6328.125,101250,1.5312,0,0,0,0,,,
기본 대분류,세제외-A동,해표사조,003993,09-57-02,★면세★ 사조 새우해물 다시팩15g,(15g+10)*16,16,2500,40000,6328.125,101250,1.5312,0,0,0,0,,,
기본 대분류,세제외-A동,해표사조,003994,09-57-03,★면세★ 사조 야채 다시팩15g,(15g+10)*16,16,2500,40000,6328.125,101250,1.5312,0,0,0,0,,,
기본 대분류,세제외-A동,해표사조,003995,09-57-04,★면세★ 사조 얼큰 다시팩15g,(15g+10)*16,16,2500,40000,6328.125,101250,1.5312,0,0,0,0,,,
기본 대분류,세제외-A동,해표사조,003996,09-71-01,★면세★ 사조 찹쌀가루350g,350g*30,30,1400,42000,3476.6667,104300.001,1.4833,0,0,0,0,,,
기본 대분류,세제외-A동,해표사조,003997,09-71-02,★면세★ 사조 중력밀가루1kg,1kg*10,10,1067,10670,1560,15600,0.462,0,0,0,0,,,
기본 대분류,세제외-A동,해표사조,003998,09-71-03,★면세★ 사조 우리밀밀가루750g,750g*14,14,1300,18200,3357.1429,47000.0006,1.5824,0,0,0,0,,,
기본 대분류,세제외-A동,해표사조,003999,09-74-01,★면세★ 사조 꽃소금1kg,1kg*14,14,1192,16688,1785.7143,25000.000200000002,0.4981,0,0,0,0,,,
기본 대분류,세제외-A동,해표사조,004000,09-74-02,★면세★ 사조 꽃소금500g,500g*30,30,350,10500,900,27000,1.5714,0,0,0,0,,,
기본 대분류,세제외-A동,해표사조,004001,09-74-03,★면세★ 사조 천일염1.5kg,1.5kg*10,10,2300,23000,5800,58000,1.5217,0,0,0,0,,,
기본 대분류,세제외-A동,해표사조,004002,09-74-04,★면세★ 사조 천일염3kg,3kg*5,5,4000,20000,10800,54000,1.7,0,0,0,0,,,
기본 대분류,세제외-A동,해표사조,004003,09-74-05,★면세★ 사조 순후추100g,100g*24,24,1800,43200,4554.1667,109300.0008,1.5301,0,0,0,0,,,
기본 대분류,세제외-A동,해표사조,004004,03-76-01,★면세★ 해표 진간장S 1.8L,1.8L*8,8,1700,13600,4306.25,34450,1.5331,0,0,0,0,,,
기본 대분류,세제외-A동,해표사조,004005,03-76-02,★면세★ 사조해표 국간장1.8L,1.8L*8,8,2200,17600,5437.5,43500,1.4716,0,0,0,0,,,
기본 대분류,세제외-A동,해표사조,004006,03-76-03,★면세★ 해표 양조간장1.8L,1.8L*8,8,4943,39544,7375,59000,0.492,0,0,0,0,,,
기본 대분류,음료-B동,가야웅진,004007,23-76,가야웅진 깊을수록(무라벨)물 500ml (112),500ml*20,20,47.5,950,55,1100,0.1579,0,0,0,0,,,
기본 대분류,음료-B동,코카콜라,004008,31-01-08,코카콜라제로245ml(업소용)슬림(99),245ml*30,30,480.7667,14423.001,606.6667,18200.001,0.2619,4410,147,0,0,,,
기본 대분류,음료-B동,팔도,004009,22-04-00,비락식혜제로1.5 (48),1.5L*8,8,2529.375,20235,3125,25000,0.2355,246,30,6,0,,,
기본 대분류,음료-B동,팔도,004010,22-01-06,비락식혜제로238 (120),238ml*24,24,455.25,10926,550,13200,0.2081,1152,48,0,0,,,
기본 대분류,음료-B동,동원음료,004011,35-21,동원 순백보리차500ml,500ml*20,20,400,8000,530,10600,0.325,0,0,0,0,,,
기본 대분류,음료-B동,하이트진로,004012,25-50-13,진로토닉워터제로 600ml,600ml*20,20,825,16500,1100,22000,0.3333,0,0,0,0,,,
기본 대분류,음료-B동,동아오츠카,004013,28-24-06-01,나랑드사이다제로245ml,(245ml*30),30,364.8333,10944.999,450,13500,0.2334,0,0,0,0,,,
기본 대분류,음료-B동,동아오츠카,004014,28-24-08,나랑드사이다 파인제로500 (24입),500ml*24,24,664.585,15950.04,791.6667,19000.0008,0.1912,216,9,0,0,,,
기본 대분류,세제외-A동,CJ제일제당,004015,39-34,씨제이 굿딜 구포국수3kg (60),3kg*6,6,4200,25200,4500,27000,0.0714,0,0,0,0,,,
기본 대분류,음료-B동,대일,004016,35-18-07,참맑은 사과175ml (156),175ml*30,30,242.6667,7280.001,300,9000,0.2363,19350,645,0,0,,,
기본 대분류,음료-B동,대일,004017,35-18-08,참맑은 배175ml(156),175ml*30,30,227.5,6825,273.3333,8199.999,0.2015,0,0,0,0,,,
기본 대분류,음료-B동,대일,004018,35-18-09,참맑은 머스캣175ml (156),175ml*30,30,242.6667,7280.001,300,9000,0.2363,15000,500,0,0,,,
기본 대분류,음료-B동,동서식품,004019,24-704-08,동서 스타벅스 더블샷바닐라275ml,275ml*24,24,2017.0417,48409.0008,2541.6667,61000.00080000001,0.2601,0,0,0,0,,,
기본 대분류,음료-B동,광동제약,004020,20-90-03,광동 썬키스트 오렌지소다 355ml,355ml*24,24,490,11760,650,15600,0.3265,0,0,0,0,,,
기본 대분류,음료-B동,광동제약,004021,20-90-04,광동 썬키스트 오렌지소다 600ml,600ml*24,24,700,16800,929.1667,22300.0008,0.3274,0,0,0,0,,,
기본 대분류,음료-B동,광동제약,004022,20-90-05,광동 썬키스트 오렌지소다 1.5L,1.5L*12,12,1300,15600,1725,20700,0.3269,0,0,0,0,,,
기본 대분류,음료-B동,광동제약,004023,20-90-06,광동 썬키스트 자몽소다 355ml,355ml*24,24,490,11760,650,15600,0.3265,0,0,0,0,,,
기본 대분류,음료-B동,광동제약,004024,20-90-07,광동 썬키스트 자몽소다 600ml,600ml*24,24,750,18000,929.1667,22300.0008,0.2389,0,0,0,0,,,
기본 대분류,음료-B동,광동제약,004025,20-90-08,광동 썬키스트 자몽소다 1.5L,1.5L*12,12,1300,15600,1725,20700,0.3269,0,0,0,0,,,
기본 대분류,음료-B동,남양유업,004026,21-004,사과야팩,190ml*24,24,166.6667,4000.0008,216.6667,5200.0008,0.3,0,0,0,0,,,
기본 대분류,음료-B동,남양유업,004027,21-004-01,청포도야팩,190ml*24,24,166.6667,4000.0008,216.6667,5200.0008,0.3,0,0,0,0,,,
기본 대분류,음료-B동,동서식품,004028,24-34-02,동서 레드불 퍼플에디션250,250ml*24,24,1256.2917,30151.0008,1500,36000,0.194,0,0,0,0,,,
기본 대분류,음료-B동,코카콜라,004029,31-05-001,코카콜라제로(업소) 1.25(45),1.25L*12,12,1242.25,14907,1566.6667,18800.0004,0.2612,1068,89,0,0,,,
기본 대분류,음료-B동,동화약품,004030,38-09-09,동화 시원하게 비우는 배러라이트120g,120g*(10병*10),100,1210,121000,1610,161000,0.3306,200,2,0,0,,,
기본 대분류,음료-B동,동화약품,004031,38-09-10,동화 환하게 빛나는 배러라이트120g,120g*(10병*10),100,1210,121000,1610,161000,0.3306,200,2,0,0,,,
기본 대분류,음료-B동,광동제약,004032,20-07-05,광동옥수수수염차340 (80) (24입),340ml*24,24,500,12000,666.6667,16000.0008,0.3333,0,0,0,0,,,
기본 대분류,음료-B동,롯데칠성음료,004033,27-331,마운틴듀 제로슈거355ml,355ml*24,24,504.2083,12100.9992,741.6667,17800.0008,0.471,0,0,0,0,,,
기본 대분류,음료-B동,해태음료,004034,12-15-01,해태 큰집식혜 72입,(238ml*72),72,396.8056,28570.003200000003,562.5,40500,0.4176,360,5,0,0,,,
기본 대분류,음료-B동,코카콜라,004035,31-13-06,파워에이드 스칼렛스톰600,600ml*20,20,1036.4,20728,1265,25300,0.2206,0,0,0,0,,,
기본 대분류,음료-B동,동아오츠카,004036,28-24-09,나랑드사이다 애플제로500 (24입),500ml*24,24,664.585,15950.04,791.6667,19000.0008,0.1912,240,10,0,0,,,
기본 대분류,세제외-A동,해표사조,004037,15-06-75,사조해표 마일드참치85g,85g*48,48,850,40800,1200,57600,0.4118,0,0,0,0,,,
기본 대분류,음료-B동,코카콜라,004038,31-03-11,몬스터 에너 오지스타일 레모네이드(파랑노랑)355,355ml*24,24,1204.5417,28909.0008,1491.6667,35800.0008,0.2384,1080,45,0,0,,,
기본 대분류,음료-B동,팔도,004039,22-13-03,뽀로로 복숭아 (117),235ml*24,24,657.7083,15784.9992,750,18000,0.1403,0,0,0,0,,,
기본 대분류,음료-B동,해태음료,004040,32-13-01,해태 과일촌 배드링크175ml,175ml*30,30,270.2098,8106.293999999999,343.335,10300.05,0.2706,0,0,0,0,,,
기본 대분류,음료-B동,해태음료,004041,32-13-02,해태 과일촌 과일믹스드링크175ml,175ml*30,30,273,8190,343.335,10300.05,0.2576,0,0,0,0,,,
기본 대분류,음료-B동,대일,004042,35-18-10,참맑은 비스카페라떼175ml(143),175ml*30,30,216.6667,6500.001,273.3333,8199.999,0.2615,79590,2653,0,0,,,
기본 대분류,음료-B동,동서식품,004043,24-173,티오피 마스터라떼275(6팩)/110,275ml*24,24,833.335,20000.04,1041.6667,25000.0008,0.25,648,27,0,0,,,
기본 대분류,음료-B동,동서식품,004044,24-35-01,티오피 마스터라떼380(6팩)/80,380ml*24,24,1064.125,25539,1250,30000,0.1747,2112,88,0,0,,,
기본 대분류,음료-B동,동서식품,004045,24-35-02,티오피 스위트아메리카노380(6팩)/80,380ml*24,24,1064.125,25539,1250,30000,0.1747,1416,59,0,0,,,
기본 대분류,음료-B동,동서식품,004046,24-35-03,티오피 더블랙380(6팩)/80,380ml*24,24,1064.125,25539,1250,30000,0.1747,528,22,0,0,,,
기본 대분류,음료-B동,HK이노앤,004047,55-01-06,컨디션스틱 자두맛 18g,18g200,200,730,146000,900,180000,0.2329,0,0,0,0,,,
기본 대분류,음료-B동,HK이노앤,004048,55-01-07,컨디션스틱 망고맛 18g,18g*200,200,730,146000,900,180000,0.2329,0,0,0,0,,,
기본 대분류,음료-B동,현대약품,004049,28-52-02,미에로 스파클링제로250ml (120),250ml*30,30,402.1333,12063.999,510,15300,0.2682,20970,699,0,0,,,
기본 대분류,통조림-C동,기타,004050,,2번 (360*285*290),,1,522.5,522.5,0,0,-1,38010,38010,0,0,,,
기본 대분류,통조림-C동,기타,004051,,3번 (350*290*330),,1,539,539,0,0,-1,59930,59930,0,0,,,
기본 대분류,통조림-C동,기타,004052,,16호뚱캔 (415*284*259),,1,539,539,0,0,-1,57915,57915,0,0,,,
기본 대분류,통조림-C동,기타,004053,,TOP (350*290*375),,1,550,550,700,700,0.2727,8000,8000,0,0,,,
기본 대분류,통조림-C동,기타,004054,,17호소캔,,1,407,407,640,640,0.5725,5500,5500,0,0,,,
기본 대분류,세제외-A동,해표사조,004055,91-51-14,★면세★ 사조 태양초고추장1.9kg,1.9kg*(1.5kg+400g)*6,6,2700,16200,6000,36000,1.2222,0,0,0,0,,,
기본 대분류,세제외-A동,해표사조,004056,91-51-15,★면세★ 사조 맛있는양념쌈장진1.9kg,1.9kg*(1.5kg+400g)*6,6,2700,16200,6000,36000,1.2222,0,0,0,0,,,
기본 대분류,세제외-A동,해표사조,004057,15-04-14,사조 자연산골뱅이300g,300g*24,24,2800,67200,6250,150000,1.2321,0,0,0,0,,,
기본 대분류,음료-B동,해태음료,004058,32-01-05,해태 봉봉 아이스티제로 복숭아500ml,500ml*24,24,935.585,22454.04,1191.6667,28600.0008,0.2737,0,0,0,0,,,
기본 대분류,음료-B동,해태음료,004059,32-01-06,해태 봉봉 아이스티제로 자몽500ml,500ml*24,24,935.585,22454.04,1191.6667,28600.0008,0.2737,0,0,0,0,,,
기본 대분류,통조림-C동,기타,004060,,5번 (340*340*255),,1,0,0,0,0,0,3200,3200,0,0,,,
기본 대분류,음료-B동,코카콜라,004061,31-50-04,코카콜라/토레타제로500,500ml*24,24,753.7917,18091.0008,991.6667,23800.0008,0.3156,360,15,0,0,,,
기본 대분류,음료-B동,광동제약,004062,20-02-02,광동 옥수수수염차500ml(72),500ml*20,20,695.5,13910,800,16000,0.1503,2060,103,0,0,,,
기본 대분류,음료-B동,롯데칠성음료,004064,27-100-01,아이시스500/롯데칠성(96),500ml*20,20,133.85,2677,3,60,-0.9776,11520,576,0,0,,,
기본 대분류,통조림-C동,기타,004065,,18번 (425*285*285),,1,561,561,0,0,-1,34970,34970,0,0,,,
기본 대분류,통조림-C동,기타,004066,,15호뚱 소캔 (420*290*195),,1,495,495,530,530,0.0707,-16008,-16008,0,0,,,
기본 대분류,음료-B동,롯데칠성음료,004067,27-15-06,펩시콜라 제로파인애플355ml,355ml*24,24,620.4585,14891.003999999999,650,15600,0.0476,0,0,0,0,,,
기본 대분류,음료-B동,가야웅진,004068,23-13-04,웅진아침햇살고구마 500,500ml*20,20,1000,20000,1200,24000,0.2,0,0,0,0,,,
기본 대분류,음료-B동,가야웅진,004069,23-13-02,웅진아침햇살옥수수 500,500ml*20,20,1000,20000,1200,24000,0.2,0,0,0,0,,,
기본 대분류,음료-B동,가야웅진,004070,81-12-02,웅진 자연은샤인머스켓캔180ml (132),180ml*30,30,100,3000,266.6667,8000.001,1.6667,0,0,0,0,,,
기본 대분류,음료-B동,광동제약,004071,20-09-01,광동헛개1.5(52),(1.5L*12),12,1123.5,13482,1375,16500,0.2239,1500,125,0,0,,,
기본 대분류,음료-B동,해태음료,004072,12-15-02,해태 큰집식혜 24입,238ml*24,24,388.625,9327,562.5,13500,0.4474,0,0,0,0,,,
기본 대분류,음료-B동,동서식품,004073,24-071-10,맥스웰 마스터블랙(6팩)500,(500ml*24),24,893.8335,21452.004,1000,24000,0.1188,0,0,0,0,,,
기본 대분류,음료-B동,동서식품,004074,24-071-08,맥스웰 마스터라떼(6팩)500,(500ml*24),24,893.8335,21452.004,1000,24000,0.1188,0,0,0,0,,,
기본 대분류,음료-B동,동서식품,004075,24-071-09,맥스웰 마스터스위트블랙(6팩)500,(500ml*24),24,893.8333,21451.9992,1000,24000,0.1188,0,0,,0,,,
기본 대분류,음료-B동,광동제약,004076,20-08-04,광동헛개500ml(72),500ml*20,20,695.5,13910,800,16000,0.1503,1840,92,0,0,,,
기본 대분류,음료-B동,광동제약,004077,20-03-01,광동 옥수수수염1.5(52),(1.5*12),12,1123.5,13482,1375,16500,0.2239,624,52,0,0,,,
기본 대분류,음료-B동,팔도,004078,22-13-04,빅 뽀로로제로 밀크,360ml*24,24,832.5833,19981.9992,1066.6667,25600.0008,0.2812,0,0,0,0,,,
기본 대분류,음료-B동,팔도,004079,22-13-05,빅 뽀로로제로 딸기,360ml*24,24,832.5833,19981.9992,1066.6667,25600.0008,0.2812,0,0,0,0,,,
기본 대분류,음료-B동,코카콜라,004080,100-99,씨그램플레인 190,190ml*30,30,240.6,7218,290,8700,0.2053,0,0,0,0,,,
기본 대분류,음료-B동,롯데칠성음료,004081,27-37-02,펩시콜라제로 라임355(소매점용)(99),355ml*24,24,620.4583,14890.9992,687.5,16500,0.1081,0,0,0,0,,,
기본 대분류,통조림-C동,기타,004082,,4호 (315*335*295),,1,605,605,0,0,-1,2500,2500,0,0,,,
기본 대분류,음료-B동,코카콜라,004083,31-48,환타파인제로 355,355*24,24,551.9479,13246.7496,637.5,15300,0.155,0,0,0,0,,,
기본 대분류,세제외-A동,팔도,004084,54-21-01,팔도비빔면 2 (32입),4*8,32,671.875,21500,931.25,29800,0.386,0,0,0,0,,,
기본 대분류,음료-B동,가야웅진,004085,26-27-07,웅진 티즐 제로 딸기루이보스500 (80),500ml*20,20,707.3,14146,850,17000,0.2018,0,0,0,0,,,
기본 대분류,음료-B동,가야웅진,004086,23-58,웅진 자연은 더말린 제로 리치 500,500ml*20,20,791.65,15833,950,19000,0.2,0,0,0,0,,,
기본 대분류,음료-B동,동원음료,004087,12-37-03,동원헛개차350 (24입),350ml*24,24,250,6000,500,12000,1,0,0,0,0,,,
기본 대분류,통조림-C동,기타,004088,,A-5호 낱장(패드) (1100*440),,1,0,0,0,0,0,4000,4000,0,0,,,
기본 대분류,음료-B동,CJ제일제당,004089,45-10-05,Cj 스팸3k호/4세트(32),[(200g*6)+(300g*6)]*4,4,38000,152000,50000,200000,0.3158,0,0,0,0,,,
기본 대분류,음료-B동,롯데칠성음료,004090,27-91-03,롯데립톤복숭아제로뚱캔355ml,(355ml*24),24,438.75,10530,583.335,14000.04,0.3295,2088,87,0,0,,,
기본 대분류,음료-B동,광동제약,004091,20-90-09,광동 썬키스트 포도주스1.5,1.5L*12,12,2805,33660,3750,45000,0.3369,0,0,0,0,,,
기본 대분류,음료-B동,광동제약,004092,20-90-10,광동 썬키스트 사과주스1.5,1.5L*12,12,2398,28776,3500,42000,0.4595,0,0,0,0,,,
기본 대분류,음료-B동,광동제약,004093,20-90-11,광동 썬키스트 감귤주스1.5L(48),1.5L*12,12,1450,17400,1666.6667,20000.0004,0.1494,1848,154,0,0,,,
기본 대분류,통조림-C동,CJ제일제당,004095,45-12-06,CJ 스팸특별한선택 H-2호 (32)/5세트,(스팸클120g*4+카놀라유2+올리고당1)*5,5,13500,67500,17200,86000,0.2741,435,87,0,0,,,
기본 대분류,음료-B동,동원음료,004097,12-30,동원 양반 이천쌀 식혜238ml(140),238ml*24,24,348.5833,8365.9992,479.1667,11500.0008,0.3746,-24,-1,0,0,,,
기본 대분류,음료-B동,동원음료,004099,34-21,동원 레몬녹차350  (24입),350ml*24,24,397.0417,9529.0008,541.6667,13000.0008,0.3643,6696,279,0,0,,,
기본 대분류,음료-B동,코카콜라,004100,81-22-03,조지아 크래프트 블랙470,470ml*24,24,1022.75,24546,1750,42000,0.7111,0,0,0,0,,,
기본 대분류,음료-B동,가야웅진,004102,23-59,웅진 자연은 더말린 제로배500,(500ml*20),20,791.65,15833,950,19000,0.2,0,0,0,0,,,
기본 대분류,세제외-A동,기타,004141,,금성 초순수 증류수,2L,1,9900,9900,13200,13200,0.3333,96,96,0,0,,,
기본 대분류,세제외-A동,성진켐,004142,04-01,성진켐 리오락스 1L,1L*12,12,500,6000,666.6667,8000.0004,0.3333,600,50,0,0,,,
기본 대분류,세제외-A동,성진켐,004143,04-01-01,성진켐 리오락스 2L(60),2L*6,6,916.6667,5500.0002,1216.6667,7300.0002,0.3273,1350,225,0,0,,,
기본 대분류,세제외-A동,기타,004144,16-32,신세계 파인애플슬라이스3kg,3kg*6,6,7400,44400,9666.6667,58000.000199999995,0.3063,0,0,0,0,,,
기본 대분류,음료-B동,하이트진로,004145,30-12-00,블랙보리누룽지 520ml,520ml*20,20,735,14700,800.05,16001,0.0885,200,10,0,0,,,
기본 대분류,음료-B동,코카콜라,004146,31-17-00,스프라이트슬림 245(업소용),245ml*30,30,454.8052,13644.156,606.6667,18200.001,0.3339,1200,40,0,0,,,
기본 대분류,세제외-A동,굿프랜드,004147,67-73,우리곡물 크리스피롤23 크림치즈,500g*8,8,5100,40800,7587.5,60700,0.4877,449,56,1,0,,,
기본 대분류,세제외-A동,굿프랜드,004148,67-73-01,우리곡물 크리스피롤23 인절미,500g*8,8,5100,40800,7587.5,60700,0.4877,1,0,1,0,,,
기본 대분류,음료-B동,해태음료,004150,32-01-01,해태포도봉봉제로340,340ml*24,24,535.4583,12850.9992,725,17400,0.354,0,0,0,0,,,
기본 대분류,세제외-A동,태원,004151,36-83-06,태원종이컵 (72),(6.5온스*20),20,340,6800,450,9000,0.3235,80,4,0,0,,,
기본 대분류,통조림-C동,CJ제일제당,004152,08-37-05,백설 고소함가득 참기름 450ml,4540ml*12,12,4300,51600,5666.6667,68000.00039999999,0.3178,0,0,0,0,,,
기본 대분류,음료-B동,코카콜라,004153,31-07-01,태양의 마테차 500,500ml*24,24,556.4531,13354.874399999999,829.1667,19900.0008,0.4901,0,0,0,0,,,
기본 대분류,음료-B동,가야웅진,004154,23-34-05,웅진 자연은사과캔 180(132),180ml*30,30,213.335,6400.05,266.6667,8000.001,0.25,0,0,0,0,,,
기본 대분류,음료-B동,코카콜라,004155,31-48-01,환타오렌지제로 355,355ml/*24,24,568.5064,13644.1536,816.6667,19600.0008,0.4365,0,0,0,0,,,
기본 대분류,음료-B동,가야웅진,004156,23-19-05,웅진 초록매실스파클링제로펫350,(350ml*24),24,486.0833,11665.9992,666.6667,16000.0008,0.3715,0,0,0,0,,,
기본 대분류,통조림-C동,동원에프앤비,004157,50-71-02,동원스페셜5호/ 5세트(BOX)/32,(살코기90g*6+리챔120g*3+카놀*2)*5,5,18500,92500,24600,123000,0.3297,497,99,2,0,,,
기본 대분류,통조림-C동,동원에프앤비,004158,50-71-03,동원프리미엄60호 / 5세트(BOX) (16),(살코기90g*9+참치액*1+참기름*2+요리유*2),5,22500,112500,29400,147000,0.3067,0,0,0,0,,,
기본 대분류,세제외-A동,애경,004159,45-20-+01,애경사랑다온14호(5세트)(32),(1세트)*5,5,9550,47750,11000,55000,0.1518,3,0,3,0,,,
기본 대분류,세제외-A동,애경,004160,45-20-02,애경사랑19호(4세트)(24),(1세트)*4,4,11940,47760,14000,56000,0.1725,0,0,0,0,,,
기본 대분류,통조림-C동,동원에프앤비,004161,51-30-03,동원참치T18호 / 3세트 (32),(살코기135g*18)*3,3,37800,113400,49000,147000,0.2963,33,11,0,0,,,
기본 대분류,세제외-A동,(주)에이플러스,004162,67-74,명가 꽈배기 참깨 (45),500g*16,16,4200,67200,5375,86000,0.2798,102,6,6,0,,,
기본 대분류,세제외-A동,(주)에이플러스,004163,67-74-01,명가 꽈배기 흑당 (45),500g*16,16,4200,67200,5375,86000,0.2798,730,45,10,0,,,
기본 대분류,음료-B동,가야웅진,004164,23-10-02,웅진 자연은달콤감귤 1.5 (48),1.5L*12,12,1416.6667,17000.0004,1666.6667,20000.0004,0.1765,132,11,0,0,,,
기본 대분류,음료-B동,기타음료,004165,27-04-07,롯데 밀키스제로딸기바나나250,(250ml*30),30,524.7333,15741.999,600,18000,0.1434,0,0,0,0,,,
기본 대분류,음료-B동,코카콜라,004166,31-47-03,환타제로오렌지350ml(일반),(350ml*24),24,578.1336,13875.2064,691.6667,16600.0008,0.1964,456,19,0,0,,,
기본 대분류,음료-B동,코카콜라,004167,31-47-04,환타제로파인350ml(일반),(350ml*24),24,612.5,14700,719.5833,17269.9992,0.1748,288,12,0,0,,,
기본 대분류,음료-B동,코카콜라,004168,31-47-05,환타제로포도350ml(일반),(350ml*24),24,612.5,14700,719.5833,17269.9992,0.1748,360,15,0,0,,,
기본 대분류,음료-B동,코카콜라,004169,31-44-07,환타오렌지500ml(업소),(500ml*24),24,668.2083,16036.9992,816.6667,19600.0008,0.2222,0,0,0,0,,,
기본 대분류,음료-B동,기타음료,004170,31-43,환타오렌지190 (126),,0,0,0,0,0,0,0,0,0,0,,,
기본 대분류,음료-B동,기타음료,004171,31-42-01,환타파인250,,0,0,0,0,0,0,-30,0,-30,0,,,
기본 대분류,세제외-A동,기타,004172,,요소수 10L,10L*1,1,7700,7700,9500,9500,0.2338,150,150,0,0,,,
기본 대분류,음료-B동,하이트진로,004173,30-12-99,블랙보리누룽지 1.5L,1.5L*12,12,1145.835,13750.02,1500,18000,0.3091,0,0,0,0,,,
기본 대분류,음료-B동,기타음료,004174,,면세 거래선DC,,1,0,0,0,0,0,-1,-1,0,0,,,
기본 대분류,음료-B동,CJ제일제당,004175,15-03-10,스팸클래식 300g (96),(300g*20),20,3000,60000,4000,80000,0.3333,1035,51,15,0,,,
기본 대분류,음료-B동,기타음료,004176,15-02-11,스팸마일드 25% 라이트 300g,(300g*20),20,3200,64000,4000,80000,0.25,0,0,,0,,,
기본 대분류,음료-B동,CJ제일제당,004177,15-03-11,스팸 마일드 25%라이트300g,(300g*20),20,3065,61300,4000,80000,0.3051,160,8,0,0,,,
기본 대분류,음료-B동,동원음료,004178,12-18-01,동원 쿨피스톡제로 파인애플펫340(77),(340ml*24),24,419.75,10074,625,15000,0.489,0,0,0,0,,,
기본 대분류,음료-B동,남양유업,004179,21-003-03,과수원팩(오렌지),190ml*24,24,241.6667,5800.0008,312.5,7500,0.2931,0,0,0,0,,,
기본 대분류,통조림-C동,주동서,004180,11-74-06,동서 리치스파인애플(슬)3kg (48),3kg*6,6,10165,60990,12000,72000,0.1805,0,0,0,0,,,
기본 대분류,음료-B동,동아제약,004181,28-43,모닝케어 프레스온 양배추G(위)/56,106g*(10병*5),50,1650,82500,2200,110000,0.3333,0,0,0,0,,,
기본 대분류,음료-B동,동아제약,004182,28-43-01,모닝케어 프레스온 밀크씨슬H(간)/56,106g*(10병*5),50,1583.6847,79184.235,2200,110000,0.3892,1600,32,0,0,,,
기본 대분류,음료-B동,해태음료,004183,32-30-03,갈아만든배 사이다제로355,(355ml*24),24,505.7854,12138.8496,750,18000,0.4828,0,0,0,0,,,
기본 대분류,음료-B동,가야웅진,004184,23-13-01,웅진아침햇살제로500,(500ml*20),20,1000,20000,1200,24000,0.2,0,0,0,0,,,
기본 대분류,음료-B동,가야웅진,004185,23-60,웅진 카무트현미차(아셉틱)500,(500ml*20),20,615.4,12308,800,16000,0.3,0,0,0,0,,,
기본 대분류,음료-B동,가야웅진,004186,23-19-06,웅진 초록매실스파클링제로캔350,(350ml*24),24,485.9583,11662.9992,645.8333,15499.9992,0.329,0,0,0,0,,,
기본 대분류,세제외-A동,선푸드,004187,66-07,선푸드 검은깨쌀누룽지칩,270g*10,10,5000,50000,6650,66500,0.33,64,6,4,0,,,
기본 대분류,세제외-A동,선푸드,004188,66-01,선푸드 고소한 누룽지칩 콩,180g*20,20,1600,32000,2100,42000,0.3125,-18,0,-18,0,,,
기본 대분류,세제외-A동,선푸드,004189,66-01-01,선푸드 고소한 누룽지칩(백미현미),180g*20,20,1600,32000,2100,42000,0.3125,2,0,2,0,,,
기본 대분류,음료-B동,광동제약,004190,20-14-03,광동비타500 240캔(24입) (132),240ml*24,24,412.335,9896.039999999999,541.6667,13000.0008,0.3137,0,0,0,0,,,
기본 대분류,세제외-A동,선푸드,004191,66-06,선푸드 미니오색뻥,130g*20,20,1400,28000,1850,37000,0.3214,0,0,,0,,,
기본 대분류,음료-B동,코카콜라,004192,31-18-00,미닛메이드 쿠우오렌지 300,300ml*24,24,608.6667,14608.0008,750,18000,0.2322,0,0,0,0,,,
기본 대분류,음료-B동,대일,004193,35-18-11,참맑은 비스더블랙175ml (156),175ml*30,30,242.6667,7280.001,300,9000,0.2363,8760,292,0,0,,,
기본 대분류,음료-B동,일화,004194,29-16,일화 레몬녹차340 (144),340ml*20,20,418.4,8368,525,10500,0.2548,0,0,0,0,,,
기본 대분류,음료-B동,롯데칠성음료,004195,27-15-07,펩시콜라제로 모히또355(소매점용),355ml*24,24,617.5,14820,687.5,16500,0.1134,0,0,0,0,,,
기본 대분류,통조림-C동,동원에프앤비,004196,11-05-11,동원 고추참치기획135g(10입)/ 84,(135g*10)*6set),60,1500,90000,2046.6667,122800.002,0.3644,0,0,0,0,,,
기본 대분류,음료-B동,롯데칠성음료,004197,27-25-02,칠성사이다제로500 (업소용) (77),500ml*20,20,734.6178,14692.356,975,19500,0.3272,0,0,0,0,,,
기본 대분류,음료-B동,코카콜라,004198,31-16-01,파워에이드제로 1.5 (32),1.5L*12,12,1761.7778,21141.3336,2341.6667,28100.000400000004,0.3291,180,15,0,0,,,
기본 대분류,음료-B동,매일유업,004199,20-13-02,피크닉젤리 사과 8입 (64),(45g+8)*5,40,50,2000,1200,48000,23,0,0,0,0,,,
기본 대분류,음료-B동,매일유업,004200,20-13-03,피크닉젤리 청포도 8입 (64),(45g+8)*5,40,50,2000,1200,48000,23,0,0,0,0,,,
기본 대분류,음료-B동,매일유업,004201,20-13-04,피크닉젤리 복숭아 8입 (64),(45g+8)*5,40,50,2000,1200,48000,23,0,0,0,0,,,
기본 대분류,음료-B동,매일유업,004202,20-13-11,엔요 요구르트젤리 8입 (64),(45g+8)*5,40,0,0,0,0,0,0,0,,0,,,
기본 대분류,음료-B동,매일유업,004203,20-13-12,엔요 요구르트젤리(딸기) 8입 (64),(45g+8)*5,40,0,0,0,0,0,0,0,,0,,,
기본 대분류,음료-B동,하이트진로,004204,30-12-05,블랙보리제로라이트1.5,(1.5L*12),12,1175,14100,1500,18000,0.2766,0,0,0,0,,,
기본 대분류,통조림-C동,CJ제일제당,004205,15-04-01,스팸기획클래식300g(3입) (72/84),(300g*3)*8,24,3000,72000,4000,96000,0.3333,1368,57,0,0,,,
기본 대분류,음료-B동,일화,004206,29-30-02,키위 에이드340,(340ml*24),243,51.0905,12414.9915,57.6132,14000.007599999999,0.1277,0,0,0,0,,,
기본 대분류,음료-B동,코카콜라,004207,31-17-1,스피라이트제로chill350,(350ml*24),24,0,0,0,0,0,0,0,,0,,,
기본 대분류,음료-B동,코카콜라,004208,31-17-08,스프라이트 제로 chill 아이스블라스트350,(350ml*24),24,542.6667,13024.0008,650,15600,0.1978,0,0,0,0,,,
기본 대분류,음료-B동,코카콜라,004209,31-47-10,환타멜론350(일반),(350ml*24),24,612.5,14700,719.5833,17269.9992,0.1748,552,23,0,0,,,
기본 대분류,음료-B동,코카콜라,004210,31-47-11,환타 제로 상큼피치350(일반),(350ml*24),24,612.5,14700,719.5833,17269.9992,0.1748,384,16,0,0,,,
기본 대분류,세제외-A동,싱싱푸드,004211,65-53,싱싱푸드 양파를 품은 메밀칩,160g*8,8,1500,12000,2125,17000,0.4167,-10,-1,-2,0,,,
기본 대분류,세제외-A동,푸드킹,004212,65-53-01,푸드킹 대파맛 메밀칩,160g*10,10,1500,15000,2100,21000,0.4,283,28,3,0,,,
기본 대분류,음료-B동,하이트진로,004213,26-36,티도씨 자몽500,500ml*20,20,819.5045,16390.09,1200,24000,0.4643,0,0,0,0,,,
기본 대분류,음료-B동,하이트진로,004214,26-36-01,티도씨 체리500,500ml*20,20,819.5045,16390.09,1200,24000,0.4643,0,0,0,0,,,
기본 대분류,음료-B동,하이트진로,004215,30-13-01,티도씨체리500,(500ml*20),20,840.9,16818,1000,20000,0.1892,0,0,,0,,,
기본 대분류,음료-B동,HK이노앤,004216,55-72,새싹보리 블랙,500ml*24,24,605,14520,791.6667,19000.0008,0.3085,168,7,0,0,,,
기본 대분류,음료-B동,HK이노앤,004217,55-38,티로그 애플청포도 아이스티 제로 500,500ml*24,24,605,14520,791.6667,19000.0008,0.3085,720,30,0,0,,,
기본 대분류,음료-B동,HK이노앤,004218,55-38-01,티로그 루비자두 아이스티 제로 500,500ml*24,24,605,14520,791.6667,19000.0008,0.3085,504,21,0,0,,,
기본 대분류,통조림-C동,굿프랜드푸드(주),004219,66-08,우리곡물23 크리스피롤 미니 초코,1kg*3,3,8700,26100,10566.6667,31700.000099999997,0.2146,0,0,,0,,,
기본 대분류,통조림-C동,굿프랜드푸드(주),004220,66-08-01,우리곡물23 크리스피롤 미니 치즈,1kg*3,3,7950,23850,10566.6667,31700.000099999997,0.3291,0,0,,0,,,
기본 대분류,음료-B동,동원음료,004221,12-01-09,동원 윤곽나인제로500/54,(500ml*24),24,589.1667,14140.0008,750,18000,0.273,0,0,0,0,,,
기본 대분류,음료-B동,동아오츠카,004222,28-040-01,블랙빈테라티340,(340ml*20),20,782,15640,975,19500,0.2468,0,0,0,0,,,
기본 대분류,음료-B동,에이플러스,004223,48-34,NINE 야채크래커,440g*18,18,4300,77400,5666.6667,102000.0006,0.3178,8,0,8,0,,,
기본 대분류,음료-B동,에이플러스,004224,48-69,아임에이드 블루레몬에이드,230ml*(10개*5곽),50,400,20000,532,26600,0.33,490,9,40,0,,,
기본 대분류,음료-B동,에이플러스,004225,48-69-01,아임에이드 블루베리에이드,230ml*(10개*5곽),50,400,20000,532,26600,0.33,140,2,40,0,,,
기본 대분류,음료-B동,에이플러스,004226,48-69-02,아임에이드 레몬에이드,230ml*(10개*5곽),50,400,20000,532,26600,0.33,40,0,40,0,,,
기본 대분류,음료-B동,에이플러스,004227,48-69-03,아임에이드 수박에이드,230ml*(10개*5곽),50,400,20000,532,26600,0.33,1240,24,40,0,,,
기본 대분류,음료-B동,에이플러스,004228,48-69-04,아임에이드 망고에이드,230ml*(10개*5곽),50,400,20000,532,26600,0.33,100,2,0,0,,,
기본 대분류,음료-B동,에이플러스,004229,48-69-05,아임에이드 복숭아아이스티,230ml*(10개*5곽),50,400,20000,532,26600,0.33,630,12,30,0,,,
기본 대분류,음료-B동,코카콜라,004230,31-18-03,미닛메이드 시그니처토마토350,350ml*24,24,850.125,20403,970.8333,23299.9992,0.142,0,0,0,0,,,
기본 대분류,음료-B동,코카콜라,004231,31-46-02,환타멜론600,(600ml*24),24,1113.125,26715,1458.3333,34999.9992,0.3101,0,0,0,0,,,
기본 대분류,통조림-C동,기타,004232,,(450*300*400),,1,605,605,800,800,0.3223,200,200,0,0,,,
기본 대분류,음료-B동,코카콜라,004233,31-17-09,스프라이트350,(350ml*24),24,597.4195,14338.068,741.6667,17800.0008,0.2415,480,20,0,0,,,
기본 대분류,음료-B동,코카콜라,004234,31-17-10,스프라이트제로350,(350ml*24),24,637.5,15300,741.6667,17800.0008,0.1634,120,5,0,0,,,
기본 대분류,음료-B동,일화,004235,29-67,일화 팅글 레몬애사비소다,250ml*30,30,438.0187,13140.561000000002,600,18000,0.3698,0,0,0,0,,,
기본 대분류,음료-B동,커피앤칵테일,004236,65-01-03,페리에 라임500ml(72),(500ml*24),24,1270.5,30492,1604.1667,38500.0008,0.2626,0,0,,0,,,
기본 대분류,음료-B동,기타음료,004237,31-22,코카콜라제로250(99),,0,0,0,0,0,0,16,0,16,0,,,
기본 대분류,음료-B동,코카콜라,004238,31-47-12,환타오렌지355(일반),(355ml*24),24,578.125,13875,750,18000,0.2973,168,7,0,0,,,
기본 대분류,음료-B동,코카콜라,004239,31-47-13,환타파인355(일반),(355ml*24),24,578.125,13875,691.6667,16600.0008,0.1964,624,26,0,0,,,
기본 대분류,음료-B동,코카콜라,004240,31-47-14,환타포도350(일반),(350ml*24),24,550.5835,13214.003999999999,695.8333,16699.9992,0.2638,1680,70,0,0,,,
기본 대분류,음료-B동,기타음료,004241,29-68,분다버그핑크그레이프푸르트375(110),(375ml*12),12,1536.3333,18435.9996,2000,24000,0.3018,0,0,0,0,,,
기본 대분류,음료-B동,동아오츠카,004242,28-06-01,화이브미니 (50입),100ml*50,50,938.4,46920,1200,60000,0.2788,150,3,0,0,,,
기본 대분류,음료-B동,기타음료,004243,23-19-09,웅진 초록매실스파클링제로캔350,(350ml*24),24,538.1667,12916.0008,645.8333,15499.9992,0.2001,0,0,0,0,,,
기본 대분류,음료-B동,청정원,004244,01-19-10,청정원 스페셜S호/4세트(32),,4,11300,45200,13000,52000,0.1504,447,111,3,0,,,
기본 대분류,음료-B동,기타음료,004245,IMADE10EA-48-69-09,아임에이드 블루레몬에이드 230ml*10 [IMADE10EA-48-69],,0,0,0,0,0,0,0,0,0,0,,,
기본 대분류,세제외-A동,CJ제일제당,004246,45-10-09, CJ 스팸12K호 (40) (4세트),(스팸200+8)*4,4,20000,80000,26000,104000,0.3,666,166,2,0,,,
기본 대분류,음료-B동,롯데칠성음료,004247,27-21-05,롯데칠성 델몬트오렌지드링크팩190,(190ml*32),32,288.9375,9246,375,12000,0.2979,0,0,0,0,,,
기본 대분류,음료-B동,롯데칠성음료,004248,27-21-06,롯데칠성 델몬트사과드링크팩190,(190ml*32),32,288.9375,9246,375,12000,0.2979,0,0,0,0,,,
기본 대분류,음료-B동,롯데칠성음료,004249,27-21-07,롯데칠성 델몬트망고드링크팩190,(190ml*32),32,288.9375,9246,375,12000,0.2979,0,0,0,0,,,
기본 대분류,음료-B동,롯데칠성음료,004250,27-39-05,롯데칠성 쌕쌕오렌지240,(240ml*30),30,399,11970,550,16500,0.3784,0,0,0,0,,,
기본 대분류,음료-B동,롯데칠성음료,004251,27-75-06,롯데칠성 오늘의차 옥수수수염펫500,(500ml*24,24,684,16416,800,19200,0.1696,0,0,0,0,,,
기본 대분류,음료-B동,롯데칠성음료,004252,27-21-08,롯데칠성 델몬트포도드링크팩190,(190ml*32),32,288.9375,9246,375,12000,0.2979,320,10,0,0,,,
기본 대분류,음료-B동,롯데칠성음료,004253,27-04-04,밀키스제로500 (6입),500ml*6,6,880.5667,5283.4002,1000,6000,0.1356,54,9,0,0,,,
기본 대분류,음료-B동,광동제약,004254,20-67,광동 발효홍삼골드,100ml*(14*5),70,1142.8579,80000.053,1371.4286,96000.002,0.2,0,0,0,0,,,
기본 대분류,음료-B동,광동제약,004255,20-67-01,광동 산삼배양근진액,100ml*(12*5),60,1333.335,80000.1,1600,96000,0.2,0,0,0,0,,,
기본 대분류,음료-B동,롯데칠성음료,004256,27-24-03,게토레이 블루볼트600,(600ml*6),6,1090.1222,6540.733200000001,1250,7500,0.1467,48,8,0,0,,,
기본 대분류,음료-B동,현대약품,004257,28-13-36,현대약품 흑생,(75ml*10입)*5,5,9500,47500,12000,60000,0.2632,0,0,0,0,,,
기본 대분류,음료-B동,기타음료,004258,00-01,택배비 - 2100,,1,0,0,0,0,0,-467,-467,0,0,,,
기본 대분류,통조림-C동,CJ제일제당,004259,45-28,CJ스팸복합100호 / 3세트(32),(카놀*2+스팸200g*8+340*2+120*2),3,34500,103500,38500,115500,0.1159,0,0,0,0,,,
기본 대분류,음료-B동,팔도,004260,22-04-08,비락수정과1.5 (12입),1.5L*12,12,2678,32136,3075,36900,0.1482,96,8,0,0,,,
기본 대분류,음료-B동,일화,004261,29-63,일화 6년근 통째로먹는 고려 홍삼정과,320g(40g*8입)*10,10,31000,310000,35600,356000,0.1484,0,0,0,0,,,
기본 대분류,음료-B동,가야웅진,004262,23-22-02,웅진 자색옥수수수염차500,(500ml*20),20,576.9,11538,800,16000,0.3867,0,0,0,0,,,
기본 대분류,음료-B동,가야웅진,004263,23-39-02,웅진 자색옥수수수염차1.5,(1.5L*12),12,1057.6667,12692.0004,1375,16500,0.3,0,0,0,0,,,
기본 대분류,음료-B동,가야웅진,004264,23-50-05,웅진 자연은배1.5,(1.5*12),12,2083.3333,24999.999599999996,2500,30000,0.2,0,0,0,0,,,
기본 대분류,음료-B동,기타음료,004265,27-12-05,롯데칠성 레쓰그란데라떼500(6입),(500ml*6),6,940.5,5643,1666.6667,10000.0002,0.7721,0,0,0,0,,,
기본 대분류,음료-B동,기타음료,004266,28-24-10,나랑드사이다1.5,(1.5*12),12,1173,14076,1500,18000,0.2788,0,0,0,0,,,
기본 대분류,음료-B동,기타음료,004267,23-39..,웅진 옥수수수염차 1.5L 12개,,0,0,0,0,0,0,0,0,0,0,,,
기본 대분류,통조림-C동,동원에프앤비,004268,11-01-04,동원 고추참치135g,135g*48,48,1600,76800,2000,96000,0.25,0,0,0,0,,,
기본 대분류,음료-B동,코카콜라,004269,31-24-05,닥터페퍼 제로 스트로베리크림350,(350ml*24),24,537.1667,12892.0008,679.1667,16300.0008,0.2643,480,20,0,0,,,
기본 대분류,음료-B동,롯데칠성음료,004270,27-014-02,핫식스 더킹 퍼플그레이프355,(355*24),24,899.4167,21586.0008,1000,24000,0.1118,0,0,0,0,,,
기본 대분류,통조림-C동,네이처프라임,004271,52-86,김소형 원방 흑염소 진액스틱,15g*100p,1,20000,20000,22600,22600,0.13,0,0,0,0,,,
기본 대분류,통조림-C동,네이처프라임,004272,52-86-01,동의삼 침향기력보환,(3.75g*60)*10,1,18200,18200,20500,20500,0.1264,0,0,0,0,,,
기본 대분류,통조림-C동,CJ제일제당,004273,45-12-05,CJ최고의선택 레드라벨/ 3세트,(스팸200g*8+스팸120g*5+카놀라*2),3,41400,124200,47666.6667,143000.0001,0.1514,0,0,,0,,,
기본 대분류,음료-B동,롯데칠성음료,004274,27-75-08,롯데칠성 오늘의차 황금보리500,(500ml*24),24,687.3333,16495.9992,1000,24000,0.4549,0,0,0,0,,,
기본 대분류,음료-B동,기타음료,004275,"24-173, 24-175","TOP(티오피) 마스터 / 블랙(275ml,24+24)[T]",,0,0,0,0,0,0,0,0,0,0,,,
기본 대분류,음료-B동,코카콜라,004276,31-22-05,코카콜라350,(350ml*24),24,1123.6667,26968.0008,1212.5,29100,0.0791,0,0,0,0,,,
기본 대분류,음료-B동,코카콜라,004277,31-22-06,코카콜라제로350,(350ml*24),24,1123.6667,26968.0008,1212.5,29100,0.0791,0,0,0,0,,,
기본 대분류,음료-B동,기타음료,004278,31-22-07,코카콜라제로레몬350,(350ml*24),24,1123.6667,26968.0008,1212.5,29100,0.0791,0,0,0,0,,,
기본 대분류,음료-B동,현대약품,004279,28-53-05,미에로 꿀모과배숙,(280ml*24),24,396,9504,875,21000,1.2096,0,0,0,0,,,
기본 대분류,통조림-C동,동원에프앤비,004280,11-40-002,동원참치기획100g(살3+고2),(살코기100g*3+고추100g*2)*20,100,1250,125000,2000,200000,0.6,0,0,0,0,,,
기본 대분류,통조림-C동,기타,004281,,보냉박스 대 (410*330*290),,1,0,0,0,0,0,1500,1500,0,0,,,
기본 대분류,음료-B동,한국쥬맥스,004282,36-50,모구모구 리치맛320ml,320ml*24,24,699.0417,16777.0008,954.1667,22900.0008,0.365,2136,89,0,0,,,
기본 대분류,음료-B동,한국쥬맥스,004283,36-51,모구모구 피치맛320ml,320ml*24,24,699.0417,16777.0008,954.1667,22900.0008,0.365,240,10,0,0,,,
기본 대분류,음료-B동,한국쥬맥스,004284,36-52,모구모구 요거트맛320ml,320ml*24,24,699.0417,16777.0008,954.1667,22900.0008,0.365,984,41,0,0,,,
기본 대분류,음료-B동,한국쥬맥스,004285,36-53,모구모구 망고맛320ml,320ml*24,24,699.0417,16777.0008,954.1667,22900.0008,0.365,984,41,0,0,,,
기본 대분류,음료-B동,로얄플러스,004286,36-40,웰 바질시드 리치맛290ml,290ml12,12,990,11880,1575,18900,0.5909,276,23,0,0,,,
기본 대분류,음료-B동,로얄플러스,004287,36-41,웰 바질시드 망고맛290ml,290ml*12,12,990,11880,1575,18900,0.5909,120,10,0,0,,,
기본 대분류,음료-B동,로얄플러스,004288,36-42,웰 바질시드 백포도맛290ml,290ml*12,12,990,11880,1575,18900,0.5909,0,0,0,0,,,
기본 대분류,음료-B동,로얄플러스,004289,36-43,웰 바질시드 블루베리맛290ml,290ml*12,12,990,11880,1575,18900,0.5909,24,2,0,0,,,
기본 대분류,음료-B동,로얄플러스,004290,36-44,웰 바질시드 패션푸르트맛290ml,290ml*12,12,990,11880,1191.6667,14300.0004,0.2037,0,0,0,0,,,
기본 대분류,세제외-A동,푸드킹,004291,65-53-02,김에빠진 메밀칩,160g*8,8,1500,12000,1812.5,14500,0.2083,394,49,2,0,,,
기본 대분류,잡화-S동,삼아씨에프,004292,18-03-20-01,삼아황도슬라이스,2.9kg*6,6,7480,44880,9000,54000,0.2032,300,50,0,0,,,
기본 대분류,잡화-S동,삼아씨에프,004293,18-48-04-01,삼아키드니빈스400g,400g*24,24,1023,24552,1250,30000,0.2219,1008,42,0,0,,,
기본 대분류,잡화-S동,삼아씨에프,004294,18-131-30-01,삼아완두콩3kg,3kg*6,6,4290,25740,5300,31800,0.2354,158,26,2,0,,,
기본 대분류,잡화-S동,삼아씨에프,004295,18-220-20-01,삼아밤감로자홀,2950g*6,6,19580,117480,23500,141000,0.2002,6,1,0,0,,,
기본 대분류,잡화-S동,삼아씨에프,004296,18-216-20-01,삼아베이크드빈스2.6kg,2.6kg*6,6,4895,29370,5900,35400,0.2053,252,42,0,0,,,
기본 대분류,잡화-S동,삼아씨에프,004297,18-48-20-01,삼아키드니빈스2.5kg,2.5kg*6,6,5500,33000,6666.6667,40000.000199999995,0.2121,102,17,0,0,,,
기본 대분류,잡화-S동,삼아씨에프,004298,18-311-08-01,삼아파인원액,835ml*12,12,2156,25872,2600,31200,0.2059,300,25,0,0,,,
기본 대분류,잡화-S동,삼아씨에프,004299,18-311-08-02,삼아키위원액,835ml*12,12,2156,25872,2591.6667,31100.000400000004,0.2021,397,33,1,0,,,
기본 대분류,잡화-S동,삼아씨에프,004300,18-311-08-03,삼아오렌지원액,835ml*12,12,2112,25344,2591.6667,31100.000400000004,0.2271,96,8,0,0,,,
기본 대분류,잡화-S동,삼아씨에프,004301,18-311-08-04,삼아딸기원액,835ml*12,12,2112,25344,2591.6667,31100.000400000004,0.2271,72,6,0,0,,,
기본 대분류,세제외-A동,(주)동선식품,004302,62-39-01,튀룽 갈릭어니언맛,77g*20,20,1350,27000,1600,32000,0.1852,18,0,18,0,,,
기본 대분류,세제외-A동,(주)동선식품,004303,62-39,튀룽 오리지널맛,77g*20,20,1350,27000,1600,32000,0.1852,18,0,18,0,,,
기본 대분류,세제외-A동,(주)동선식품,004304,62-39-02,튀룽 매콤떡볶이맛,77g*20,20,1350,27000,1600,32000,0.1852,178,8,18,0,,,
기본 대분류,세제외-A동,(주)동선식품,004305,62-39-03,튀룽 구운오징어맛,77g*20,20,1350,27000,1600,32000,0.1852,218,10,18,0,,,
기본 대분류,잡화-S동,대봉식품,004306,96-177-05-01,대봉 삼색푸실리,500g*24,24,1300,31200,1587.5,38100,0.2212,216,9,0,0,,,
기본 대분류,음료-B동,르씨엘,004307,95-256-09-01,르씨엘 레몬후르츠쥬스,946ml*12,12,2915,34980,3500,42000,0.2007,12,1,0,0,,,
기본 대분류,잡화-S동,미드봉,004308,94-28-03-01,미드봉 크러쉬드레드페퍼 면세,340g*12,12,6800,81600,8400,100800,0.2353,-36,-3,0,0,,,
기본 대분류,잡화-S동,미드봉,004309,94-01-04-01,미드봉 흑후추 면세,400g*20,0,0,0,0,0,0,0,0,0,0,,,
기본 대분류,잡화-S동,영흥식품,004310,93-121-02-01,영흥 오토터키산 월계수잎,230g*6,6,5000,30000,6000,36000,0.2,18,3,0,0,,,
기본 대분류,잡화-S동,정성식품,004311,92-288-20-04,정성 잡화꿀,2.4kg*8,8,4500,36000,5400,43200,0.2,0,0,0,0,,,
기본 대분류,잡화-S동,대상,004312,36-152-20-02,대상 청정원 돼지불고기양념 2kg,2kg*8,8,8700,69600,10437.5,83500,0.1997,0,0,0,0,,,
기본 대분류,잡화-S동,백설,004313,15-244-10-01,백설 맛소금,1kg*10,10,2650,26500,3300,33000,0.2453,30,3,0,0,,,
기본 대분류,잡화-S동,네슬레,004315,18-294-10-01,네슬레 메기 치킨스톡,1.2kg*6,6,10400,62400,12500,75000,0.2019,0,0,0,0,,,
기본 대분류,음료-B동,기타음료,004316,14-52-05,크리스탈무라벨 500ml (119),(500ml*20),20,90,1800,175,3500,0.9444,-100400,-5020,0,0,,,
기본 대분류,잡화-S동,신영에프에스,004317,97-25-02-01,신영 페페로치노홀200g/면세,200g*12,12,18800,225600,22250,267000,0.1835,0,0,0,0,,,
기본 대분류,잡화-S동,토호식품,004318,98-40-05-01,토호 튀긴마늘슬라이스500g,500g*12,12,7200,86400,8750,105000,0.2153,0,0,0,0,,,
기본 대분류,잡화-S동,아담스팜코리아,004319,99-79-10-01,아담스 파마산치즈가루,1kg*10,10,9600,96000,11400,114000,0.1875,200,20,0,0,,,
기본 대분류,잡화-S동,롯데웰푸드,004320,16-300-20-12,롯데 데리야끼소스 스파우트,2kg*6,6,5400,32400,6666.6667,40000.000199999995,0.2346,-18,-3,0,0,,,
기본 대분류,음료-B동,CJ제일제당,004321,15-03-13,스팸기획 마일드200g(3입),(200g+3)*12,36,2400,86400,3000,108000,0.25,4176,116,0,0,,,
기본 대분류,음료-B동,롯데칠성음료,004322,27-26-02,펩시콜라제로1.25(업소용)/60,(1.25ml*12),12,992.6667,11912.0004,1250,15000,0.2592,0,0,0,0,,,
기본 대분류,잡화-S동,천우식품,004323,68-205-01-02,천우 빙초산,180ml*20,20,1250,25000,1560,31200,0.248,0,0,0,0,,,
기본 대분류,음료-B동,광동제약,004324,20-90-00,광동 썬키스트 도라지꿀배280ml,280ml*24,24,416.6667,10000.0008,862.5,20700,1.07,576,24,0,0,,,
기본 대분류,잡화-S동,진솔,004325,42-36,진솔 꼬소명가 착한참기름350ml,350ml*20,20,5800,116000,6600,132000,0.1379,33,1,13,0,,,
기본 대분류,잡화-S동,진솔,004326,42-36-01,진솔 꼬소명가 착한들기름350ml,350ml*20,20,5800,116000,6600,132000,0.1379,101,5,1,0,,,
기본 대분류,음료-B동,롯데칠성음료,004327,27-02-04,롯데칠성  이프로제로500ml,500ml*24,24,816.1366,19587.278400000003,1000,24000,0.2253,0,0,0,0,,,
기본 대분류,음료-B동,롯데칠성음료,004328,21-15-08,펩시콜라 제로슈거 라임향제로카페인355,(355ml*24),24,620.4583,14890.9992,750,18000,0.2088,1800,75,0,0,,,
기본 대분류,잡화-S동,아메리칸가든,004333,186-300-05-01,아메리칸가든 히코리 바베큐소스510g,510g*12,12,3450,41400,4125,49500,0.1957,0,0,0,0,,,
기본 대분류,잡화-S동,디벨라,004334,68-177-05-08,디벨라 페투치네12호,500g*24,24,1700,40800,2041.6667,49000.0008,0.201,0,0,0,0,,,
기본 대분류,잡화-S동,화남산업,004335,11-138-20-02,화남 스위트콘2.84kg,2.84kg*6,6,2700,16200,3250,19500,0.2037,0,0,0,0,,,
기본 대분류,잡화-S동,(주)크래프트하인즈코리아,004336,86-66-05-0211,컨츄리타임레몬에이드 분말가루,538g*12,12,4200,50400,5500,66000,0.3095,-228,-19,0,0,,,
기본 대분류,잡화-S동,삼도식품,004337,27-261-30-03,삼도 해울찬락교,3kg*6,6,9400,56400,10200,61200,0.0851,18,3,0,0,,,
기본 대분류,잡화-S동,(주)크래프트하인즈코리아,004338,195-178-02-01,에이원 크래프트 스테이크소스,283ml*12,12,3400,40800,4075,48900,0.1985,0,0,0,0,,,
기본 대분류,잡화-S동,위레스코,004339,128-300-30-01,위레스코 킴벨칠리소스,3kg*6,6,14000,84000,17000,102000,0.2143,0,0,0,0,,,
기본 대분류,잡화-S동,씨제이프레시웨이(주),004340,32-176-30-02,헌트 안젤라미아 스파게티소스,2.95kg*6,6,11200,67200,16166.6667,97000.0002,0.4435,0,0,0,0,,,
기본 대분류,잡화-S동,(주)코리아제니스,004341,156-191-06-01,제니스 소가루 비프베이스,680g*24,24,2950,70800,3600,86400,0.2203,-48,-2,0,0,,,
기본 대분류,잡화-S동,화남산업,004342,11-89-20-01,화남 고흥꿀유자차,2kg*6,6,7750,46500,9300,55800,0.2,318,53,0,0,,,
기본 대분류,잡화-S동,화남산업,004343,11-61-09-01,화남 시바스케이퍼,1kg*6,6,7370,44220,8850,53100,0.2008,-2,0,-2,0,,,
기본 대분류,잡화-S동,정성식품,004344,92-288-20-03,정성 잡화청,2.4kg*8,8,4300,34400,5250,42000,0.2209,40,5,0,0,,,
기본 대분류,잡화-S동,(주)삼양사,004345,97-42-20-01,무띠 토마토홀,2.5kg*6,6,7500,45000,8666.6667,52000.000199999995,0.1556,-120,-20,0,0,,,
기본 대분류,잡화-S동,청우,004349,86-66-05-02,청우 더진한캡사이신소스,550g*12,12,5092.5,61110,6300,75600,0.2371,1115,92,11,0,,,
기본 대분류,음료-B동,기타음료,004350,BT10EA-28-43-01,[낱개]모닝케어 프레스온 밀크시슬H 106g ㅁ10개 1곽ㅁ],,0,0,0,0,0,0,-7,0,-7,0,,,
기본 대분류,음료-B동,기타음료,004351,CMN200T1EA-21-108-110-13,[낱개][남양 프렌치카페커피믹스 (180+20)T ㅁ1개ㅁ],,0,0,0,0,0,0,0,0,0,0,,,
기본 대분류,세제외-A동,헨켈(퍼실),004352,09-04,퍼실(리필),2.1*6,6,7166.6667,43000.000199999995,8600,51600,0.2,12,2,0,0,,,
기본 대분류,음료-B동,롯데칠성음료,004353,28-29-02,탐스오렌지600,(600ml*20),20,557.85,11157,675,13500,0.21,0,0,0,0,,,
기본 대분류,음료-B동,롯데칠성음료,004354,28-29-03,탐스파인제로600,(600ml*20),20,557.85,11157,675,13500,0.21,0,0,0,0,,,
기본 대분류,잡화-S동,청림,004355,144-288-20-01,청림/잡화청,2.4kg*8,8,4300,34400,5525,44200,0.2849,-11,-1,-3,0,,,
기본 대분류,잡화-S동,토호,004356,98-303-10-02,토호/하나타카나,1kg*10,10,3150,31500,0,0,-1,100,10,0,0,,,
기본 대분류,잡화-S동,토호,004357,98-303-10-01,토호/하루타카나(매운맛),1kg*10,0,0,0,0,0,0,0,0,,0,,,
기본 대분류,잡화-S동,토호,004358,98-261-150-01,토호/락교/통/15kg,15kg,0,0,0,0,0,0,0,0,,0,,,
기본 대분류,잡화-S동,신영,004359,97-93-10-01,신영/짬뽕분말,1kg*12,0,0,0,0,0,0,0,0,,0,,,
기본 대분류,잡화-S동,신영,004360,97-59-04-01,신영/코리앤더분/450g,450g*12ea,0,0,0,0,0,0,0,0,,0,,,
기본 대분류,잡화-S동,신영,004361,97-52-04-02,신영/큐민홀,400g*12,0,0,0,0,0,0,0,0,,0,,,
기본 대분류,잡화-S동,신영,004362,97-52-04-01,신영/큐민분,450g*12,0,0,0,0,0,0,0,0,,0,,,
기본 대분류,잡화-S동,신영,004363,97-52-01-01,신영/큐민씨드45g,45g*12,0,0,0,0,0,0,0,0,,0,,,
기본 대분류,잡화-S동,신영,004364,97-46-03-01,신영/타임분/350g,350g*12,0,0,0,0,0,0,0,0,,0,,,
기본 대분류,잡화-S동,신영,004365,97-46-01-01,신영/타임홀,150g*12,0,0,0,0,0,0,0,0,,0,,,
기본 대분류,잡화-S동,신영,004366,97-44-05-01,신영/터머릭분-강황,500g*12,0,0,0,0,0,0,0,0,,0,,,
기본 대분류,잡화-S동,신영,004367,97-44-02-01,신영/터머릭(강황)250g,250*8,0,0,0,0,0,0,0,0,,0,,,
기본 대분류,잡화-S동,삼양,004368,97-42-30-01,삼양/토마토홀/무띠,3kg*6,6,0,0,0,0,0,0,0,,0,,,
기본 대분류,잡화-S동,무띠,004369,97-41-20-01,무띠/파인리챱/토마토/2.5kg,2.5kg*6ea,0,0,0,0,0,0,0,0,,0,,,
기본 대분류,잡화-S동,신영,004370,97-40-05-01,신영/튀긴마늘슬라이스/500g,500g*10,0,0,0,0,0,0,0,0,,0,,,
기본 대분류,잡화-S동,신영,004371,97-40-04-01,신영/튀긴마늘후레이크/420g,420g*12,12,7100,85200,8516.6667,102200.00039999999,0.1995,0,0,0,0,,,
기본 대분류,잡화-S동,신영,004372,97-35-02-02,+신영/파슬리(200g),200g*10,0,0,0,0,0,0,0,0,,0,,,
기본 대분류,잡화-S동,신영,004373,97-35-02-01,+신영/파슬리/250g,250g*10,0,0,0,0,0,0,0,0,,0,,,
기본 대분류,잡화-S동,신영,004374,97-35-01-03,+신영/파슬리(100g),100g*12,0,0,0,0,0,0,0,0,,0,,,
기본 대분류,잡화-S동,신영,004375,97-35-01-02,+신영/파슬리11g,11g*12,0,0,0,0,0,0,0,0,,0,,,
기본 대분류,잡화-S동,신영,004376,97-35-01-01,+신영/파슬리후레이크(70g),70g*12,12,3050,36600,3666.6667,44000.000400000004,0.2022,0,0,0,0,,,
기본 대분류,잡화-S동,신영,004377,97-329-02-01,신영/가람마살라/250g*8,250g,0,0,0,0,0,0,0,0,,0,,,
기본 대분류,잡화-S동,신영,004378,97-321-04-01,신영/계피분/400g,400g*12,0,0,0,0,0,0,0,0,,0,,,
기본 대분류,잡화-S동,신영,004379,97-321-02-01,신영/계피가루200g,200g*8,0,0,0,0,0,0,0,0,,0,,,
기본 대분류,잡화-S동,신영,004380,97-32-04-01,신영/파프리카씨즈닝/450g,450g*12,12,6500,78000,0,0,-1,12,1,0,0,,,
기본 대분류,잡화-S동,신영,004381,97-32-02-01,신영/파프리카시즈닝/230g,230g*8,0,0,0,0,0,0,0,0,,0,,,
기본 대분류,잡화-S동,신영,004382,97-31-02-01,신영/스타아니스200g,200g*12,0,0,0,0,0,0,0,0,,0,,,
기본 대분류,잡화-S동,신영,004383,97-31-01-01,신영/스타아니스100g,100g*8,0,0,0,0,0,0,0,0,,0,,,
기본 대분류,잡화-S동,신영,004384,97-282-05-01,신영/넛맥분말,500g*12,0,0,0,0,0,0,0,0,,0,,,
기본 대분류,잡화-S동,신영,004385,97-28-05-01,+신영/케이엔페퍼500G,500g*12,0,0,0,0,0,0,0,0,,0,,,
기본 대분류,잡화-S동,신영,004386,97-28-03-01,+신영/크러쉬드레드페퍼,340g*12,12,9600,115200,11500,138000,0.1979,24,2,0,0,,,
기본 대분류,잡화-S동,신영,004387,97-254-02-02,신영/로즈마리홀,200g*12,0,0,0,0,0,0,0,0,,0,,,
기본 대분류,잡화-S동,신영,004388,97-254-02-01,신영/로즈마리분,250g*12,0,0,0,0,0,0,0,0,,0,,,
기본 대분류,잡화-S동,신영,004389,97-25-01-01,+신영/페페로치노홀18g,18g*12,0,0,0,0,0,0,0,0,,0,,,
기본 대분류,잡화-S동,신영,004390,97-248-05-01,신영/마늘분(80),500g*12,0,0,0,0,0,0,0,0,,0,,,
기본 대분류,잡화-S동,신영,004391,97-24-03-01,신영/펜넬씨드/300g,300g*12ea,0,0,0,0,0,0,0,0,,0,,,
기본 대분류,잡화-S동,신영,004392,97-221-05-01,신영/베질럽드/500g,500g*10ea,0,0,0,0,0,0,0,0,,0,,,
기본 대분류,잡화-S동,신영,004393,97-221-03-01,신영/베질분,300g*12,0,0,0,0,0,0,0,0,,0,,,
기본 대분류,잡화-S동,신영,004394,97-221-01-01,신영/베이질홀,150g*12,12,2800,33600,3300,39600,0.1786,0,0,0,0,,,
기본 대분류,잡화-S동,신영,004395,97-208-04-01,신영/비프스파이스/456g,456g*40,0,0,0,0,0,0,0,0,,0,,,
기본 대분류,잡화-S동,신영,004396,97-195-04-01,+신영/생강분/400g,400g*12,0,0,0,0,0,0,0,0,,0,,,
기본 대분류,잡화-S동,신영,004397,97-187-10-02,신영/히말라야핑크솔트/고운1.5k,1.5kg*12,0,0,0,0,0,0,0,0,,0,,,
기본 대분류,잡화-S동,신영,004398,97-187-10-01,신영/히말라야핑크솔트/굵은,1.5kg*12,0,0,0,0,0,0,0,0,,0,,,
기본 대분류,잡화-S동,신영,004399,97-187-05-03,신영/핑크솔트/500g,500g*8,0,0,0,0,0,0,0,0,,0,,,
기본 대분류,잡화-S동,신영,004400,97-187-05-02,신영/핑크솔트/고운/500g,500g*8,0,0,0,0,0,0,0,0,,0,,,
기본 대분류,잡화-S동,신영,004401,97-187-05-01,신영/히말라야락솔트/500g,500g*8ea,0,0,0,0,0,0,0,0,,0,,,
기본 대분류,잡화-S동,신영,004402,97-187-01-01,신영/핑크솔트/110g/그라인더,110g*12,0,0,0,0,0,0,0,0,,0,,,
기본 대분류,잡화-S동,삼양,004403,97-17-50-01,삼양/피자소스/무띠,4.1kg*3,3,0,0,0,0,0,0,0,,0,,,
기본 대분류,잡화-S동,신영,004404,97-172-05-01,신영/양꼬치시즈닝500g,500g*12,0,0,0,0,0,0,0,0,,0,,,
기본 대분류,잡화-S동,신영,004405,97-149-04-01,+신영/양파후레이크/430g,430g*12,0,0,0,0,0,0,0,0,,0,,,
기본 대분류,잡화-S동,신영,004406,97-144-05-01,신영/오레가노럽드/500g,500g*10ea,0,0,0,0,0,0,0,0,,0,,,
기본 대분류,잡화-S동,신영,004407,97-144-03-01,신영/오레가노분,350g*12,0,0,0,0,0,0,0,0,,0,,,
기본 대분류,잡화-S동,신영,004408,97-144-01-01,신영/오레가노홀,150g*12,12,3600,43200,4316.6667,51800.0004,0.1991,0,0,0,0,,,
기본 대분류,잡화-S동,신영,004409,97-14-10-01,신영/피클링스파이스/1kg,1kg*12,0,0,0,0,0,0,0,0,,0,,,
기본 대분류,잡화-S동,신영,004410,97-14-04-01,신영/피클링스파이스/450g,450g*12,0,0,0,0,0,0,0,0,,0,,,
기본 대분류,잡화-S동,신영,004411,97-14-01-01,신영/피클링스파이스/45g,45g*12,0,0,0,0,0,0,0,0,,0,,,
기본 대분류,잡화-S동,신영,004412,97-121-09-01,신영/월계수잎/90g,90g*24,0,0,0,0,0,0,0,0,,0,,,
기본 대분류,잡화-S동,신영,004413,97-121-02-01,신영/월계수잎(대),230g*4,0,0,0,0,0,0,0,0,,0,,,
기본 대분류,잡화-S동,신영,004414,97-121-01-01,신영/월계수잎(미니),25g*8,0,0,0,0,0,0,0,0,,0,,,
기본 대분류,잡화-S동,신영,004415,97-01-04-03,+신영/굵은후추(400g),400g*12,0,0,0,0,0,0,0,0,,0,,,
기본 대분류,잡화-S동,신영,004416,97-01-04-02,+신영/흑후추분말/450g,450g*12,0,0,0,0,0,0,0,0,,0,,,
기본 대분류,잡화-S동,신영,004417,97-01-04-01,+신영/흑후추/홀/450g,450g*12,0,0,0,0,0,0,0,0,,0,,,
기본 대분류,잡화-S동,신영,004418,97-01-02-02,+신영/흑후추/210g,210g*8,0,0,0,0,0,0,0,0,,0,,,
기본 대분류,잡화-S동,신영,004419,97-01-02-01,+신영/흑후추분(중)220G,220g*8,0,0,0,0,0,0,0,0,,0,,,
기본 대분류,잡화-S동,신영,004420,97-01-01-01,+신영/통흑후추그라인더55g,55g*12,0,0,0,0,0,0,0,0,,0,,,
기본 대분류,잡화-S동,대봉,004421,96-324-10-01,대봉/건포도S1Kg,1kg*10,0,0,0,0,0,0,0,0,,0,,,
기본 대분류,잡화-S동,대봉,004422,96-216-20-01,대봉/베이키드(대),2700g*6,6,7000,42000,9000,54000,0.2857,0,0,0,0,,,
기본 대분류,잡화-S동,대봉식품,004423,96-216-04-01,대봉/베이키드빈스,420g*24,24,1180,28320,1416.6667,34000.0008,0.2006,0,0,0,0,,,
기본 대분류,잡화-S동,미드봉,004424,94-49-03-01,미드봉/클로브홀/350g,350g*12,0,0,0,0,0,0,0,0,,0,,,
기본 대분류,잡화-S동,미드봉,004425,94-35-02-01,+미드봉/파슬리후레이크/200g,200g*15ea,15,4300,64500,5160,77400,0.2,120,8,0,0,,,
기본 대분류,잡화-S동,미드봉,004426,94-35-01-01,+미드봉/파슬리/70g,70g*24ea,0,0,0,0,0,0,0,0,,0,,,
기본 대분류,잡화-S동,미드봉,004427,94-254-02-01,미드봉/로즈마리홀 200g,200g*12,0,0,0,0,0,0,0,0,,0,,,
기본 대분류,잡화-S동,미드봉,004428,94-25-02-01,+미드봉/페페로치노홀,200g*12,12,17500,210000,19250,231000,0.1,24,2,0,0,,,
기본 대분류,잡화-S동,미드봉,004429,94-221-01-01,미드봉/베질홀150g,150g*12,12,2600,31200,4000,48000,0.5385,24,2,0,0,,,
기본 대분류,잡화-S동,미드봉,004430,94-144-01-01,미드봉/오레가노홀/120g,120g*12,12,2800,33600,4000,48000,0.4286,60,5,0,0,,,
기본 대분류,잡화-S동,미드봉,004431,94-14-04-01,미드봉/피클링스파이스,400g*12,0,0,0,0,0,0,0,0,,0,,,
기본 대분류,잡화-S동,미드봉,004432,94-121-02-01,미드봉/월계수잎/230g,230g*6ea,0,0,0,0,0,0,0,0,,0,,,
기본 대분류,잡화-S동,미드봉,004433,94-01-10-01,+미드봉/흑후추/90%/1kg,1kg*15,15,6500,97500,8000,120000,0.2308,0,0,0,0,,,
기본 대분류,잡화-S동,미드봉,004434,94-01-05-01,+미드봉/흑후추/원두/500g,500g*30,0,0,0,0,0,0,0,0,,0,,,
기본 대분류,잡화-S동,미드봉,004435,94-01-04-07,+미드봉/흑후추/90%,400g*20,20,5500,110000,6000,120000,0.0909,482,24,2,0,,,
기본 대분류,잡화-S동,미드봉,004436,94-01-04-06,+미드봉/백후추/원두/400g 면세,400g*20,0,0,0,0,0,0,0,0,0,0,,,
기본 대분류,잡화-S동,미드봉,004437,94-01-04-05,+미드봉/백후추(90%),400g*20,0,0,0,0,0,0,0,0,,0,,,
기본 대분류,잡화-S동,미드봉,004438,94-01-04-04,+미드봉/굵은흑후추/크렉 면세,400g*20,0,0,0,0,0,0,0,0,,0,,,
기본 대분류,잡화-S동,영흥,004439,93-327-50-01,+영흥/생추왕간장/4.9L,4.9L*2,0,0,0,0,0,0,0,0,,0,,,
기본 대분류,잡화-S동,영흥,004440,93-327-20-01,+영흥/노추왕간장2.1K(1.75L),2.1k*6,0,0,0,0,0,0,0,0,,0,,,
기본 대분류,잡화-S동,영흥,004441,93-327-05-01,+영흥/생추왕간장500ml(면세),500ml*12,0,0,0,0,0,0,0,0,,0,,,
기본 대분류,잡화-S동,영흥,004442,93-326-200-01,영흥/감자전분100%,20kg*1,0,0,0,0,0,0,0,0,0,0,,,
기본 대분류,잡화-S동,영흥,004443,93-326-10-02,영흥/감자전분1kg(15入)/국산,1kg*15,15,4180,62700,4590,68850,0.0981,525,35,0,0,,,
기본 대분류,잡화-S동,영흥,004444,93-326-10-01,영흥/감자전분/1Kg/수입,1kg*15,0,0,0,0,0,0,0,0,,0,,,
기본 대분류,잡화-S동,영흥,004445,93-300-03-01,영흥/엑스오(XO소스)/오토,350g*12,0,0,0,0,0,0,0,0,,0,,,
기본 대분류,잡화-S동,영흥,004446,93-273-10-01,영흥/오토/한식당면/1kg,1kg*10,0,0,0,0,0,0,0,0,,0,,,
기본 대분류,잡화-S동,영흥,004447,93-141-200-01,영흥/오토미(핵산)/20Kg,20kg,1,76000,76000,0,0,-1,0,0,0,0,,,
기본 대분류,잡화-S동,영흥,004448,93-100-20-02,영흥/오토/죽순채,2840g*6,0,0,0,0,0,0,0,0,,0,,,
기본 대분류,잡화-S동,영흥,004449,93-100-20-01,영흥/오토/죽순편,2840g*6,0,0,0,0,0,0,0,0,,0,,,
기본 대분류,잡화-S동,영흥,004450,93-01-10-01,+영흥/흑후추분/1kg,1kg*15,0,0,0,0,0,0,0,0,,0,,,
기본 대분류,잡화-S동,영흥,004451,93-01-04-01,+영흥/흑/순후추분/95%,450g*24,0,0,0,0,0,0,0,0,,0,,,
기본 대분류,잡화-S동,영흥,004452,93-01-02-01,+영흥/후추분/코메코/200g,200g*50,0,0,0,0,0,0,0,0,,0,,,
기본 대분류,잡화-S동,정성,004453,92-288-20-02,정성/아카시아청/꿀/2.4kg,2.4kg*8,8,4300,34400,5162.5,41300,0.2006,75,9,3,0,,,
기본 대분류,잡화-S동,정성,004454,92-288-20-01,+정성/천연아카시아꿀/청/2.4kg,2.4kg*8,0,0,0,0,0,0,0,0,,0,,,
기본 대분류,잡화-S동,정성,004455,92-288-200-01,+정성/사양벌꿀/25k,25kg*1,0,0,0,0,0,0,0,0,,0,,,
기본 대분류,잡화-S동,정성,004456,92-288-10-01,정성/잡화꿀/청(1.2K),1.2kg*15,0,0,0,0,0,0,0,0,,0,,,
기본 대분류,잡화-S동,정성,004457,92-288-05-01,정성/아카시아청/꿀/500g,500g*30,0,0,0,0,0,0,0,0,,0,,,
기본 대분류,잡화-S동,청우,004458,86-96-20-01,청우/가쓰오진국/2.1kg,2.1kg*8,8,8800,70400,11000,88000,0.25,0,0,0,0,,,
기본 대분류,잡화-S동,청우,004459,86-96-10-01,청우/해물맛진국/1kg,1kg*12,0,0,0,0,0,0,0,0,,0,,,
기본 대분류,잡화-S동,청우,004460,86-66-05-01,청우/캡사이신액상,550g*12,0,0,0,0,0,0,0,0,,0,,,
기본 대분류,잡화-S동,청우,004461,86-66-04-01,청우/더진한캡사이신분말,400g*12,12,5390,64680,7500,90000,0.3915,0,0,0,0,,,
기본 대분류,잡화-S동,청우,004462,86-39-50-01,청우/치킨튀김가루5kg,5kg*2,0,0,0,0,0,0,0,0,,0,,,
기본 대분류,잡화-S동,청우,004463,86-327-10-01,청우/더진한 마늘간장소스,1.05kg*12,12,3740,44880,5500,66000,0.4706,0,0,0,0,,,
기본 대분류,잡화-S동,청우,004464,86-321-03-01,청우/계피분,300g*12,0,0,0,0,0,0,0,0,,0,,,
기본 대분류,잡화-S동,청우,004465,86-300-20-11,청우/핫바베큐소스/2.05Kg,2.05kg*8,0,0,0,0,0,0,0,0,,0,,,
기본 대분류,잡화-S동,청우,004466,86-300-20-10,청우/캡사이신소스(2.1K),2.1K*8,0,0,0,0,0,0,0,0,,0,,,
기본 대분류,잡화-S동,청우,004467,86-300-20-09,청우/꼬지소스/매운맛/2.1k,2.1kg*8,0,0,0,0,0,0,0,0,,0,,,
기본 대분류,잡화-S동,청우,004468,86-300-20-08,청우/꼬지소스/순한맛/2.1k,2.1kg*8,8,6490,51920,7787.5,62300,0.1999,0,0,0,0,,,
기본 대분류,잡화-S동,청우,004469,86-300-20-07,청우/닭강정소스/매운맛/2.1kg,2.1kg*8,0,0,0,0,0,0,0,0,,0,,,
기본 대분류,잡화-S동,청우,004470,86-300-20-06,청우/닭강정소스/순한맛/2.1kg,2.1kg*8,8,6050,48400,7250,58000,0.1983,0,0,0,0,,,
기본 대분류,잡화-S동,청우,004471,86-300-20-05,청우/모밀소스/2.1kg,2.1kg*8,0,0,0,0,0,0,0,0,,0,,,
기본 대분류,잡화-S동,청우,004472,86-300-20-04,청우/비빔&무침양념소스/2.2kg,2.2kg*8,0,0,0,0,0,0,0,0,0,0,,,
기본 대분류,잡화-S동,청우,004473,86-300-20-03,청우/케이준드레싱소스,2kg*10,0,0,0,0,0,0,0,0,,0,,,
기본 대분류,잡화-S동,청우,004474,86-300-20-02,청우/치킨소스2L/매운맛,2L*8,0,0,0,0,0,0,0,0,,0,,,
기본 대분류,잡화-S동,청우,004475,86-300-20-01,청우/치킨소스2L/순한맛,2L*8,0,0,0,0,0,0,0,0,,0,,,
기본 대분류,잡화-S동,청우,004476,86-300-10-04,청우/탕수육소스/1.9kg,1.9kg*8,0,0,0,0,0,0,0,0,,0,,,
기본 대분류,잡화-S동,청우,004477,86-300-10-03,청우/돈까스소스/1.9kg,1.9kg*8,8,3894,31152,5000,40000,0.284,0,0,0,0,,,
기본 대분류,잡화-S동,청우,004478,86-300-10-02,청우/만능파절이소스1.9kg,1.9kg*8,0,0,0,0,0,0,0,0,,0,,,
기본 대분류,잡화-S동,청우,004479,86-300-10-01,청우/만능비빔무침양념소스1.1kg,kg*12,12,5060,60720,5566.6667,66800.00039999999,0.1001,0,0,0,0,,,
기본 대분류,잡화-S동,청우,004480,86-300-100-06,청우/닭강정매운맛소스/10kg,10kg,0,0,0,0,0,0,0,0,,0,,,
기본 대분류,잡화-S동,청우,004481,86-300-100-05,청우/닭강정순한맛소스/10kg,10kg,0,0,0,0,0,0,0,0,,0,,,
기본 대분류,잡화-S동,청우,004482,86-300-100-04,청우/치킨소스/매운맛,10kg,0,0,0,0,0,0,0,0,,0,,,
기본 대분류,잡화-S동,청우,004483,86-300-100-03,청우/꼬지소스/매운맛/10kg,10kg*1,0,0,0,0,0,0,0,0,,0,,,
기본 대분류,잡화-S동,청우,004484,86-300-100-02,청우/꼬지소스/순한맛/10kg,10kg*1,0,0,0,0,0,0,0,0,,0,,,
기본 대분류,잡화-S동,청우,004485,86-300-100-01,청우/치킨소스/순한맛,10kg*1,0,0,0,0,0,0,0,0,,0,,,
기본 대분류,잡화-S동,청우,004486,86-283-08-01,청우/해파리겨자냉채/880g,880g*12,0,0,0,0,0,0,0,0,,0,,,
기본 대분류,잡화-S동,청우,004487,86-243-20-01,청우/요리맛술/2.1kg,2.1kg*8,0,0,0,0,0,0,0,0,,0,,,
기본 대분류,잡화-S동,청우,004488,86-180-20-01,청우/스위트칠리2kg,2kg*8ea,0,0,0,0,0,0,0,0,,0,,,
기본 대분류,잡화-S동,청우,004489,86-152-20-04,청우/더진한 쭈.낙볶음양념2.1kg,2.1kg*8,8,8800,70400,12000,96000,0.3636,0,0,0,0,,,
기본 대분류,잡화-S동,청우,004490,86-152-20-03,청우/떡볶이양념 2KG,2Kg*10,0,0,0,0,0,0,0,0,,0,,,
기본 대분류,잡화-S동,청우,004491,86-152-20-02,청우/더진한매운닭발양념 2kg,2kg*8,8,10010,80080,12000,96000,0.1988,0,0,0,0,,,
기본 대분류,잡화-S동,청우,004492,86-152-20-01,청우/더진한만능불볶음양념2kg,2kg*8,8,9130,73040,12000,96000,0.3143,0,0,0,0,,,
기본 대분류,잡화-S동,청우,004493,86-152-10-01,청우/떡볶이양념분말/1kg,1kg*10,0,0,0,0,0,0,0,0,,0,,,
기본 대분류,잡화-S동,청우,004494,86-116-20-01,청우/8배고농축냉면육수/2.1kg,2.1kg*8ea,0,0,0,0,0,0,0,0,,0,,,
기본 대분류,잡화-S동,청우,004495,86-116-10-03,청우/더진한찐멸치육수/1.95kg,1.95kg*6,0,0,0,0,0,0,0,0,,0,,,
기본 대분류,잡화-S동,청우,004496,86-116-10-02,청우/멸치육수진국/1kg,1kg*12,0,0,0,0,0,0,0,0,,0,,,
기본 대분류,잡화-S동,청우,004497,86-116-10-01,청우/더진한찐멸치육수/1kg,1kg*12,12,5280,63360,6341.6667,76100.00039999999,0.2011,0,0,0,0,,,
기본 대분류,잡화-S동,청우,004498,86-116-100-01,청우/만능멸치육수/10kg,10kg,0,0,0,0,0,0,0,0,,0,,,
기본 대분류,잡화-S동,청우,004499,86-06-20-01,청우/우동다시,2.1kg*8,8,6050,48400,7250,58000,0.1983,0,0,0,0,,,
기본 대분류,잡화-S동,이츠웰,004500,81-88-10-01,이츠웰/참기름,1.8L*6,0,0,0,0,0,0,0,0,,0,,,
기본 대분류,잡화-S동,이츠웰,004501,81-69-30-01,이츠웰/칵테일1호,3kg*6,0,0,0,0,0,0,0,0,,0,,,
기본 대분류,잡화-S동,이츠웰,004502,81-69-08-01,이츠웰/칵테일2호(12입),836g*12,0,0,0,0,0,0,0,0,,0,,,
기본 대분류,잡화-S동,이츠웰,004503,81-33-30-02,이츠웰/파인애플1호,3kg*6,0,0,0,0,0,0,0,0,,0,,,
기본 대분류,잡화-S동,이츠웰,004504,81-33-30-01,이츠웰/파인청크/3kg,3kg*6,0,0,0,0,0,0,0,0,,0,,,
기본 대분류,잡화-S동,이츠웰,004505,81-33-08-01,이츠웰/파인애플 원터치,836g*12,12,2750,33000,3025,36300,0.1,192,16,0,0,,,
기본 대분류,잡화-S동,이츠웰,004506,81-313-140-01,+이츠웰/고추장/14kg(면세),14kg,0,0,0,0,0,0,0,0,,0,,,
기본 대분류,잡화-S동,이츠웰,004507,81-300-20-01,이츠웰/탕수육소스(광동),2kg*5,0,0,0,0,0,0,0,0,,0,,,
기본 대분류,잡화-S동,이츠웰,004508,81-273-10-01,이츠웰 자른당면,1kg*10,0,0,0,0,0,0,0,0,,0,,,
기본 대분류,잡화-S동,이츠웰,004509,81-253-01-04,이츠웰/롤팩(미니)17cm,17cm*25cm,0,0,0,0,0,0,0,0,,0,,,
기본 대분류,잡화-S동,이츠웰,004510,81-253-01-03,이츠웰/롤팩(소)25cm,25cm*35cm,0,0,0,0,0,0,0,0,,0,,,
기본 대분류,잡화-S동,이츠웰,004511,81-253-01-02,이츠웰/롤팩(중)30*40cm,30cm*40cm,0,0,0,0,0,0,0,0,,0,,,
기본 대분류,잡화-S동,이츠웰,004512,81-253-01-01,이츠웰/롤팩(대)33*45cm,33cm*45cm,0,0,0,0,0,0,0,0,,0,,,
기본 대분류,잡화-S동,이츠웰,004513,81-227-200-01,이츠웰/쇠고기진한다시다/25kg,25kg,0,0,0,0,0,0,0,0,,0,,,
기본 대분류,잡화-S동,이츠웰,004514,81-213-10-01,이츠웰/부침가루,1kg*10,0,0,0,0,0,0,0,0,,0,,,
기본 대분류,잡화-S동,하선정,004515,81-154-10-01,*하선정/까나리액젓(1kg),1kg*12,0,0,0,0,0,0,0,0,,0,,,
기본 대분류,잡화-S동,이츠웰,004516,81-139-200-01,이츠웰/옥수수전분,20K,0,0,0,0,0,0,0,0,,0,,,
기본 대분류,잡화-S동,이츠웰,004517,81-119-01-01,이츠웰/위생백/중,25*35cm*100입,0,0,0,0,0,0,0,0,,0,,,
기본 대분류,잡화-S동,이츠웰,004518,81-06-20-01,이츠웰/진한다시/2kg,2kg*6,0,0,0,0,0,0,0,0,,0,,,
기본 대분류,잡화-S동,디벨라,004519,68-75-04-01,디벨라/칙피스/영인,400g*24,0,0,0,0,0,0,0,0,,0,,,
기본 대분류,잡화-S동,천우,004520,68-71-30-01,천우/카라멜3.5kg,3.5kg*4,0,0,0,0,0,0,0,0,,0,,,
기본 대분류,잡화-S동,천우,004521,68-71-20-01,천우/카라멜2.7kg/5입,2.7kg*5,0,0,0,0,0,0,0,0,,0,,,
기본 대분류,잡화-S동,천우,004522,68-71-200-01,천우/카라멜/20kg,20kg*1,0,0,0,0,0,0,0,0,,0,,,
기본 대분류,잡화-S동,디벨라,004523,68-54-04-01,디벨라/버터빈스,400g*24,0,0,0,0,0,0,0,0,,0,,,
기본 대분류,잡화-S동,디벨라,004524,68-41-20-01,디벨라/토마토(홀)/영인,2.5kg*6,0,0,0,0,0,0,0,0,,0,,,
기본 대분류,잡화-S동,디벨라,004525,68-36-10-01,디벨라/영인/리조,1kg*10,0,0,0,0,0,0,0,0,,0,,,
기본 대분류,잡화-S동,천우,004526,68-300-01-01,천우/카라멜소스/190ml,190ml*40,40,1800,72000,2160,86400,0.2,0,0,0,0,,,
기본 대분류,잡화-S동,디벨라,004527,68-221-05-01,디벨라/베질패스토,500g*6,0,0,0,0,0,0,0,0,,0,,,
기본 대분류,잡화-S동,디벨라,004528,68-22-05-01,+디벨라/폴렌타,500g*16,0,0,0,0,0,0,0,0,,0,,,
기본 대분류,잡화-S동,천우,004529,68-205-200-01,천우/빙초산/말통,20kg*1,0,0,0,0,0,0,0,0,,0,,,
기본 대분류,잡화-S동,천우,004530,68-205-10-01,천우/빙초산/1.5L,1.5L*12,0,0,0,0,0,0,0,0,,0,,,
기본 대분류,잡화-S동,천우,004531,68-205-04-02,천우/빙초산400ml,400ml*40,40,1950,78000,2000,80000,0.0256,0,0,0,0,,,
기본 대분류,잡화-S동,천우,004532,68-205-04-01,천우/빙초산/450ml,450ml*25,0,0,0,0,0,0,0,0,,0,,,
기본 대분류,잡화-S동,천우,004533,68-205-01-01,천우/빙초산180ml(pet),180ml*40,0,0,0,0,0,0,0,0,,0,,,
기본 대분류,잡화-S동,디벨라,004534,68-177-05-07,디벨라/스파게티니(9번)/영인,500g*24,24,1400,33600,1700,40800,0.2143,480,20,0,0,,,
기본 대분류,잡화-S동,디벨라,004535,68-177-05-06,디벨라/스파게티/8번/영인,500g*24,24,1400,33600,1700,40800,0.2143,720,30,0,0,,,
기본 대분류,잡화-S동,디벨라,004536,68-177-05-05,디벨라/링귀네/14번/,500g*24,24,1480,35520,1775,42600,0.1993,0,0,0,0,,,
기본 대분류,잡화-S동,디벨라,004537,68-177-05-04,디벨라/까펠리니/500g,500g*24,0,0,0,0,0,0,0,0,,0,,,
기본 대분류,잡화-S동,디벨라,004538,68-177-05-03,디벨라/스파게티니(36입)9번,500g*36,0,0,0,0,0,0,0,0,,0,,,
기본 대분류,잡화-S동,디벨라,004539,68-177-05-02,디벨라/스파게티(36입)8번,500g*36,24,1420,34080,0,0,-1,0,0,0,0,,,
기본 대분류,잡화-S동,디벨라,004540,68-177-05-01,디벨라/링기니/14번/36입,500g*36,0,0,0,0,0,0,0,0,,0,,,
기본 대분류,잡화-S동,천우,004541,68-169-01-04,천우/색소(노랑)30g,11g*30개/팩(30g),10,1590,15900,0,0,-1,20,2,0,0,,,
기본 대분류,잡화-S동,천우,004542,68-169-01-03,천우/색소(적색)30g*10,1g*30개/팩(30g),0,0,0,0,0,0,0,0,,0,,,
기본 대분류,잡화-S동,천우,004543,68-169-01-02,천우/색소/녹색/초록,1g*30개/팩(30g),0,0,0,0,0,0,0,0,,0,,,
기본 대분류,잡화-S동,천우,004544,68-169-01-01,천우/식용색소(분홍),30g*10,10,1590,15900,0,0,-1,0,0,0,0,,,
기본 대분류,잡화-S동,천우,004545,68-133-02-01,천우/지요다와사비/200g,200g*10*4팩/박스,0,0,0,0,0,0,0,0,,0,,,
기본 대분류,잡화-S동,위레스코,004546,66-167-50-01,위레스코/발사믹식초/5L,5L*2,0,0,0,0,0,0,0,0,,0,,,
기본 대분류,잡화-S동,청정원,004547,62-167-180-01,청정원/현미식초/18L,18L,0,0,0,0,0,0,0,0,,0,,,
기본 대분류,잡화-S동,농심,004548,54-304-01-01,농심/사리면/40입,40입*박스,0,0,0,0,0,0,0,0,,0,,,
기본 대분류,잡화-S동,농심,004549,54-300-10-01,농심/가락모밀소스 1.8,1.794L,0,0,0,0,0,0,0,0,,0,,,
기본 대분류,잡화-S동,농심,004550,54-294-05-01,농심/건더기스프,500g*12,0,0,0,0,0,0,0,0,,0,,,
기본 대분류,잡화-S동,농심,004551,54-126-10-01,농심/가락우동국물/업소용,1.8*6,0,0,0,0,0,0,0,0,,0,,,
기본 대분류,잡화-S동,하인즈,004552,52-60-30-01,하인즈/케찹,3.3kg*6,0,0,0,0,0,0,0,0,,0,,,
기본 대분류,잡화-S동,하인즈,004553,52-60-150-01,하인즈/볼팍케찹/15kg,15kg,0,0,0,0,0,0,0,0,,0,,,
기본 대분류,잡화-S동,하인즈,004554,52-43-30-01,하인즈/페이스트,3.15kg*6ea,0,0,0,0,0,0,0,0,,0,,,
기본 대분류,잡화-S동,하인즈,004555,52-41-20-01,하인즈/토마토다이스/2.89k,2.89kg*6,0,0,0,0,0,0,0,0,,0,,,
기본 대분류,잡화-S동,하인즈,004556,52-300-20-01,하인즈/토마토소스,2.92kg*6,0,0,0,0,0,0,0,0,,0,,,
기본 대분류,잡화-S동,하인즈,004557,52-300-03-02,하인즈/우스타소스,340ml*12,12,4100,49200,0,0,-1,0,0,0,0,,,
기본 대분류,잡화-S동,하인즈,004558,52-300-03-01,하인즈/불스아이 오리지널 소스,355g*6,0,0,0,0,0,0,0,0,,0,,,
기본 대분류,잡화-S동,하인즈,004559,52-272-30-01,하인즈/데미그라스,3kg*6,6,18800,112800,24466.6667,146800.0002,0.3014,139,23,1,0,,,
기본 대분류,잡화-S동,하인즈,004560,52-272-08-01,하인즈/RTS데미그라스,830g*12,0,0,0,0,0,0,0,0,,0,,,
기본 대분류,잡화-S동,하인즈,004561,52-238-03-01,하인즈/옐로우머스타드(14oz),396g*12,0,0,0,0,0,0,0,0,0,0,,,
기본 대분류,잡화-S동,하인즈,004562,52-176-30-01,하인즈/비프스파게티소스(와티),3kg*6,6,17200,103200,20650,123900,0.2006,264,44,0,0,,,
기본 대분류,잡화-S동,하인즈,004563,52-176-20-01,하인즈/화이트스파게티소스,2.9K*6,0,0,0,0,0,0,0,0,,0,,,
기본 대분류,잡화-S동,하인즈,004564,52-17-20-01,하인즈/피자소스,2.92kg*6,0,0,0,0,0,0,0,0,,0,,,
기본 대분류,잡화-S동,하인즈,004565,52-167-03-01,하인즈/와인식초/레드,355ml*12,0,0,0,0,0,0,0,0,,0,,,
기본 대분류,잡화-S동,하인즈,004566,52-167-01-01,하인즈/화이트식초,1gal*6,0,0,0,0,0,0,0,0,,0,,,
기본 대분류,잡화-S동,풀무원,004567,480-177-10-01,풀무원/바닐라스파게티/12입,1kg*12ea,0,0,0,0,0,0,0,0,,0,,,
기본 대분류,잡화-S동,씨제이,004568,45-308-20-01,씨제이/해천굴소스캔/2.27kg,2.27kg*6ea,0,0,0,0,0,0,0,0,,0,,,
기본 대분류,잡화-S동,씨제이,004569,45-265-10-01,씨제이/크레잇 남도떡갈비,1.05kg*8,0,0,0,0,0,0,0,0,,0,,,
기본 대분류,잡화-S동,애경,004570,45-260-120-01,애경/락스/12L,12L,0,0,0,0,0,0,0,0,,0,,,
기본 대분류,잡화-S동,씨제이,004571,45-246-10-01,씨제이/비비고/왕교자,1.365kg*6,0,0,0,0,0,0,0,0,,0,,,
기본 대분류,잡화-S동,씨제이(백설),004572,45-233-200-01,씨제이(백설)/하이당물엿R/24kg,24kg*1ea,0,0,0,0,0,0,0,0,,0,,,
기본 대분류,잡화-S동,씨제이,004573,45-217-10-01,씨제이/크레잇/도톰베이컨/1kg,1kg*6ea,0,0,0,0,0,0,0,0,,0,,,
기본 대분류,잡화-S동,애경,004574,45-192-180-02,애경/부라보/식기린스/18.75L,18.75L,0,0,0,0,0,0,0,0,,0,,,
기본 대분류,잡화-S동,애경,004575,45-192-180-01,애경/부라보/식기세제/18.75L,18.75L,0,0,0,0,0,0,0,0,,0,,,
기본 대분류,잡화-S동,애경,004576,45-192-120-01,애경/부라보/세제/12L/말통,12L*1,1,11900,11900,14400,14400,0.2101,60,60,0,0,,,
기본 대분류,잡화-S동,씨제이,004577,45-168-180-01,씨제이/식용유/골드후라잉,18L,0,0,0,0,0,0,0,0,,0,,,
기본 대분류,잡화-S동,씨제이,004578,45-152-100-01,씨제이/돼지갈비양념,10kg,0,0,0,0,0,0,0,0,,0,,,
기본 대분류,잡화-S동,씨제이,004579,45-111-01-01,씨제이/위생장갑,200매,0,0,0,0,0,0,0,0,,0,,,
기본 대분류,잡화-S동,해표,004580,41-327-10-01,+해표/조림간장/1.8L(면세),1.8L*8,0,0,0,0,0,0,0,0,,0,,,
기본 대분류,잡화-S동,해표,004581,41-300-20-01,해표 돈까스소스 2kg,2kg*8,0,0,0,0,0,0,0,0,,0,,,
기본 대분류,잡화-S동,해표,004582,41-190-10-01,+해표/꽃소금1kg/수입,1kg*14,14,1580,22120,4057.1429,56800.0006,1.5678,0,0,0,0,,,
기본 대분류,세제외-A동,오뚜기,004583,39-99-30-01,오뚜기/중면3kg,3kg*4,0,0,0,0,0,0,0,0,,0,,,
기본 대분류,세제외-A동,오뚜기,004584,39-98-20-02,오뚜기/해선장(대),"2,270*6",6,15500,93000,18000,108000,0.1613,6,1,0,0,,,
기본 대분류,세제외-A동,오뚜기,004585,39-98-20-01,오뚜기/해선장(스파우트팩)2kg,2kg*6,6,12500,75000,0,0,-1,0,0,0,0,,,
기본 대분류,세제외-A동,오뚜기,004586,39-98-02-01,오뚜기/해선장(소),240g*12,0,0,0,0,0,0,0,0,,0,,,
기본 대분류,세제외-A동,오뚜기,004587,39-94-10-01,오뚜기/짜장/1kg,1kg*10,0,0,0,0,0,0,0,0,,0,,,
기본 대분류,세제외-A동,오뚜기,004588,39-88-10-03,오뚜기/고소한참기름1.8L/A급,1.8L*6,0,0,0,0,0,0,0,0,,0,,,
기본 대분류,세제외-A동,오뚜기,004589,39-88-10-02,오뚜기/옛날참기름1.8L/오쉐프,1.8L*6,6,21000,126000,25200,151200,0.2,120,20,0,0,,,
기본 대분류,세제외-A동,오뚜기,004590,39-88-10-01,오뚜기/오쉐프/옛날참기름/1L,1L*8ea,0,0,0,0,0,0,0,0,,0,,,
기본 대분류,세제외-A동,오뚜기,004591,39-88-04-01,오뚜기/옛날참기름/450ml,414g*12ea,0,0,0,0,0,0,0,0,,0,,,
기본 대분류,세제외-A동,오뚜기,004592,39-72-180-01,오뚜기/카놀라유/18L,18L*1,0,0,0,0,0,0,0,0,,0,,,
기본 대분류,세제외-A동,오뚜기,004593,39-70-10-03,오뚜기/카레1kg/매운맛,1kg*10,0,0,0,0,0,0,0,0,,0,,,
기본 대분류,세제외-A동,오뚜기,004594,39-70-10-02,오뚜기/카레1kg/순한맛,1kg*10,0,0,0,0,0,0,0,0,,0,,,
기본 대분류,세제외-A동,오뚜기,004595,39-70-10-01,오뚜기/카레1kg/약간매운맛,1kg*10,0,0,0,0,0,0,0,0,,0,,,
기본 대분류,세제외-A동,오뚜기,004596,39-68-09-01,오뚜기/옛날칼국수,900g*15,0,0,0,0,0,0,0,0,,0,,,
기본 대분류,세제외-A동,오뚜기,004597,39-60-30-02,오뚜기/케찹스파우트팩,3.3K*4,4,5450,21800,6750,27000,0.2385,0,0,0,0,,,
기본 대분류,세제외-A동,오뚜기,004598,39-60-30-01,오뚜기/케찹3.3kg/캔,3.3kg*6,0,0,0,0,0,0,0,0,,0,,,
기본 대분류,세제외-A동,오뚜기,004599,39-60-100-01,오뚜기/케찹10kg,10kg,0,0,0,0,0,0,0,0,,0,,,
기본 대분류,세제외-A동,오뚜기,004600,39-60-08-01,오뚜기/케찹800g,800g*12,0,0,0,0,0,0,0,0,,0,,,
기본 대분류,세제외-A동,오뚜기,004601,39-60-01-01,오뚜기/토마토케찹/1회용/1000EA,1000ea*9g,1000,38,38000,0,0,-1,0,0,0,0,,,
기본 대분류,세제외-A동,오뚜기,004602,39-47-03-01,오뚜기/타바스코(대),350ml*12ea,0,0,0,0,0,0,0,0,,0,,,
기본 대분류,세제외-A동,오뚜기,004603,39-47-01-02,오뚜기/타바스코(중),150ml*12ea,0,0,0,0,0,0,0,0,,0,,,
기본 대분류,세제외-A동,오뚜기,004604,39-47-01-01,오뚜기/타바스코(소),60ml*12ea,0,0,0,0,0,0,0,0,,0,,,
기본 대분류,잡화-S동,곰표,004605,39-39-10-02,곰표/튀김가루/1kg,1kg*10,10,1530,15300,1800,18000,0.1765,391,39,1,0,,,
기본 대분류,세제외-A동,오뚜기,004606,39-39-10-01,오뚜기/튀김가루/1kg,1kg*10,0,0,0,0,0,0,0,0,,0,,,
기본 대분류,세제외-A동,오뚜기,004607,39-323-03-01,오뚜기/겨자분(300g),300g*12,0,0,0,0,0,0,0,0,,0,,,
기본 대분류,세제외-A동,오뚜기,004608,39-323-02-01,오뚜기/겨자분,200g*20,0,0,0,0,0,0,0,0,,0,,,
기본 대분류,세제외-A동,오뚜기,004609,39-308-200-01,오뚜기/팬더굴소스/20kg/BIB,20kg*1,0,0,0,0,0,0,0,0,,0,,,
기본 대분류,세제외-A동,오뚜기,004610,39-304-01-01,오뚜기/사리면/개별/110g,110g*48,48,239.5833,11499.9984,312.5,15000,0.3043,0,0,,0,,,
기본 대분류,세제외-A동,오뚜기,004611,39-300-20-06,오뚜기/스테이크소스,2.1K*6,0,0,0,0,0,0,0,0,,0,,,
기본 대분류,세제외-A동,오뚜기,004612,39-300-20-05,오뚜기/돈까스소스/2.1kg,2.1kg*6,0,0,0,0,0,0,0,0,,0,,,
기본 대분류,세제외-A동,오뚜기,004613,39-300-20-04,오뚜기/스위트칠리소스,2.1kg*6,0,0,0,0,0,0,0,0,,0,,,
기본 대분류,세제외-A동,오뚜기,004614,39-300-20-03,오뚜기/우스타소스/2.1kg,2.1kg*6,0,0,0,0,0,0,0,0,,0,,,
기본 대분류,세제외-A동,오뚜기,004615,39-300-20-02,오뚜기/델리야끼소스,2K*6,0,0,0,0,0,0,0,0,,0,,,
기본 대분류,세제외-A동,오뚜기,004616,39-300-20-01,오뚜기/불고기버거소스,2kg*6,0,0,0,0,0,0,0,0,,0,,,
기본 대분류,세제외-A동,오뚜기,004617,39-300-11-01,오뚜기/멜젓소스,1125g*12,0,0,0,0,0,0,0,0,,0,,,
기본 대분류,세제외-A동,면사랑,004618,39-300-10-03,면사랑/가쓰오우동소스/1.8L,1.8L*6,0,0,0,0,0,0,0,0,,0,,,
기본 대분류,세제외-A동,면사랑,004619,39-300-10-02,면사랑/우동소스/1.8L,1.8L*6,0,0,0,0,0,0,0,0,,0,,,
기본 대분류,세제외-A동,오뚜기,004620,39-300-10-01,오뚜기/하이라이스소스1kg,1kg*10,0,0,0,0,0,0,0,0,,0,,,
기본 대분류,세제외-A동,오뚜기,004621,39-277-01-01,오뚜기/뉴슈가(100입),100g*100,0,0,0,0,0,0,0,0,,0,,,
기본 대분류,세제외-A동,오뚜기,004622,39-273-140-01,오뚜기/알뜰당면14kg,14kg*1,0,0,0,0,0,0,0,0,,0,,,
기본 대분류,세제외-A동,오뚜기,004623,39-273-10-02,오뚜기/자른당면(국내)1kg,1kg*10,0,0,0,0,0,0,0,0,,0,,,
기본 대분류,세제외-A동,오뚜기,004624,39-273-10-01,오뚜기/알뜰당면1kg,1kg*10,0,0,0,0,0,0,0,0,,0,,,
기본 대분류,세제외-A동,오뚜기,004625,39-272-30-01,오뚜기/데미그라스3kg,3kg*6,0,0,0,0,0,0,0,0,,0,,,
기본 대분류,세제외-A동,오뚜기,004626,39-270-10-01,오뚜기/참깨드레싱,1kg,0,0,0,0,0,0,0,0,,0,,,
기본 대분류,세제외-A동,오뚜기,004627,39-249-04-01,오뚜기/마가린/450g,450g*20,0,0,0,0,0,0,0,0,,0,,,
기본 대분류,세제외-A동,오뚜기,004628,39-247-30-02,오뚜기/마요네즈 은박/3.2kg,3.2Kg*4,0,0,0,0,0,0,0,0,,0,,,
기본 대분류,세제외-A동,오뚜기,004629,39-247-30-01,오뚜기마요네즈스파우트팩/3.2kg,3.2kg*4,4,11700,46800,0,0,-1,0,0,0,0,,,
기본 대분류,세제외-A동,오뚜기,004630,39-247-100-01,오뚜기/마요네즈10K,10K*1,0,0,0,0,0,0,0,0,,0,,,
기본 대분류,세제외-A동,오뚜기,004631,39-247-08-01,오뚜기/마요네즈800g/골드,800g*12,0,0,0,0,0,0,0,0,,0,,,
기본 대분류,세제외-A동,오뚜기,004632,39-245-10-01,오뚜기/옛날고추맛기름/1.5L,1.5L*12ea,0,0,0,0,0,0,0,0,,0,,,
기본 대분류,세제외-A동,오뚜기,004633,39-238-20-01,오뚜기/허니머스타드,2kg*6,0,0,0,0,0,0,0,0,,0,,,
기본 대분류,세제외-A동,오뚜기,004634,39-238-01-01,오뚜기/허니머스타드/1회용,12g*200,0,0,0,0,0,0,0,0,,0,,,
기본 대분류,세제외-A동,오뚜기,004635,39-233-10-01,오뚜기/물엿1.2kg,1.2kg*15,0,0,0,0,0,0,0,0,,0,,,
기본 대분류,세제외-A동,오뚜기,004636,39-228-01-01,+오뚜기/자른미역/50g,50g*30,0,0,0,0,0,0,0,0,,0,,,
기본 대분류,잡화-S동,오뚜기,004637,39-226-180-01,오뚜기/미향18L,18L,1,22550,22550,28500,28500,0.2639,0,0,0,0,,,
기본 대분류,세제외-A동,오뚜기,004638,39-226-150-01,오뚜기/미향15L/,15L*1,0,0,0,0,0,0,0,0,,0,,,
기본 대분류,세제외-A동,오뚜기,004639,39-226-10-01,오뚜기/미향(1.8L),1.8L*6,0,0,0,0,0,0,0,0,,0,,,
기본 대분류,잡화-S동,곰표,004640,39-223-20-03,+곰표/밀가루/박력2.5k,2.5k*6,0,0,0,0,0,0,0,0,,0,,,
기본 대분류,잡화-S동,곰표,004641,39-223-20-02,+곰표/밀가루/중력2.5k,2.5kg*6,6,2800,16800,5300,31800,0.8929,0,0,0,0,,,
기본 대분류,잡화-S동,곰표,004642,39-223-20-01,+곰표/밀가루 강력2.5,2.5kg*6,0,0,0,0,0,0,0,0,,0,,,
기본 대분류,잡화-S동,곰표,004643,39-223-200-03,+곰표/중력밀가루(독수리)2등급,20Kg,0,0,0,0,0,0,0,0,,0,,,
기본 대분류,잡화-S동,곰표,004644,39-223-200-02,+곰표/중력밀가루/20kg,20kg*1,0,0,0,0,0,0,0,0,,0,,,
기본 대분류,잡화-S동,곰표,004645,39-223-200-01,+곰표/밀가루/20kg/고급제면1호,20kg*1,0,0,0,0,0,0,0,0,,0,,,
기본 대분류,잡화-S동,곰표,004646,39-223-100-01,+곰표/밀가루/피자용,10kg,0,0,0,0,0,0,0,0,,0,,,
기본 대분류,세제외-A동,오뚜기,004647,39-218-01-01,오뚜기/버터/10g/1회용*480,10g,0,0,0,0,0,0,0,0,,0,,,
기본 대분류,잡화-S동,곰표,004648,39-213-10-01,곰표/부침가루/1kg,1kg*10,10,1400,14000,1700,17000,0.2143,6,0,6,0,,,
기본 대분류,세제외-A동,오뚜기,004649,39-204-10-01,오뚜기/빵가루,1kg*6,0,0,0,0,0,0,0,0,,0,,,
기본 대분류,세제외-A동,오뚜기,004650,39-203-05-01,오뚜기/사골분말,500g*12,0,0,0,0,0,0,0,0,,0,,,
기본 대분류,세제외-A동,오뚜기,004651,39-189-30-02,오뚜기/소면/3kg,3kg*4,0,0,0,0,0,0,0,0,,0,,,
기본 대분류,세제외-A동,오뚜기,004652,39-189-30-01,오뚜기/알뜰소면/3kg,3kg*4,0,0,0,0,0,0,0,0,,0,,,
기본 대분류,세제외-A동,오뚜기,004653,39-189-10-01,오뚜기/소면1.5kg,1.5kg*9,0,0,0,0,0,0,0,0,,0,,,
기본 대분류,세제외-A동,오뚜기,004654,39-176-30-01,오뚜기/스파게티소스/3kg,3kg*6,0,0,0,0,0,0,0,0,,0,,,
기본 대분류,세제외-A동,오뚜기,004655,39-176-06-01,오뚜기/스파게티소스(프레스코),600g*8,0,0,0,0,0,0,0,0,,0,,,
기본 대분류,세제외-A동,오뚜기,004656,39-174-10-02,오뚜기/옥수수스프,1kg*10,0,0,0,0,0,0,0,0,,0,,,
기본 대분류,세제외-A동,오뚜기,004657,39-174-10-01,오뚜기/크림스프,1Kg*10,10,7800,78000,0,0,-1,0,0,0,0,,,
기본 대분류,세제외-A동,오뚜기,004658,39-17-30-01,오뚜기/피자소스/오쉐프,3kg*6,0,0,0,0,0,0,0,0,,0,,,
기본 대분류,세제외-A동,오뚜기,004659,39-167-180-08,오뚜기/화이트식초,18L,0,0,0,0,0,0,0,0,,0,,,
기본 대분류,세제외-A동,오뚜기,004660,39-167-180-07,오뚜기/현미식초(18L),18L,0,0,0,0,0,0,0,0,,0,,,
기본 대분류,세제외-A동,오뚜기,004661,39-167-180-06,오뚜기/2배양조식초/bib,18L,0,0,0,0,0,0,0,0,,0,,,
기본 대분류,세제외-A동,오뚜기,004662,39-167-180-05,오뚜기/2배양조식초/18L,18L,0,0,0,0,0,0,0,0,,0,,,
기본 대분류,세제외-A동,오뚜기,004663,39-167-180-04,오뚜기/2배사과식초18L,18L,0,0,0,0,0,0,0,0,,0,,,
기본 대분류,세제외-A동,오뚜기,004664,39-167-180-03,오뚜기/양조식초BIB/18L/파우치,18L*1,0,0,0,0,0,0,0,0,,0,,,
기본 대분류,세제외-A동,오뚜기,004665,39-167-180-02,오뚜기/양조식초/18L,18L*1,0,0,0,0,0,0,0,0,,0,,,
기본 대분류,세제외-A동,오뚜기,004666,39-167-180-01,오뚜기/사과식초18L,18L*1,1,15862,15862,20200,20200,0.2735,43,43,0,0,,,
기본 대분류,세제외-A동,오뚜기,004667,39-167-150-02,오뚜기/사과식초(15L),15L,0,0,0,0,0,0,0,0,,0,,,
기본 대분류,세제외-A동,오뚜기,004668,39-167-150-01,오뚜기/양조식초15L,15L*1,0,0,0,0,0,0,0,0,,0,,,
기본 대분류,세제외-A동,오뚜기,004669,39-167-10-07,오뚜기/화이트식초,1.8L*6,0,0,0,0,0,0,0,0,,0,,,
기본 대분류,세제외-A동,오뚜기,004670,39-167-10-06,오뚜기/현미식초1.8,1.8L*6,0,0,0,0,0,0,0,0,,0,,,
기본 대분류,세제외-A동,오뚜기,004671,39-167-10-05,오뚜기/양조식초1.8L,1.8L*6,0,0,0,0,0,0,0,0,,0,,,
기본 대분류,세제외-A동,오뚜기,004672,39-167-10-04,오뚜기/사과식초1.8L,1.8L*6,6,3620,21720,0,0,-1,0,0,0,0,,,
기본 대분류,세제외-A동,오뚜기,004673,39-167-10-03,오뚜기/3배사과식초1.8L,1.8L*6,0,0,0,0,0,0,0,0,,0,,,
기본 대분류,세제외-A동,오뚜기,004674,39-167-10-02,오뚜기/2배양조식초/1.8L,1.8L*6,0,0,0,0,0,0,0,0,,0,,,
기본 대분류,세제외-A동,오뚜기,004675,39-167-10-01,오뚜기/2배사과식초/1.8L,1.8L*6,0,0,0,0,0,0,0,0,,0,,,
기본 대분류,세제외-A동,오뚜기,004676,39-167-09-01,오뚜기/사과식초,900ml*15,0,0,0,0,0,0,0,0,,0,,,
기본 대분류,세제외-A동,오뚜기,004677,39-138-20-01,오뚜기/옥수수/미국산,2.12Kg*6,0,0,0,0,0,0,0,0,,0,,,
기본 대분류,세제외-A동,오뚜기,004678,39-136-50-01,오뚜기/올리고당5kg,5kg*3,0,0,0,0,0,0,0,0,,0,,,
기본 대분류,세제외-A동,면사랑,004679,39-116-10-03,면사랑/오뎅육수,1.8L,0,0,0,0,0,0,0,0,,0,,,
기본 대분류,세제외-A동,면사랑,004680,39-116-10-02,면사랑/바지락육수,1.8l*6,0,0,0,0,0,0,0,0,,0,,,
기본 대분류,세제외-A동,면사랑,004681,39-116-10-01,면사랑/멸치육수/전문용,1.8L*6,0,0,0,0,0,0,0,0,,0,,,
기본 대분류,세제외-A동,오뚜기,004682,39-110-01-01,오뚜기/딸기쨈/1회용/디스펜팩,12g,0,0,0,0,0,0,0,0,,0,,,
기본 대분류,세제외-A동,오뚜기,004683,39-08-180-01,오뚜기/현미유,18L,0,0,0,0,0,0,0,0,,0,,,
기본 대분류,세제외-A동,오뚜기,004684,39-03-30-01,오뚜기/황도1호,3Kg*6,0,0,0,0,0,0,0,0,,0,,,
기본 대분류,세제외-A동,오뚜기,004685,39-01-200-01,+오뚜기제유/흑후추(미분),20kg,0,0,0,0,0,0,0,0,,0,,,
기본 대분류,세제외-A동,오뚜기,004686,39-01-10-01,+오뚜기/순후추/파우치,1kg*10,0,0,0,0,0,0,0,0,,0,,,
기본 대분류,세제외-A동,오뚜기,004687,39-01-04-02,+오뚜기/흑후추분/450g,450g*20,0,0,0,0,0,0,0,0,,0,,,
기본 대분류,세제외-A동,오뚜기,004688,39-01-04-01,+오뚜기/흑후추/450g,450g*20,0,0,0,0,0,0,0,0,,0,,,
기본 대분류,세제외-A동,오뚜기,004689,39-01-02-01,+오뚜기/순후추/파우치/240g,240g*20,0,0,0,0,0,0,0,0,,0,,,
기본 대분류,잡화-S동,유한,004690,37-260-150-01,유한/락스/15L,15L*1,0,0,0,0,0,0,0,0,,0,,,
기본 대분류,잡화-S동,유한크린타올,004691,37-232-01-01,유한크린타올/물티슈,250*250(400매),0,0,0,0,0,0,0,0,,0,,,
기본 대분류,잡화-S동,대상,004692,36-42-20-01,대상/라벨라토마토홀/2.5kg,2.5kg*6,0,0,0,0,0,0,0,0,,0,,,
기본 대분류,잡화-S동,대상,004693,36-313-140-01,+대상/청정원/고추장/진골드(면),14kg,0,0,0,0,0,0,0,0,,0,,,
기본 대분류,잡화-S동,대상,004694,36-294-08-01,대상/치킨부용베이스,800g*12,0,0,0,0,0,0,0,0,,0,,,
기본 대분류,잡화-S동,대상,004695,36-244-20-01,대상/맛소금,2Kg*6,0,0,0,0,0,0,0,0,,0,,,
기본 대분류,잡화-S동,대상,004696,36-244-10-01,대상/맛소금/1kg,1kg*20,0,0,0,0,0,0,0,0,,0,,,
기본 대분류,잡화-S동,대상,004697,36-23-200-01,대상/포도당,20K,0,0,0,0,0,0,0,0,,0,,,
기본 대분류,잡화-S동,대상,004698,36-227-30-01,대상/미원3K/노말,3kg*6,0,0,0,0,0,0,0,0,,0,,,
기본 대분류,잡화-S동,대상,004699,36-227-20-03,대상/미원2kg/아미노산,2kg*10,10,29000,290000,35000,350000,0.2069,0,0,0,0,,,
기본 대분류,잡화-S동,대상,004700,36-227-20-02,대상/중화미원/2kg,2kg*6,0,0,0,0,0,0,0,0,,0,,,
기본 대분류,잡화-S동,대상,004701,36-227-20-01,대상/맛나/쇠고기/2kg,2kg*6,6,19000,114000,0,0,-1,0,0,0,0,,,
기본 대분류,잡화-S동,대상,004702,36-227-200-02,대상/미원아미노산A-9/20kg,20kg*1,0,0,0,0,0,0,0,0,,0,,,
기본 대분류,잡화-S동,대상,004703,36-227-200-01,대상/미원25kg/스몰,25kg*1,0,0,0,0,0,0,0,0,,0,,,
기본 대분류,잡화-S동,대상,004704,36-227-10-02,대상/해물감치미/1kg,1kg*10,0,0,0,0,0,0,0,0,,0,,,
기본 대분류,잡화-S동,대상,004705,36-227-10-01,대상/미원노말/1Kg,1kg*20,0,0,0,0,0,0,0,0,,0,,,
기본 대분류,잡화-S동,대상,004706,36-217-10-01,대상/청정원/고소바삭베이컨,1kg*5,0,0,0,0,0,0,0,0,0,0,,,
기본 대분류,잡화-S동,썬,004707,36-212-01-01,썬/부탄가스,28EA/BOX,0,0,0,0,0,0,0,0,,0,,,
기본 대분류,잡화-S동,대상,004708,36-176-20-01,대상/스파게티미트소스,2kg,0,0,0,0,0,0,0,0,,0,,,
기본 대분류,잡화-S동,대상,004709,36-174-10-01,대상/청정원/양송이스프/1kg,1kg*10,0,0,0,0,0,0,0,0,,0,,,
기본 대분류,잡화-S동,대상,004710,36-173-10-02,대상/슈가카페시럽/흰색,1.5*6ea,0,0,0,0,0,0,0,0,,0,,,
기본 대분류,잡화-S동,대상,004711,36-173-10-01,대상/카페시럽/브라운,1.5L*6ea,0,0,0,0,0,0,0,0,,0,,,
기본 대분류,잡화-S동,대상,004712,36-167-150-01,대상/화영식초15L,15L*1,1,13000,13000,0,0,-1,10,10,0,0,,,
기본 대분류,잡화-S동,대상,004713,36-167-10-01,대상/화영/양조식초/1.8L,1.8L*6,6,1950,11700,0,0,-1,240,40,0,0,,,
기본 대분류,잡화-S동,대상,004714,36-158-200-01,대상/아세틸아디핀산전분/20kg,20kg,0,0,0,0,0,0,0,0,,0,,,
기본 대분류,잡화-S동,대상,004715,36-154-90-01,*대상/청정원/멸치액젓(진)9kg,9kg*1,0,0,0,0,0,0,0,0,,0,,,
기본 대분류,잡화-S동,대상,004716,36-152-20-01,대상/소갈비양념/2kg,2kg*8,0,0,0,0,0,0,0,0,,0,,,
기본 대분류,잡화-S동,대상,004717,36-129-20-01,대상/요리당,2.45kg,0,0,0,0,0,0,0,0,,0,,,
기본 대분류,잡화-S동,헌트,004718,32-43-30-01,헌트/페이스트,3.15kg*6,6,16600,99600,18000,108000,0.0843,252,42,0,0,,,
기본 대분류,잡화-S동,헌트,004719,32-43-03-01,헌트/페이스트(소),340g*24,0,0,0,0,0,0,0,0,,0,,,
기본 대분류,잡화-S동,헌트,004720,32-42-30-01,헌트/토마토홀,2.89kg*6,6,10100,60600,11116.6667,66700.0002,0.1007,24,4,0,0,,,
기본 대분류,잡화-S동,헌트,004721,32-41-30-01,헌트/토마토퓨레,3kg*6,6,13600,81600,16316.6667,97900.0002,0.1998,30,5,0,0,,,
기본 대분류,잡화-S동,헌트,004722,32-176-30-01,헌트/스파게티소스,3kg*6,6,12400,74400,14400,86400,0.1613,24,4,0,0,,,
기본 대분류,잡화-S동,헌트,004723,32-17-30-01,헌트/피자소스,3kg*6,6,14600,87600,17750,106500,0.2158,0,0,0,0,,,
기본 대분류,잡화-S동,1883,004724,310-173-10-06,1883/케인슈가시럽,1L*6,0,0,0,0,0,0,0,0,,0,,,
기본 대분류,잡화-S동,1883,004725,310-173-10-05,1883/헤이즐넛시럽,1L*6EA,0,0,0,0,0,0,0,0,,0,,,
기본 대분류,잡화-S동,1883,004726,310-173-10-04,1883/카라멜시럽,1L*6EA,0,0,0,0,0,0,0,0,,0,,,
기본 대분류,잡화-S동,1883,004727,310-173-10-03,1883/스트로베리(딸기)시럽,1L*6EA,0,0,0,0,0,0,0,0,,0,,,
기본 대분류,잡화-S동,1883,004728,310-173-10-02,1883/바닐라시럽,1L*6EA,0,0,0,0,0,0,0,0,,0,,,
기본 대분류,잡화-S동,1883,004729,310-173-10-01,1883/레몬시럽,1L*6EA,0,0,0,0,0,0,0,0,,0,,,
기본 대분류,잡화-S동,colgin,004730,309-250-04-01,colgin/리퀴드스모크,472ml*6,0,0,0,0,0,0,0,0,,0,,,
기본 대분류,잡화-S동,HK,004731,308-167-120-01,HK/골드순창식초/12L,12L,0,0,0,0,0,0,0,0,,0,,,
기본 대분류,잡화-S동,ISFI,004732,307-35-01-01,+ISFI/파슬리(소),12g*24,0,0,0,0,0,0,0,0,,0,,,
기본 대분류,잡화-S동,ISFI,004733,307-28-01-01,+ISFI/블랙페퍼(홀),45g*24,0,0,0,0,0,0,0,0,,0,,,
기본 대분류,잡화-S동,ISFI,004734,307-221-01-01,ISFI/베질(소),18g*24,0,0,0,0,0,0,0,0,,0,,,
기본 대분류,잡화-S동,ISFI,004735,307-144-01-01,ISFI/오레가노홀/12g,12g*24,0,0,0,0,0,0,0,0,,0,,,
기본 대분류,잡화-S동,S&W,004736,306-69-30-01,SW/칵테일,3.062kg*6,6,8200,49200,9850,59100,0.2012,0,0,0,0,,,
기본 대분류,잡화-S동,S&W,004737,306-69-08-01,SW/칵테일(소)/12입,850g*12,12,2400,28800,2875,34500,0.1979,600,50,0,0,,,
기본 대분류,잡화-S동,S&W,004738,306-33-30-02,SW/파인애플슬라이스청크,3.62K*6,6,9125.4237,54752.542199999996,11666.6667,70000.0002,0.2785,-30,-5,0,0,,,
기본 대분류,잡화-S동,S&W,004739,306-33-30-01,SW/파인애플슬라이스(대),3kg*6,6,9200,55200,10800,64800,0.1739,577,96,1,0,,,
기본 대분류,잡화-S동,S&W,004740,306-33-08-01,SW/파인애플슬라이스,836g*12ea,12,2800,33600,3350,40200,0.1964,0,0,0,0,,,
기본 대분류,잡화-S동,TRI,004741,305-59-04-01,TRI/코리앤더분,450g*12,0,0,0,0,0,0,0,0,,0,,,
기본 대분류,잡화-S동,TRI,004742,305-59-03-01,TRI/코리엔더홀,300g*12,0,0,0,0,0,0,0,0,,0,,,
기본 대분류,잡화-S동,TRI,004743,305-52-04-02,TRI/큐민홀,400g*12,0,0,0,0,0,0,0,0,,0,,,
기본 대분류,잡화-S동,TRI,004744,305-52-04-01,TRI/큐민분,450g*12,0,0,0,0,0,0,0,0,,0,,,
기본 대분류,잡화-S동,TRI,004745,305-49-03-01,TRI/클로브홀/정향,350g*12,12,15300,183600,18360,220320,0.2,0,0,0,0,,,
기본 대분류,잡화-S동,TRI,004746,305-46-01-01,TRI/타임(홀),180g*12,0,0,0,0,0,0,0,0,,0,,,
기본 대분류,잡화-S동,TRI,004747,305-44-05-01,TRI/터머릭분말,500g*12,0,0,0,0,0,0,0,0,,0,,,
기본 대분류,잡화-S동,TRI,004748,305-35-02-01,+TRI/파슬리(200g),200g*10,0,0,0,0,0,0,0,0,,0,,,
기본 대분류,잡화-S동,TRI,004749,305-35-01-02,+TRI/파슬리100G,100g*12,0,0,0,0,0,0,0,0,,0,,,
기본 대분류,잡화-S동,TRI,004750,305-35-01-01,+TRI/파슬리(70g),70g*12,0,0,0,0,0,0,0,0,,0,,,
기본 대분류,잡화-S동,TRI,004751,305-321-04-01,TRI/계피분말,400g*12,0,0,0,0,0,0,0,0,,0,,,
기본 대분류,잡화-S동,TRI,004752,305-32-04-01,TRI/파프리카씨즈닝,450g*12,0,0,0,0,0,0,0,0,,0,,,
기본 대분류,잡화-S동,TRI,004753,305-282-05-01,TRI/넛맥,500g*12,0,0,0,0,0,0,0,0,,0,,,
기본 대분류,잡화-S동,TRI,004754,305-28-03-02,+TRI/크러쉬드레드페퍼,340g*12,0,0,0,0,0,0,0,0,,0,,,
기본 대분류,잡화-S동,TRI,004755,305-28-03-01,+TRI/케이엔페퍼분,350g*12,0,0,0,0,0,0,0,0,,0,,,
기본 대분류,잡화-S동,TRI,004756,305-268-04-01,TRI/딜씨드,400g*12,0,0,0,0,0,0,0,0,,0,,,
기본 대분류,잡화-S동,TRI,004757,305-26-02-01,+TRI/페페로치노,200g*12,0,0,0,0,0,0,0,0,,0,,,
기본 대분류,잡화-S동,TRI,004758,305-254-02-01,TRI/로즈마리(홀),200g*12,0,0,0,0,0,0,0,0,,0,,,
기본 대분류,잡화-S동,TRI,004759,305-248-10-01,TRI/마늘분(80)/1kg,1kg*16,0,0,0,0,0,0,0,0,,0,,,
기본 대분류,잡화-S동,TRI,004760,305-248-05-01,TRI/마늘분,500g*12,0,0,0,0,0,0,0,0,,0,,,
기본 대분류,잡화-S동,TRI,004761,305-24-03-01,TRI/펜넬(홀),300g*12,0,0,0,0,0,0,0,0,,0,,,
기본 대분류,잡화-S동,TRI,004762,305-221-03-01,TRI/베질(분),300g*12,0,0,0,0,0,0,0,0,,0,,,
기본 대분류,잡화-S동,TRI,004763,305-221-01-01,TRI/베질(홀),150g*12,0,0,0,0,0,0,0,0,,0,,,
기본 대분류,잡화-S동,TRI,004764,305-149-10-01,TRI/양파분,1kg*16ea,0,0,0,0,0,0,0,0,,0,,,
기본 대분류,잡화-S동,TRI,004765,305-149-05-01,TRI/양파분,500g*12,0,0,0,0,0,0,0,0,,0,,,
기본 대분류,잡화-S동,TRI,004766,305-144-01-01,TRI/오레가노홀,150g*12,0,0,0,0,0,0,0,0,,0,,,
기본 대분류,잡화-S동,TRI,004767,305-14-10-01,TRI/피클링스파이스1Kg,1kg*12,0,0,0,0,0,0,0,0,,0,,,
기본 대분류,잡화-S동,TRI,004768,305-14-04-01,TRI/피클링스파이스450g,450h*12,0,0,0,0,0,0,0,0,,0,,,
기본 대분류,잡화-S동,TRI,004769,305-121-09-01,TRI/월계수잎90g,90g*24,0,0,0,0,0,0,0,0,,0,,,
기본 대분류,잡화-S동,TRI,004770,305-121-02-01,TRI/월계수잎,230g*6,0,0,0,0,0,0,0,0,,0,,,
기본 대분류,잡화-S동,TRI,004771,305-104-04-01,+TRI/조분가루/400G,400g*12,0,0,0,0,0,0,0,0,,0,,,
기본 대분류,잡화-S동,TRI,004772,305-01-04-01,+TRI/흑후추크렉,400g*12,0,0,0,0,0,0,0,0,,0,,,
기본 대분류,잡화-S동,TW(태원),004773,304-14-10-01,TW(태원)/피클링스파이스,1kg*10,0,0,0,0,0,0,0,0,,0,,,
기본 대분류,잡화-S동,가림,004774,303-110-30-01,가림/사과쨈,3kg*6,0,0,0,0,0,0,0,0,,0,,,
기본 대분류,잡화-S동,가림,004775,302-110-30-01,가림/딸기쨈,3kg*6,6,11200,67200,14000,84000,0.25,0,0,0,0,,,
기본 대분류,잡화-S동,강남,004776,301-233-90-01,강남/물엿/9kg,9kg*1,0,0,0,0,0,0,0,0,,0,,,
기본 대분류,잡화-S동,브랜드태그없음,004777,300-107-10-01,경주법주/정종(1.8L*6),1.8L,0,0,0,0,0,0,0,0,,0,,,
기본 대분류,잡화-S동,고려,004778,299-127-08-01,고려/우골농축액,840g*12,0,0,0,0,0,0,0,0,,0,,,
기본 대분류,잡화-S동,고우,004779,298-214-10-01,고우/노미트햄(B급)6입,1.8kg*6,0,0,0,0,0,0,0,0,,0,,,
기본 대분류,잡화-S동,골든크라운,004780,297-256-09-01,골든크라운/레몬쥬스,946mL*12,12,4300,51600,5000,60000,0.1628,24,2,0,0,,,
기본 대분류,잡화-S동,굿넛,004781,296-325-10-01,굿넛/건조크런베리/1kg,1kg*10ea,0,0,0,0,0,0,0,0,,0,,,
기본 대분류,잡화-S동,굿넛,004782,296-159-10-02,+굿넛/아몬드(홀)/1kg,1kg*10,0,0,0,0,0,0,0,0,,0,,,
기본 대분류,잡화-S동,굿넛,004783,296-159-10-01,+굿넛/아몬드슬라이스/1kg,1kg*10ea,0,0,0,0,0,0,0,0,,0,,,
기본 대분류,잡화-S동,글로벌,004784,295-264-01-01,글로벌/또띠아(12in)/냉동,12장*10팩,0,0,0,0,0,0,0,0,,0,,,
기본 대분류,잡화-S동,글로브(G1),004785,294-168-180-01,글로브(G1)/식용유/18L,18L,0,0,0,0,0,0,0,0,,0,,,
기본 대분류,잡화-S동,기꼬만혼쯔유,004786,293-90-10-01,기꼬만혼쯔유/코이다시/1L,1L*12,12,7700,92400,8875,106500,0.1526,0,0,0,0,,,
기본 대분류,잡화-S동,깐땅콩,004787,292-266-10-01,깐땅콩/1kg(20입),1kg*20ea,0,0,0,0,0,0,0,0,,0,,,
기본 대분류,잡화-S동,꼬미다,004788,291-57-04-01,꼬미다/코코넛(분말)/30입,400g*30,0,0,0,0,0,0,0,0,,0,,,
기본 대분류,잡화-S동,꼬미다,004789,291-183-30-01,꼬미다/슈가파우더,3kg*8,0,0,0,0,0,0,0,0,,0,,,
기본 대분류,잡화-S동,꼬미다,004790,291-183-05-01,꼬미다/슈가파우더/500g,500g*40ea,0,0,0,0,0,0,0,0,,0,,,
기본 대분류,잡화-S동,꽃샘,004791,290-89-10-10,꽃샘/한라봉차,1kg*8ea,0,0,0,0,0,0,0,0,,0,,,
기본 대분류,잡화-S동,꽃샘,004792,290-89-10-09,꽃샘/청귤차,1kg*8ea,0,0,0,0,0,0,0,0,,0,,,
기본 대분류,잡화-S동,꽃샘,004793,290-89-10-08,꽃샘/꿀레드자몽,1Kg*8ea,8,5700,45600,6837.5,54700,0.1996,0,0,0,0,,,
기본 대분류,잡화-S동,꽃샘,004794,290-89-10-07,꽃샘/유자차,1Kg*8ea,0,0,0,0,0,0,0,0,,0,,,
기본 대분류,잡화-S동,꽃샘,004795,290-89-10-06,꽃샘/생강차,1kg*8ea,0,0,0,0,0,0,0,0,,0,,,
기본 대분류,잡화-S동,꽃샘,004796,290-89-10-05,꽃샘/사과차,1Kg*8ea,0,0,0,0,0,0,0,0,,0,,,
기본 대분류,잡화-S동,꽃샘,004797,290-89-10-04,꽃샘/모과차,1kg*8ea,0,0,0,0,0,0,0,0,,0,,,
기본 대분류,잡화-S동,꽃샘,004798,290-89-10-03,꽃샘/매실차,1kg*8ea,0,0,0,0,0,0,0,0,,0,,,
기본 대분류,잡화-S동,꽃샘,004799,290-89-10-02,꽃샘/레몬차,1Kg*8ea,0,0,0,0,0,0,0,0,,0,,,
기본 대분류,잡화-S동,꽃샘,004800,290-89-10-01,꽃샘/대추차,1kg*8ea,0,0,0,0,0,0,0,0,,0,,,
기본 대분류,잡화-S동,꽃샘,004801,290-288-20-01,꽃샘/꿀유자차S/2kg,2kg*6ea,0,0,0,0,0,0,0,0,,0,,,
기본 대분류,잡화-S동,네오스,004802,289-318-10-01,네오스/고구마무스/냉동*1kg*10,1kg,0,0,0,0,0,0,0,0,,0,,,
기본 대분류,잡화-S동,뉴뜨레,004803,288-286-10-04,+뉴뜨레/냉동블루베리IQF,1Kg*12ea,0,0,0,0,0,0,0,0,,0,,,
기본 대분류,잡화-S동,뉴뜨레,004804,288-286-10-03,+뉴뜨레/냉동무가당(홀)딸기12입,1kg*12ea,0,0,0,0,0,0,0,0,,0,,,
기본 대분류,잡화-S동,뉴뜨레,004805,288-286-10-02,뉴뜨레/냉동가당딸기(중국),1kg*15ea,0,0,0,0,0,0,0,0,,0,,,
기본 대분류,잡화-S동,뉴뜨레,004806,288-286-10-01,뉴뜨레/냉동가당딸기(국산)80%,1kg*15ea,0,0,0,0,0,0,0,0,,0,,,
기본 대분류,잡화-S동,뉴뜨레,004807,288-285-10-01,+뉴뜨레/냉동망고(베트남)-우양,1kg*10ea,0,0,0,0,0,0,0,0,,0,,,
기본 대분류,잡화-S동,뉴뜨레,004808,288-267-10-01,+뉴뜨레/무가당딸기(홀)/중국산,1kg*12,0,0,0,0,0,0,0,0,,0,,,
기본 대분류,잡화-S동,뉴뜨레,004809,288-155-10-01,+뉴뜨레/애플망고/1kg,1kg*12ea,0,0,0,0,0,0,0,0,,0,,,
기본 대분류,잡화-S동,삼도,004810,27-82-10-02,+삼도/해울찬(홍)/초생강(면세),1.3kg*10,0,0,0,0,0,0,0,0,,0,,,
기본 대분류,잡화-S동,삼도,004811,27-82-10-01,+삼도/해울찬(백)/초생강(면세),1.3kg*10,0,0,0,0,0,0,0,0,,0,,,
기본 대분류,잡화-S동,늘푸른,004812,277-315-30-01,늘푸른/썬고추/3kg,3kg*2,0,0,0,0,0,0,0,0,,0,,,
기본 대분류,잡화-S동,늘푸른,004813,277-15-30-02,+늘푸른/오이피클(홀),3kg*6,6,8140,48840,9000,54000,0.1057,48,8,0,0,,,
기본 대분류,잡화-S동,늘푸른,004814,277-15-30-01,+늘푸른/오이피클(렐리쉬),3kg*6,6,6600,39600,0,0,-1,24,4,0,0,,,
기본 대분류,잡화-S동,늘푸른,004815,277-15-200-01,+늘푸른/피클렐리쉬20k(면세),20kg*box,0,0,0,0,0,0,0,0,,0,,,
기본 대분류,잡화-S동,늘푸른,004816,277-12-30-01,+늘푸른/할라피뇨,3kg*6,6,7700,46200,10000,60000,0.2987,30,5,0,0,,,
기본 대분류,잡화-S동,다들림,004817,276-290-10-05,+다들림/들깨가루(거친)/1kg*10,1kg(거친),0,0,0,0,0,0,0,0,,0,,,
기본 대분류,잡화-S동,다들림,004818,276-290-10-04,+다들림/박피들깨(기피)/1kg*10,1kg(기피),0,0,0,0,0,0,0,0,,0,,,
기본 대분류,잡화-S동,다들림,004819,276-290-10-03,+다들림/청정들/참깨/홀/1kg,1kg*10,0,0,0,0,0,0,0,0,,0,,,
기본 대분류,잡화-S동,다들림,004820,276-290-10-02,+다들림/청정들/흑깨분,1Kg*10,0,0,0,0,0,0,0,0,,0,,,
기본 대분류,잡화-S동,다들림,004821,276-290-10-01,+다들림/청정들/흑깨,1Kg*10,0,0,0,0,0,0,0,0,,0,,,
기본 대분류,잡화-S동,다빈치,004822,275-300-01-01,다빈치/소스펌프/정품,30ml,0,0,0,0,0,0,0,0,,0,,,
기본 대분류,잡화-S동,다인,004823,274-245-10-01,다인/산농/맛기름/1.8L,1.8L*10,10,6000,60000,0,0,-1,60,6,0,0,,,
기본 대분류,잡화-S동,삼도,004824,27-40-05-01,삼도/튀긴마늘후레이크,500g*12,0,0,0,0,0,0,0,0,,0,,,
기본 대분류,잡화-S동,대명,004825,273-326-200-01,대명/감자전분/20kg,20kg,0,0,0,0,0,0,0,0,,0,,,
기본 대분류,잡화-S동,삼도,004826,27-328-05-03,+삼도/가스오부시/B급/500g,500g*10ea,0,0,0,0,0,0,0,0,,0,,,
기본 대분류,잡화-S동,삼도,004827,27-328-05-02,+삼도/하나가스오부시/A급,500g*4,0,0,0,0,0,0,0,0,,0,,,
기본 대분류,잡화-S동,삼도,004828,27-328-05-01,+삼도/이도가스오부시/500g,500g*4,0,0,0,0,0,0,0,0,,0,,,
기본 대분류,잡화-S동,삼도,004829,27-315-40-01,*삼도/해울찬/산고추/4kg,4kg*4,0,0,0,0,0,0,0,0,,0,,,
기본 대분류,잡화-S동,삼도(해울),004830,27-315-05-01,+삼도(해울)/산고추(면세),500g*20,0,0,0,0,0,0,0,0,,0,,,
기본 대분류,잡화-S동,델몬트,004831,27-310-10-01,델몬트/망고쥬스/1.5L,1.5L*6,0,0,0,0,0,0,0,0,,0,,,
기본 대분류,잡화-S동,삼도,004832,27-261-30-02,삼도/프리미엄/락교/sss,3kg*4,4,9100,36400,0,0,-1,0,0,0,0,,,
기본 대분류,잡화-S동,삼도,004833,27-261-30-01,삼도/프리미엄/락교/ss,3kg*6,0,0,0,0,0,0,0,0,,0,,,
기본 대분류,잡화-S동,대왕,004834,272-271-10-02,대왕/된장/은화//적/아와세,1kg*10,0,0,0,0,0,0,0,0,,0,,,
기본 대분류,잡화-S동,대왕,004835,272-271-10-01,대왕/된장(고시고지)은화/백색,1kg*10,0,0,0,0,0,0,0,0,,0,,,
기본 대분류,잡화-S동,대왕,004836,272-270-09-01,대왕/참깨드레싱900ml,900ml*15,0,0,0,0,0,0,0,0,,0,,,
기본 대분류,잡화-S동,대왕,004837,272-127-08-01,대왕/하나/우골농축액,840g*12,0,0,0,0,0,0,0,0,,0,,,
기본 대분류,잡화-S동,립톤,004838,27-156-09-02,립톤(레몬)/907g,907g*12,0,0,0,0,0,0,0,0,,0,,,
기본 대분류,잡화-S동,립톤,004839,27-156-09-01,립톤(복숭아)/907g,907g*12,0,0,0,0,0,0,0,0,,0,,,
기본 대분류,잡화-S동,립톤,004840,27-156-01-01,립톤/아이스티(복숭아),32oz*12,0,0,0,0,0,0,0,0,,0,,,
기본 대분류,잡화-S동,대한제당,004841,271-34-05-02,대한제당/호니베어블루베리,595g*12,12,4590,55080,5225,62700,0.1383,60,5,0,0,,,
기본 대분류,잡화-S동,대한제당,004842,271-34-05-01,대한제당/체리베리,595g*12,12,4590,55080,5400,64800,0.1765,24,2,0,0,,,
기본 대분류,잡화-S동,대한제당,004843,271-23-200-01,대한제당/함수포도당(CN/DADI),20kg,0,0,0,0,0,0,0,0,,0,,,
기본 대분류,잡화-S동,대한제당,004844,271-193-30-02,대한제당/푸드림 황설탕3kg,3kg*8,8,4400,35200,7262.5,58100,0.6506,0,0,0,0,,,
기본 대분류,잡화-S동,대한제당,004845,271-193-30-01,대한제당/백설탕3kg,3kg*8,8,4450,35600,5337.5,42700,0.1994,0,0,0,0,,,
기본 대분류,잡화-S동,대한제당,004846,271-193-150-01,대한제당/설탕/15kg/정백당,15kg*1,0,0,0,0,0,0,0,0,,0,,,
기본 대분류,잡화-S동,대한제당,004847,271-159-10-01,+대한제당/아몬드(슬)/kg,1kg*10,10,13500,135000,0,0,-1,0,0,0,0,,,
기본 대분류,잡화-S동,대한제분,004848,270-177-05-01,대한제분/펜네/,500g*20,0,0,0,0,0,0,0,0,,0,,,
기본 대분류,잡화-S동,대한제분,004849,270-175-05-04,대한제분/스파게티/보가사리,500g*20,0,0,0,0,0,0,0,0,,0,,,
기본 대분류,잡화-S동,대한제분,004850,270-175-05-03,대한제분/스파게티/라폰테,500g*20,20,1050,21000,1260,25200,0.2,540,27,0,0,,,
기본 대분류,잡화-S동,대한제분,004851,270-175-05-02,대한제분/마카로니/보가사리,500g*20,0,0,0,0,0,0,0,0,,0,,,
기본 대분류,잡화-S동,대한제분,004852,270-175-05-01,대한제분/마카로니/라폰테,500g*20,20,1050,21000,1260,25200,0.2,20,1,0,0,,,
기본 대분류,잡화-S동,대화,004853,269-98-04-01,대화/하하/두반장/12입,450g*12,0,0,0,0,0,0,0,0,,0,,,
기본 대분류,잡화-S동,대화,004854,269-150-02-01,대화/양장피채,200g*30,0,0,0,0,0,0,0,0,,0,,,
기본 대분류,잡화-S동,더조은,004855,268-292-10-01,더조은/김가루,1Kg*4,0,0,0,0,0,0,0,0,,0,,,
기본 대분류,잡화-S동,데빅,004856,267-50-10-01,데빅/휘핑크림/듀오휩/1L,1L*6,0,0,0,0,0,0,0,0,,0,,,
기본 대분류,잡화-S동,데체코,004857,266-42-20-01,롱고바디/토마토홀,2.55kg*6,6,5900,35400,7050,42300,0.1949,-12,-2,0,0,,,
기본 대분류,잡화-S동,데체코,004858,266-177-10-03,데체코/스파게티니/11번/(가늘다,1kg*12,12,4550,54600,0,0,-1,108,9,0,0,,,
기본 대분류,잡화-S동,데체코,004859,266-177-10-02,데체코/스파게티12번/(굵다),1kg*12,0,0,0,0,0,0,0,0,,0,,,
기본 대분류,잡화-S동,데체코,004860,266-177-10-01,데체코/링기니(7번)/1Kg,1kg*12,0,0,0,0,0,0,0,0,,0,,,
기본 대분류,잡화-S동,데체코,004861,266-177-06-01,데체코/메크레마콘타르투포,660g*6,0,0,0,0,0,0,0,0,,0,,,
기본 대분류,잡화-S동,데체코,004862,266-177-05-07,데체코/파케리/500g,500g*12,0,0,0,0,0,0,0,0,,0,,,
기본 대분류,잡화-S동,데체코,004863,266-177-05-06,데체코/페투칠레,500g*24,0,0,0,0,0,0,0,0,,0,,,
기본 대분류,잡화-S동,데체코,004864,266-177-05-05,데체코/카사레치아,500g*24,0,0,0,0,0,0,0,0,,0,,,
기본 대분류,잡화-S동,데체코,004865,266-177-05-04,데체코/리가토니,500g*24,0,0,0,0,0,0,0,0,,0,,,
기본 대분류,잡화-S동,데체코,004866,266-177-05-03,데체코/라자냐,500g*24,0,0,0,0,0,0,0,0,,0,,,
기본 대분류,잡화-S동,데체코,004867,266-177-05-02,데체코/까펠리니/500g/9번,500g*24,0,0,0,0,0,0,0,0,,0,,,
기본 대분류,잡화-S동,데체코,004868,266-177-05-01,데체코/파파델리,500g*8,0,0,0,0,0,0,0,0,,0,,,
기본 대분류,잡화-S동,동서,004869,265-12-30-01,델솔 할라피뇨 페퍼2.83kg( 슬라이스)/56,2.83kg*6,6,10266,61596,13000,78000,0.2663,336,56,0,0,,,
기본 대분류,잡화-S동,주식회사 씨엘푸드,004870,264-276-10-01,씨엘 동경단무지(슬),1kg*10,10,2920,29200,3640,36400,0.2466,0,0,0,0,,,
기본 대분류,잡화-S동,동남,004871,263-177-05-08,동남/산타루치아/스파게티,500g*24,0,0,0,0,0,0,0,0,,0,,,
기본 대분류,잡화-S동,동남,004872,263-177-05-01,동남/파르팔레/리본/500g,500g*24,0,0,0,0,0,0,0,0,,0,,,
기본 대분류,잡화-S동,동성식품,004873,262-125-02-01,동성식품(사누끼우동면),230g*5=8입,0,0,0,0,0,0,0,0,,0,,,
기본 대분류,잡화-S동,두레원,004874,261-288-10-01,+두레원/사양벌꿀/1kg,1kg*12ea,0,0,0,0,0,0,0,0,,0,,,
기본 대분류,잡화-S동,디딤돌,004875,260-168-180-01,디딤돌/식용유/18L,18L,0,0,0,0,0,0,0,0,,0,,,
기본 대분류,잡화-S동,뚜레반,004876,259-85-30-01,+뚜레반/찹쌀가루/3kg/국산,3kg*4,0,0,0,0,0,0,0,0,,0,,,
기본 대분류,잡화-S동,뚜레반,004877,259-85-10-01,+뚜레반/찹쌀가루/국산,1kg*10,0,0,0,0,0,0,0,0,,0,,,
기본 대분류,잡화-S동,뚜레반,004878,259-55-10-02,뚜레반/콩가루/볶음/1kg,1kg*10,0,0,0,0,0,0,0,0,,0,,,
기본 대분류,잡화-S동,뚜레반,004879,259-55-10-01,+뚜레반/날콩가루1kg,1kg*10,0,0,0,0,0,0,0,0,,0,,,
기본 대분류,잡화-S동,뚜레반,004880,259-326-30-01,뚜레반/감자전분(수입)/3kg,3kg*4,0,0,0,0,0,0,0,0,,0,,,
기본 대분류,잡화-S동,뚜레반,004881,259-326-10-01,뚜레반/감자전분/국산100%/1kg,1kg*10,0,0,0,0,0,0,0,0,,0,,,
기본 대분류,잡화-S동,뚜레반,004882,259-278-10-01,뚜레반/뉴슈가/1kg,1kg*10,0,0,0,0,0,0,0,0,,0,,,
기본 대분류,잡화-S동,뚜레반,004883,259-229-10-01,뚜레반/미숫가루/17곡/1kg,1kg*12ea,0,0,0,0,0,0,0,0,,0,,,
기본 대분류,잡화-S동,뚜레반,004884,259-223-200-01,뚜레반/메밀가루/20kg,20kg,0,0,0,0,0,0,0,0,,0,,,
기본 대분류,잡화-S동,뚜레반,004885,259-165-10-01,+뚜레반/쌀가루,1kg*10,0,0,0,0,0,0,0,0,,0,,,
기본 대분류,잡화-S동,뚜레반,004886,259-145-10-01,뚜레반/엿기름가루(복합),1kg*10,0,0,0,0,0,0,0,0,,0,,,
기본 대분류,잡화-S동,뚜레반,004887,259-139-30-01,뚜레반/옥수수전분/3kg,3kg*4,0,0,0,0,0,0,0,0,,0,,,
기본 대분류,잡화-S동,뚜레반,004888,259-139-10-01,뚜레반/옥수수전분 1kg,1kg*10,1,38000,38000,53900,53900,0.4184,0,0,0,0,,,
기본 대분류,잡화-S동,라코스테냐,004889,258-54-05-01,라코스테냐/홀 핀토빈스 560g,560g*12,0,0,0,0,0,0,0,0,,0,,,
기본 대분류,잡화-S동,라코스테냐,004890,258-295-20-01,라코스테냐/그린토마틸로,2.8k*6,0,0,0,0,0,0,0,0,,0,,,
기본 대분류,잡화-S동,라코스테냐,004891,258-28-20-01,라코스테냐/치포틀레페퍼/2.8Kg,2.8kg*6,0,0,0,0,0,0,0,0,,0,,,
기본 대분류,잡화-S동,런던브릭스,004892,257-147-10-01,런던브릭스/청포도에이드,1.5L*6,0,0,0,0,0,0,0,0,,0,,,
기본 대분류,잡화-S동,로럭스,004893,256-159-10-01,+로럭스/아몬드파우더(분말),1kg*10,0,0,0,0,0,0,0,0,,0,,,
기본 대분류,잡화-S동,로리,004894,255-177-05-01,로리/스파게티,500g*24,0,0,0,0,0,0,0,0,,0,,,
기본 대분류,잡화-S동,리고,004895,254-84-05-01,리고/체리가루,539g*12,0,0,0,0,0,0,0,0,,0,,,
기본 대분류,잡화-S동,리고,004896,254-300-01-01,리고/핫소스/수입(미국),177ml*24,24,1430,34320,0,0,-1,0,0,0,0,,,
기본 대분류,잡화-S동,리고,004897,254-257-05-01,리고/레몬가루/국내산,530g*12,0,0,0,0,0,0,0,0,,0,,,
기본 대분류,잡화-S동,리고,004898,254-256-09-01,리고/레몬쥬스/엘막/946ml,946ml*12,12,3450,41400,0,0,-1,248,20,8,0,,,
기본 대분류,잡화-S동,리고,004899,254-215-05-01,리고/복숭아가루/국내산,530g*12,0,0,0,0,0,0,0,0,,0,,,
기본 대분류,잡화-S동,리고,004900,254-173-01-02,리고/초코시럽,585g*12,12,3600,43200,4316.6667,51800.0004,0.1991,24,2,0,0,,,
기본 대분류,잡화-S동,리고,004901,254-173-01-01,리고/딸기시럽,585g*12,12,3600,43200,4316.6667,51800.0004,0.1991,0,0,0,0,,,
기본 대분류,잡화-S동,리고,004902,254-147-09-01,리고/오렌지마말에이드/폴란드산,907g*6,0,0,0,0,0,0,0,0,,0,,,
기본 대분류,잡화-S동,리고,004903,254-110-10-01,리고/땅콩쨈,1kg*6,6,7200,43200,8350,50100,0.1597,418,69,4,0,,,
기본 대분류,잡화-S동,리고,004904,254-110-05-02,리고/땅콩잼(파랑크리미)/510g,510g*12,0,0,0,0,0,0,0,0,,0,,,
기본 대분류,잡화-S동,리고,004905,254-110-05-01,리고/땅콩잼(빨강크런키)/510g,510g*12,0,0,0,0,0,0,0,0,,0,,,
기본 대분류,잡화-S동,리고,004906,254-110-04-01,리고/땅콩잼(미국)청키,462g*12,0,0,0,0,0,0,0,0,,0,,,
기본 대분류,잡화-S동,리코스,004907,253-78-30-01,리코스나쵸치즈소스3.11kg,3.11kg*4,4,18000,72000,22200,88800,0.2333,0,0,0,0,,,
기본 대분류,잡화-S동,리코스,004908,253-300-30-02,리코스/나초치즈소스/3.033kg,3.033kg*6,0,0,0,0,0,0,0,0,,0,,,
기본 대분류,잡화-S동,리코스,004909,253-300-30-01,리코스/살사소스,3.74kg*4,0,0,0,0,0,0,0,0,,0,,,
기본 대분류,잡화-S동,리코스,004910,253-287-04-01,리코스/나초칩/454g,454g*12,0,0,0,0,0,0,0,0,,0,,,
기본 대분류,잡화-S동,마르게리타,004911,252-41-2000-01,마르게리타/다이스토마토/210KG,210Kg*1ea,0,0,0,0,0,0,0,0,,0,,,
기본 대분류,잡화-S동,마르게리타,004912,252-41-100-01,마르게리타/다이스토마토/10kg,10kg*1ea,0,0,0,0,0,0,0,0,,0,,,
기본 대분류,잡화-S동,매일,004913,25-210-200-01,+매일/전지분유/20kg,20kg*1,0,0,0,0,0,0,0,0,,0,,,
기본 대분류,잡화-S동,마산,004914,251-327-130-02,+마산/순간장/13L,13L*1,0,0,0,0,0,0,0,0,,0,,,
기본 대분류,잡화-S동,마산,004915,251-327-130-01,+마산/몽고진간장,13l*1,1,21000,21000,25200,25200,0.2,12,12,0,0,,,
기본 대분류,잡화-S동,마제스티,004916,250-214-10-02,마제스티/부대햄/A급/6입,1.81kg*6,0,0,0,0,0,0,0,0,,0,,,
기본 대분류,잡화-S동,마제스티,004917,250-214-10-01,마제스티/부대햄/B급,1.8kg*6,6,12300,73800,0,0,-1,12,2,0,0,,,
기본 대분류,잡화-S동,맛찬들 쫄면,004918,249-92-20-01,맛찬들 쫄면/냉동,2kg*10,0,0,0,0,0,0,0,0,,0,,,
기본 대분류,세제외-A동,맥선,004919,248-223-200-01,+맥선/박력밀가루/다목적A/20kg,20kg,0,0,0,0,0,0,0,0,0,0,,,
기본 대분류,잡화-S동,동서,004920,24-78-20-01,동서/크림치즈,2kg*8,0,0,0,0,0,0,0,0,,0,,,
기본 대분류,잡화-S동,면메이트,004921,247-237-02-01,면메이트/280g*30,280g*30ea,1,27000,27000,0,0,-1,0,0,0,0,,,
기본 대분류,잡화-S동,명진,004922,246-95-10-01,+명진/짜사이채/1kg/코끼리,1kg*20,0,0,0,0,0,0,0,0,,0,,,
기본 대분류,잡화-S동,명진,004923,246-95-05-01,+명진/짜사이/코끼리,500g*40,0,0,0,0,0,0,0,0,,0,,,
기본 대분류,잡화-S동,명진,004924,246-307-01-01,명진/금가루/0.3g*10/국산,0.3g*10,0,0,0,0,0,0,0,0,,0,,,
기본 대분류,잡화-S동,명진,004925,246-306-30-01,명진/밀감1호/코끼리,3kg*6,0,0,0,0,0,0,0,0,,0,,,
기본 대분류,잡화-S동,맥스웰,004926,24-63-05-01,맥스웰/화인커피분말,500g*12ea,0,0,0,0,0,0,0,0,,0,,,
기본 대분류,잡화-S동,맥심,004927,24-63-01-01,맥심/모카골드/210T+10T,210T+10T*4,0,0,0,0,0,0,0,0,,0,,,
기본 대분류,잡화-S동,명진,004928,246-279-02-01,명진/누룽지/코끼리,284g*36,0,0,0,0,0,0,0,0,,0,,,
기본 대분류,잡화-S동,명진,004929,246-219-30-03,명진/표고버섯(홀)/코끼리,3kg*6,6,4533.3333,27199.9998,0,0,-1,162,27,0,0,,,
기본 대분류,잡화-S동,명진,004930,246-219-30-02,명진/표고버섯(채)/코끼리,3kg*6,0,0,0,0,0,0,0,0,,0,,,
기본 대분류,잡화-S동,명진,004931,246-219-30-01,명진/초고버섯(대)/코끼리,3kg*6,6,8666.6667,52000.000199999995,0,0,-1,192,32,0,0,,,
기본 대분류,잡화-S동,명진,004932,246-219-04-01,명진/초고버섯/코끼리,400g*24,0,0,0,0,0,0,0,0,,0,,,
기본 대분류,잡화-S동,명진,004933,246-186-01-01,명진/송화단,60g*10ea(16곽),0,0,0,0,0,0,0,0,,0,,,
기본 대분류,잡화-S동,명진,004934,246-171-02-01,명진/시치미/240g*50,240g*50,0,0,0,0,0,0,0,0,,0,,,
기본 대분류,잡화-S동,명진,004935,246-151-30-02,명진/양송이특편,3kg*6,6,7116.6667,42700.000199999995,8500,51000,0.1944,462,77,0,0,,,
기본 대분류,잡화-S동,명진,004936,246-151-30-01,명진/양송이(홀)/코끼리,3kg*6,0,0,0,0,0,0,0,0,,0,,,
기본 대분류,잡화-S동,명진,004937,246-151-20-01,명진/양송이(슬)/코끼리,2.84K*6,6,7450,44700,8650,51900,0.1611,540,90,0,0,,,
기본 대분류,잡화-S동,명진,004938,246-150-04-02,명진/양장피/수제작업/코끼리,400g*20,0,0,0,0,0,0,0,0,,0,,,
기본 대분류,잡화-S동,명진,004939,246-150-04-01,명진/양장피/기계작업/코끼리,400g/곽*20,0,0,0,0,0,0,0,0,,0,,,
기본 대분류,잡화-S동,명진,004940,246-138-04-01,명진/영콘,400g*24,1,26640,26640,30000,30000,0.1261,0,0,0,0,,,
기본 대분류,잡화-S동,명진,004941,246-108-20-01,명진/적색체리(大),2kg*6,6,11500,69000,14750,88500,0.2826,42,7,0,0,,,
기본 대분류,잡화-S동,명진,004942,246-108-10-01,명진/적색체리(꼭지)/대,2kg*6,6,12300,73800,14750,88500,0.1992,66,11,0,0,,,
기본 대분류,잡화-S동,명진,004943,246-108-04-02,명진/적색체리(소)/중국,400g*12,0,0,0,0,0,0,0,0,,0,,,
기본 대분류,잡화-S동,명진,004944,246-108-04-01,명진/적색체리(小)꼭지/중국,400g*12,0,0,0,0,0,0,0,0,,0,,,
기본 대분류,잡화-S동,명진,004945,246-100-30-04,명진/동죽순/코끼리,3kg*6,0,0,0,0,0,0,0,0,0,0,,,
기본 대분류,잡화-S동,명진,004946,246-100-30-03,명진/죽순(채)/코끼리,3kg*6,6,3683.3333,22099.999799999998,0,0,-1,36,6,0,0,,,
기본 대분류,잡화-S동,명진,004947,246-100-30-02,명진/죽순(편)/코끼리,3kg*6,6,3683.3333,22099.999799999998,0,0,-1,234,39,0,0,,,
기본 대분류,잡화-S동,명진,004948,246-100-30-01,명진/죽순홀/코끼리,3kg*6,6,3683.3333,22099.999799999998,0,0,-1,312,52,0,0,,,
기본 대분류,잡화-S동,명진,004949,246-06-10-01,명진/혼다시/다시노모도(계성),1kg*10,10,7700,77000,9720,97200,0.2623,610,61,0,0,,,
기본 대분류,잡화-S동,모노,004950,245-327-10-01,+모노/사시미타마리간장(면세),1.8L*6,0,0,0,0,0,0,0,0,,0,,,
기본 대분류,잡화-S동,동서,004951,24-53-08-01,동서/초코쿠키(파우더)800g,800g*10ea,0,0,0,0,0,0,0,0,,0,,,
기본 대분류,잡화-S동,모닌,004952,244-89-07-01,모닌/엘더플라워,700ml*6ea,0,0,0,0,0,0,0,0,,0,,,
기본 대분류,잡화-S동,모닌,004953,244-173-10-12,모닌/자몽(핑크그레이프)시럽/1L,1L*6,0,0,0,0,0,0,0,0,,0,,,
기본 대분류,잡화-S동,모닌,004954,244-173-10-11,모닌/오렌지시럽,1L*6,0,0,0,0,0,0,0,0,,0,,,
기본 대분류,잡화-S동,모닌,004955,244-173-10-10,모닌/헤이즐넛시럽,1L*6EA,0,0,0,0,0,0,0,0,,0,,,
기본 대분류,잡화-S동,모닌,004956,244-173-10-09,모닌/패션후르트시럽,1L*6ea,0,0,0,0,0,0,0,0,,0,,,
기본 대분류,잡화-S동,모닌,004957,244-173-10-08,모닌/카라멜시럽,1L*6EA,0,0,0,0,0,0,0,0,,0,,,
기본 대분류,잡화-S동,모닌,004958,244-173-10-07,모닌/초콜렛시럽,1L*6EA,0,0,0,0,0,0,0,0,,0,,,
기본 대분류,잡화-S동,모닌,004959,244-173-10-06,모닌/스위트앤샤워시럽,1L*6ea,0,0,0,0,0,0,0,0,,0,,,
기본 대분류,잡화-S동,모닌,004960,244-173-10-05,모닌/블루큐라소시럽/1L,1L*6ea,0,0,0,0,0,0,0,0,,0,,,
기본 대분류,잡화-S동,모닌,004961,244-173-10-04,모닌/바닐라시럽,1L*6EA,0,0,0,0,0,0,0,0,,0,,,
기본 대분류,잡화-S동,모닌,004962,244-173-10-03,모닌/모히또시럽,1L*6EA,0,0,0,0,0,0,0,0,,0,,,
기본 대분류,잡화-S동,모닌,004963,244-173-10-02,모닌/레몬시럽,1L*6EA,0,0,0,0,0,0,0,0,,0,,,
기본 대분류,잡화-S동,모닌,004964,244-173-10-01,모닌/그린애플시럽,1L*6EA,0,0,0,0,0,0,0,0,,0,,,
기본 대분류,잡화-S동,모닌,004965,244-173-07-01,모닌/라임시럽,700ml*6,0,0,0,0,0,0,0,0,,0,,,
기본 대분류,잡화-S동,몬,004966,243-73-30-02,몬/똠양꿍/칠리페이스트/3kg,3kg*6,6,42000,252000,50400,302400,0.2,0,0,0,0,,,
기본 대분류,잡화-S동,몬,004967,243-73-30-01,몬/볶음/칠리페이스트/3Kg,3kg*6,0,0,0,0,0,0,0,0,,0,,,
기본 대분류,잡화-S동,몬,004968,243-73-04-02,몬/칠리페이스트/똠양/454g,454g*12,0,0,0,0,0,0,0,0,,0,,,
기본 대분류,잡화-S동,몬,004969,243-73-04-01,몬/칠리페이스트/볶음/수리/454g,454g*12,0,0,0,0,0,0,0,0,,0,,,
기본 대분류,잡화-S동,몬,004970,243-64-04-03,몬/수리옐로우커리페이스트/400g,400g*24,0,0,0,0,0,0,0,0,,0,,,
기본 대분류,잡화-S동,몬,004971,243-64-04-02,몬/수리레드커리페이스트,400g*24,0,0,0,0,0,0,0,0,,0,,,
기본 대분류,잡화-S동,몬,004972,243-64-04-01,몬/수리 그린커리페이스트,400g*24,0,0,0,0,0,0,0,0,,0,,,
기본 대분류,잡화-S동,몬,004973,243-58-20-01,몬/코코넛밀크/2.9L,2.9L*6,0,0,0,0,0,0,0,0,,0,,,
기본 대분류,잡화-S동,몬,004974,243-58-04-01,몬/코코넛밀크,400ml*24,0,0,0,0,0,0,0,0,,0,,,
기본 대분류,잡화-S동,몬,004975,243-50-05-02,몬/발사믹크림/A급,500ml*6,0,0,0,0,0,0,0,0,,0,,,
기본 대분류,잡화-S동,몬,004976,243-50-05-01,몬/발사믹크림/B급,500ml*6,0,0,0,0,0,0,0,0,,0,,,
기본 대분류,잡화-S동,몬,004977,243-304-04-01,몬/홍콩면 에그누들454g,454g*24,0,0,0,0,0,0,0,0,,0,,,
기본 대분류,잡화-S동,몬,004978,243-304-02-02,몬/멍빈누들(대,200g*50,0,0,0,0,0,0,0,0,,0,,,
기본 대분류,잡화-S동,몬,004979,243-304-02-01,몬/버미셀리,250g*24,0,0,0,0,0,0,0,0,,0,,,
기본 대분류,잡화-S동,몬,004980,243-300-50-05,몬/Squid휘시소스,4.5L*3,0,0,0,0,0,0,0,0,,0,,,
기본 대분류,잡화-S동,몬,004981,243-300-50-04,몬/피넛월남쌈소스/4.8L,4.5L*3,0,0,0,0,0,0,0,0,,0,,,
기본 대분류,잡화-S동,몬,004982,243-300-50-03,몬/블랙빈소스5L/수리,5L*4,0,0,0,0,0,0,0,0,,0,,,
기본 대분류,잡화-S동,몬,004983,243-300-50-02,몬/스위트칠리소스(5ℓ),5L*4,0,0,0,0,0,0,0,0,,0,,,
기본 대분류,잡화-S동,몬,004984,243-300-50-01,몬/팟타이소스/5L,5L*4ea,0,0,0,0,0,0,0,0,,0,,,
기본 대분류,잡화-S동,몬,004985,243-300-20-01,몬/월남쌈소스/2L,2.32kg*6,0,0,0,0,0,0,0,0,,0,,,
기본 대분류,잡화-S동,몬,004986,243-300-04-01,몬/호이신소스(해선장)/튜브,435ml*12,0,0,0,0,0,0,0,0,,0,,,
기본 대분류,잡화-S동,몬,004987,243-300-03-02,몬/Squid휘시소스/300ml,300ml*12,0,0,0,0,0,0,0,0,,0,,,
기본 대분류,잡화-S동,몬,004988,243-300-03-01,몬/칠리샤브수끼소스/300ml,300ml*12,0,0,0,0,0,0,0,0,,0,,,
기본 대분류,잡화-S동,몬,004989,243-300-02-12,몬/쌀국수칠리소스,230g*12,0,0,0,0,0,0,0,0,,0,,,
기본 대분류,잡화-S동,몬,004990,243-300-02-11,몬/월남쌈소스/230G,230g*12,0,0,0,0,0,0,0,0,,0,,,
기본 대분류,잡화-S동,몬,004991,243-300-02-10,몬/피넛월남쌈소스,230g*12,0,0,0,0,0,0,0,0,,0,,,
기본 대분류,잡화-S동,몬,004992,243-300-02-09,몬/해선장소스(소)/호이신,260g*12,0,0,0,0,0,0,0,0,,0,,,
기본 대분류,잡화-S동,몬,004993,243-300-02-08,몬/볶음/쌀국수소스/295ml,295ml*12,0,0,0,0,0,0,0,0,,0,,,
기본 대분류,잡화-S동,몬,004994,243-300-02-07,몬/블랙빈소스295ml/수리,295ml*12,0,0,0,0,0,0,0,0,,0,,,
기본 대분류,잡화-S동,몬,004995,243-300-02-06,몬/수리휘시소스,295ml*12,0,0,0,0,0,0,0,0,,0,,,
기본 대분류,잡화-S동,몬,004996,243-300-02-05,몬/스위트칠리소스(295ml),295ml*12,0,0,0,0,0,0,0,0,,0,,,
기본 대분류,잡화-S동,몬,004997,243-300-02-04,몬/씨푸드망고칠리소스,295ml*12,0,0,0,0,0,0,0,0,,0,,,
기본 대분류,잡화-S동,몬,004998,243-300-02-03,몬/월남쌈소스/295ml/몬,295ml*12,0,0,0,0,0,0,0,0,,0,,,
기본 대분류,잡화-S동,몬,004999,243-300-02-02,몬/파인애플 월남쌈소스/,295ml*12,0,0,0,0,0,0,0,0,,0,,,
기본 대분류,잡화-S동,몬,005000,243-300-02-01,몬/팟타이소스/295ml,295ml*12,0,0,0,0,0,0,0,0,,0,,,
기본 대분류,잡화-S동,몬,005001,243-294-02-02,몬/타마린/227g,227g*100,0,0,0,0,0,0,0,0,,0,,,
기본 대분류,잡화-S동,몬,005002,243-294-02-01,몬/비프스파이스믹스/228g,228g*12,0,0,0,0,0,0,0,0,,0,,,
기본 대분류,잡화-S동,몬,005003,243-294-01-01,몬/isfi/시나몬파우더,40g*24ea,0,0,0,0,0,0,0,0,,0,,,
기본 대분류,잡화-S동,몬,005004,243-28-01-01,+몬/isfi핑크페퍼홀/80g,80g*12,0,0,0,0,0,0,0,0,,0,,,
기본 대분류,잡화-S동,몬,005005,243-242-05-01,몬/망고(슬),565g*24,0,0,0,0,0,0,0,0,,0,,,
기본 대분류,잡화-S동,몬,005006,243-238-50-02,몬/르네 디존머스타드,5kg*2,0,0,0,0,0,0,0,0,,0,,,
기본 대분류,잡화-S동,몬,005007,243-238-50-01,몬/르네 홀그레인머스타드/5L*2,5L*2,0,0,0,0,0,0,0,0,,0,,,
기본 대분류,잡화-S동,몬,005008,243-238-08-02,몬/홀그레인머스타드,820g*6,6,8000,48000,9166.6667,55000.000199999995,0.1458,0,0,0,0,,,
기본 대분류,잡화-S동,몬,005009,243-238-08-01,몬/디존머스타드,850g*6,0,0,0,0,0,0,0,0,,0,,,
기본 대분류,잡화-S동,몬,005010,243-238-01-01,몬/홀그레인머스타드(소),190g*12,0,0,0,0,0,0,0,0,,0,,,
기본 대분류,잡화-S동,몬,005011,243-224-30-01,몬/민트젤리/3Kg,3kg*6,0,0,0,0,0,0,0,0,,0,,,
기본 대분류,잡화-S동,몬,005012,243-224-02-01,몬/민트젤리,290g*6,0,0,0,0,0,0,0,0,,0,,,
기본 대분류,잡화-S동,몬,005013,243-180-20-01,몬/스위트칠리/2L,2.38kg*6,0,0,0,0,0,0,0,0,,0,,,
기본 대분류,잡화-S동,몬,005014,243-180-04-01,몬/스위트칠리/435ml,435ml*12,0,0,0,0,0,0,0,0,,0,,,
기본 대분류,잡화-S동,몬,005015,243-180-02-01,몬/스위트칠리 240g,240g*12,0,0,0,0,0,0,0,0,,0,,,
기본 대분류,잡화-S동,몬,005016,243-167-05-03,몬/와인식초(화이트),500ml*12,0,0,0,0,0,0,0,0,,0,,,
기본 대분류,잡화-S동,몬,005017,243-167-05-02,몬/와인식초(레드),500ml*12,0,0,0,0,0,0,0,0,,0,,,
기본 대분류,잡화-S동,몬,005018,243-167-05-01,몬/발사믹식초500ml,500ml*12,12,4650,55800,0,0,-1,48,4,0,0,,,
기본 대분류,잡화-S동,몬,005019,243-164-04-02,몬/쌀국수5mm/스틱,400g*30,0,0,0,0,0,0,0,0,,0,,,
기본 대분류,잡화-S동,몬,005020,243-164-04-01,몬/쌀국수3mm/스틱,400g*30,0,0,0,0,0,0,0,0,,0,,,
기본 대분류,잡화-S동,몬,005021,243-164-02-04,몬/쌀국수5mm,250g*24,0,0,0,0,0,0,0,0,,0,,,
기본 대분류,잡화-S동,몬,005022,243-164-02-03,몬/쌀국수3mm,250g*24,0,0,0,0,0,0,0,0,,0,,,
기본 대분류,잡화-S동,몬,005023,243-164-02-02,몬/쌀국수1mm,250g*24,0,0,0,0,0,0,0,0,,0,,,
기본 대분류,잡화-S동,몬,005024,243-164-02-01,몬/쌀국수10mm,250g*24,0,0,0,0,0,0,0,0,,0,,,
기본 대분류,잡화-S동,몬,005025,243-163-50-01,몬/쌀국수장국4.5kg/몬,4.5kg*3,0,0,0,0,0,0,0,0,,0,,,
기본 대분류,잡화-S동,몬,005026,243-163-02-01,몬/쌀국수장국/220g,220g*12,0,0,0,0,0,0,0,0,,0,,,
기본 대분류,잡화-S동,몬,005027,243-160-50-01,몬/쓰리라차5L,5L*4,0,0,0,0,0,0,0,0,,0,,,
기본 대분류,잡화-S동,몬,005028,243-160-04-01,몬/쓰리라차(튜브)칠리,435ml*12,12,4700,56400,5300,63600,0.1277,0,0,0,0,,,
기본 대분류,잡화-S동,몬,005029,243-160-02-02,몬/쓰리라차칠리,295g*12,0,0,0,0,0,0,0,0,,0,,,
기본 대분류,잡화-S동,몬,005030,243-160-02-01,몬/화끈하게매운/쓰리라차,295ml*12,0,0,0,0,0,0,0,0,,0,,,
기본 대분류,잡화-S동,몬,005031,243-15-02-02,몬/레드칠리피클/수리/227g,227g*24,0,0,0,0,0,0,0,0,,0,,,
기본 대분류,잡화-S동,몬,005032,243-15-02-01,몬/그린칠리피클/수리/227g,227g*24,0,0,0,0,0,0,0,0,,0,,,
기본 대분류,잡화-S동,몬,005033,243-120-05-01,몬/뉴월남쌈/짜조피/22cm/원형,500g*24,0,0,0,0,0,0,0,0,,0,,,
기본 대분류,잡화-S동,몬,005034,243-120-03-03,몬/뉴월남쌈(원형16cm),300g*24,0,0,0,0,0,0,0,0,,0,,,
기본 대분류,잡화-S동,몬,005035,243-120-03-02,몬/월남쌈(사각)/16cm/300g,300g*24,0,0,0,0,0,0,0,0,,0,,,
기본 대분류,잡화-S동,몬,005036,243-120-03-01,"몬/뉴월남쌈(원형,18cm",300g*24ea,0,0,0,0,0,0,0,0,0,0,,,
기본 대분류,잡화-S동,몬,005037,243-120-01-01,몬/월남쌈(원형16cm)/100g,100g*48,0,0,0,0,0,0,0,0,,0,,,
기본 대분류,잡화-S동,몬,005038,243-106-01-01,몬/ISFI/정향,30g*24,0,0,0,0,0,0,0,0,,0,,,
기본 대분류,잡화-S동,몽고,005039,242-327-130-03,+몽고국간장(13L)/부천(면세),13L,0,0,0,0,0,0,0,0,,0,,,
기본 대분류,잡화-S동,몽고,005040,242-327-130-02,+몽고죽품간장/부천(면세,13L,0,0,0,0,0,0,0,0,,0,,,
기본 대분류,잡화-S동,몽고,005041,242-327-130-01,+부천 몽고진간장(13L),13L*1,1,20300,20300,25300,25300,0.2463,84,84,0,0,,,
기본 대분류,잡화-S동,몽고,005042,242-327-10-01,+몽고간장(1.8L)/부천(면세),1.8L*8,0,0,0,0,0,0,0,0,,0,,,
기본 대분류,잡화-S동,동서,005043,24-173-10-01,동서/슈가시럽,1.5ㅣ*6,0,0,0,0,0,0,0,0,,0,,,
기본 대분류,잡화-S동,동서,005044,24-15-30-01,+동서/오이피클/리치스,3kg*6,6,7400,44400,0,0,-1,0,0,0,0,,,
기본 대분류,잡화-S동,미가사,005045,241-134-50-01,파티니 올리브오일퍼머스,5L*4,4,26700,106800,32050,128200,0.2004,16,4,0,0,,,
기본 대분류,잡화-S동,미담채,005046,240-300-20-01,미담채/일식돈까스소스/2kg,2kg*8ea,0,0,0,0,0,0,0,0,,0,,,
기본 대분류,잡화-S동,미담채,005047,240-172-05-01,미담채/크림버터마늘맛시즈닝,500g*10,0,0,0,0,0,0,0,0,,0,,,
기본 대분류,잡화-S동,미시시피,005048,239-294-05-01,미시시피/바베큐/오리지널/510g,510g*6,0,0,0,0,0,0,0,0,,0,,,
기본 대분류,잡화-S동,미치오,005049,238-135-09-01,미치오/시실리/그린올리브,900g*9,0,0,0,0,0,0,0,0,,0,,,
기본 대분류,잡화-S동,미풍,005050,237-227-200-01,미풍/25(K),25K,0,0,0,0,0,0,0,0,,0,,,
기본 대분류,잡화-S동,안주마을,005051,236-322-10-01,믹스넛/안주마을,1.5Kg*6,6,13200,79200,15716.6667,94300.0002,0.1907,0,0,0,0,,,
기본 대분류,잡화-S동,밀키스마,005052,235-124-10-01,+밀키스마/멸균유,1L*12,0,0,0,0,0,0,0,0,,0,,,
기본 대분류,잡화-S동,백화수복,005053,234-107-10-01,백화수복/정종,1.8L*8,0,0,0,0,0,0,0,0,,0,,,
기본 대분류,잡화-S동,버락,005054,233-177-05-01,버락/스파게티,500g*20,0,0,0,0,0,0,0,0,,0,,,
기본 대분류,잡화-S동,베스트,005055,232-61-09-01,+베스트/케이퍼(면세),960g*6,0,0,0,0,0,0,0,0,,0,,,
기본 대분류,잡화-S동,베스트로,005056,231-50-10-01,베스트로/민락골드/휘핑크림,1L*12,0,0,0,0,0,0,0,0,,0,,,
기본 대분류,잡화-S동,베티나르디,005057,230-38-01-01,베티나르디/페파민트삼각티백,30T/B*20EA,0,0,0,0,0,0,0,0,,0,,,
기본 대분류,잡화-S동,별미,005058,229-326-05-01,별미/감자전분/98%,500g*30,0,0,0,0,0,0,0,0,,0,,,
기본 대분류,잡화-S동,별미,005059,229-313-170-01,+별미/국화고추장(면세),17kg,0,0,0,0,0,0,0,0,,0,,,
기본 대분류,잡화-S동,별미,005060,229-271-140-01,+별미/된장/14kg(면세),14kg*1,0,0,0,0,0,0,0,0,,0,,,
기본 대분류,잡화-S동,별미,005061,229-233-50-01,별미/이온물엿5kg,5kg*3,3,20100,60300,0,0,-1,0,0,0,0,,,
기본 대분류,잡화-S동,별미,005062,229-101-01-01,별미/종이컵,50ea*20줄,0,0,0,0,0,0,0,0,,0,,,
기본 대분류,잡화-S동,별표,005063,228-233-150-02,별표/조청물엿(황),15kg,0,0,0,0,0,0,0,0,,0,,,
기본 대분류,잡화-S동,별표,005064,228-233-150-01,별표/이온물엿/15kg,15kg,1,19800,19800,0,0,-1,0,0,0,0,,,
기본 대분류,잡화-S동,보겔,005065,227-30-07-01,+보겔/렌지팝콘/B,700g*12,12,2100,25200,0,0,-1,0,0,0,0,,,
기본 대분류,잡화-S동,보라,005066,226-294-03-01,보라/봉골레파우더/300g,300g*6,0,0,0,0,0,0,0,0,,0,,,
기본 대분류,잡화-S동,보라,005067,226-190-10-01,+보라/볶음소금/1kg,1kg*20,0,0,0,0,0,0,0,0,,0,,,
기본 대분류,잡화-S동,보라티알,005068,225-284-10-01,보라티알 냉동/수지탈시금치뇨끼,1kg*10,0,0,0,0,0,0,0,0,,0,,,
기본 대분류,잡화-S동,보라티알,005069,225-135-30-01,보라티알/그린올리브/이바라,3kg*6,0,0,0,0,0,0,0,0,,0,,,
기본 대분류,잡화-S동,보해,005070,224-243-180-01,보해/매향/18L,18L,0,0,0,0,0,0,0,0,,0,,,
기본 대분류,잡화-S동,보해,005071,224-240-10-01,보해/매원디럭스,1.5L*8,8,5400,43200,8000,64000,0.4815,60,7,4,0,,,
기본 대분류,잡화-S동,봉평,005072,223-213-09-01,+봉평/메밀부침가루(31%)/900g,900g*10ea,0,0,0,0,0,0,0,0,,0,,,
기본 대분류,잡화-S동,부강,005073,222-171-02-01,부강/시치미,240g*50,50,3000,150000,0,0,-1,0,0,0,0,,,
기본 대분류,잡화-S동,부강,005074,222-114-10-01,부강/마쓰야 모로미 미소1kg,1kg*10,0,0,0,0,0,0,0,0,,0,,,
기본 대분류,잡화-S동,부강,005075,222-06-10-01,부강/다시노모도,1kg*10,0,0,0,0,0,0,0,0,,0,,,
기본 대분류,잡화-S동,부건,005076,221-328-05-03,+부건/하나가스오부시 / 면세,500g*4,4,12600,50400,15125,60500,0.2004,0,0,0,0,,,
기본 대분류,잡화-S동,부건,005077,221-328-05-02,+부건/이도가스오부시,500g*4,0,0,0,0,0,0,0,0,,0,,,
기본 대분류,잡화-S동,부건,005078,221-328-05-01,+부건/가스오부시/500g(국물)8입,500g*8,0,0,0,0,0,0,0,0,,0,,,
기본 대분류,잡화-S동,부국,005079,220-207-04-01,부국/빙수제리/450g,450g*20,0,0,0,0,0,0,0,0,,0,,,
기본 대분류,잡화-S동,부농원,005080,219-276-05-01,+부농원/단무지500g/압축(면세),500g*20,0,0,0,0,0,0,0,0,,0,,,
기본 대분류,잡화-S동,비욘드,005081,218-111-01-03,비욘드/니트릴장갑/L/파랑/100매,1box*10ea,0,0,0,0,0,0,0,0,,0,,,
기본 대분류,잡화-S동,비욘드,005082,218-111-01-02,비욘드/니트릴장갑/M/파랑/100매,1box*10ea,0,0,0,0,0,0,0,0,,0,,,
기본 대분류,잡화-S동,비욘드,005083,218-111-01-01,비욘드/니트릴장갑/S/파랑/100매,1box*10ea,0,0,0,0,0,0,0,0,,0,,,
기본 대분류,잡화-S동,사지앙,005084,217-197-10-01,사지앙/새우칩/1kg,1kg*12ea,0,0,0,0,0,0,0,0,,0,,,
기본 대분류,잡화-S동,산내들,005085,216-190-10-01,산내들/구운소금/1kg,1kg*10,0,0,0,0,0,0,0,0,,0,,,
기본 대분류,잡화-S동,삼미,005086,215-300-01-01,삼미/살사소스,1gal*4,0,0,0,0,0,0,0,0,,0,,,
기본 대분류,잡화-S동,삼미,005087,215-287-04-01,삼미/나초칩,453g*12,0,0,0,0,0,0,0,0,,0,,,
기본 대분류,잡화-S동,삼미,005088,215-238-10-01,삼미/허니머스타드(대),1.8L*6ea,0,0,0,0,0,0,0,0,,0,,,
기본 대분류,잡화-S동,삼미,005089,215-238-09-02,삼미/디존머스타드/大,907g*6,0,0,0,0,0,0,0,0,,0,,,
기본 대분류,잡화-S동,삼미,005090,215-238-09-01,삼미/홀그레인머스타드,963g*6,0,0,0,0,0,0,0,0,,0,,,
기본 대분류,잡화-S동,삼미,005091,215-238-01-01,삼미/머스타드(대),1gAL*4,0,10500,0,0,0,-1,0,0,0,0,,,
기본 대분류,잡화-S동,삼미,005092,215-05-09-01,삼미/홀스레디시(6입),907g*6,6,10700,64200,0,0,-1,12,2,0,0,,,
기본 대분류,잡화-S동,삼조,005093,214-79-10-01,삼조/파마산치즈가루,1kg*10,0,0,0,0,0,0,0,0,,0,,,
기본 대분류,잡화-S동,삼조,005094,214-79-02-01,삼조/파마산치즈가루(중),227g*12,12,3950,47400,5600,67200,0.4177,0,0,0,0,,,
기본 대분류,잡화-S동,삼조,005095,214-300-20-01,삼조/갈릭디핑소스/2kg*5,2kg,0,0,0,0,0,0,0,0,,0,,,
기본 대분류,잡화-S동,삼조,005096,214-248-06-01,+삼조/마늘가루/그레뉼/650g,650g*6,0,0,0,0,0,0,0,0,,0,,,
기본 대분류,잡화-S동,삼조,005097,214-203-10-01,삼조/비셰프사골분말,1kg*10,0,0,0,0,0,0,0,0,,0,,,
기본 대분류,잡화-S동,삼조,005098,214-19-20-01,삼조/프리믹스-H/,2kg*10ea,0,0,0,0,0,0,0,0,,0,,,
기본 대분류,잡화-S동,삼조,005099,214-181-10-01,삼조/스위트샤워믹스/1kg,1kg*10ea,0,0,0,0,0,0,0,0,,0,,,
기본 대분류,잡화-S동,삼조,005100,214-149-05-01,+삼조/그레뇰레이티드양파/비셰,580g*6ea,0,0,0,0,0,0,0,0,,0,,,
기본 대분류,잡화-S동,상기,005101,213-161-05-01,상기/쌍노두소스,500ml*12,12,4050,48600,5000,60000,0.2346,1180,98,4,0,,,
기본 대분류,잡화-S동,새댁,005102,212-314-30-01,새댁/고추씨기름/3.4L,3.4L*4,0,0,0,0,0,0,0,0,,0,,,
기본 대분류,잡화-S동,새댁,005103,212-314-10-01,새댁/신고추맛기름1.5L,1.5L*8,8,7750,62000,10375,83000,0.3387,8,1,0,0,,,
기본 대분류,잡화-S동,새댁표,005104,211-314-150-01,새댁표/고추씨기름(말통),15L,0,0,0,0,0,0,0,0,0,0,,,
기본 대분류,잡화-S동,생초당,005105,210-240-10-01,생초당/산매실1.5L,1.5L*12,0,0,0,0,0,0,0,0,,0,,,
기본 대분류,잡화-S동,샤푸토,005106,209-78-170-01,샤푸토/모짜렐라/17kg,17.85kg,0,0,0,0,0,0,0,0,,0,,,
기본 대분류,잡화-S동,서강,005107,208-146-05-01,+서강 연유크리밀/ 면세,500g*20,20,3400,68000,4075,81500,0.1985,0,0,0,0,,,
기본 대분류,잡화-S동,서울우유,005108,207-78-10-02,서울/업소용체다슬라이스치즈,1.8kg*4ea,0,0,0,0,0,0,0,0,,0,,,
기본 대분류,잡화-S동,서울우유,005109,207-78-10-01,서울/베이커리 롤치즈,1kg*5ea,0,0,0,0,0,0,0,0,,0,,,
기본 대분류,잡화-S동,서울우유,005110,207-78-01-01,서울/1800멀티치즈1,(25매*4팩)*4ea,0,0,0,0,0,0,0,0,,0,,,
기본 대분류,잡화-S동,서울우유,005111,207-50-10-01,서울/쿠킹크림1000,1L*12ea,0,0,0,0,0,0,0,0,,0,,,
기본 대분류,잡화-S동,서울우유,005112,207-218-04-02,서울/고소한버터450,450g*20ea,0,0,0,0,0,0,0,0,,0,,,
기본 대분류,잡화-S동,서울우유,005113,207-218-04-01,서울/곽버터/무염/450g20각,450g*20곽,0,0,0,0,0,0,0,0,,0,,,
기본 대분류,잡화-S동,서울우유,005114,207-210-10-02,+서울/탈지분유,1kg*10ea,0,0,0,0,0,0,0,0,,0,,,
기본 대분류,잡화-S동,서울우유,005115,207-210-10-01,+서울/전지분유/1kg,1kg*10ea,0,0,0,0,0,0,0,0,,0,,,
기본 대분류,잡화-S동,서울우유,005116,207-146-200-01,+서울연유말통,24kg,0,0,0,0,0,0,0,0,,0,,,
기본 대분류,잡화-S동,서울우유,005117,207-146-10-01,서울/연유블렌드/1.25kg,1.25kg*12,0,0,0,0,0,0,0,0,,0,,,
기본 대분류,잡화-S동,서울우유,005118,207-146-05-01,+서울/연유(튜브),500g*20ea,0,0,0,0,0,0,0,0,,0,,,
기본 대분류,잡화-S동,서울우유,005119,207-146-03-01,+서울연유/캔/375g,375g*30,0,0,0,0,0,0,0,0,,0,,,
기본 대분류,잡화-S동,선도,005120,206-90-10-02,선도/모밀쯔유,0.9L*10,0,0,0,0,0,0,0,0,,0,,,
기본 대분류,잡화-S동,선도,005121,206-90-10-01,선도/사누끼쯔유/1.8L,1.8L*8,0,0,0,0,0,0,0,0,,0,,,
기본 대분류,잡화-S동,선인,005122,205-325-10-01,선인/건조크랜베리/1kg,1kg*10ea,0,0,0,0,0,0,0,0,,0,,,
기본 대분류,잡화-S동,선한,005123,204-42-30-01,선한/토마토홀,3kg*6,0,0,0,0,0,0,0,0,,0,,,
기본 대분류,잡화-S동,선한,005124,204-167-50-01,선한/발사믹식초5L/레드/오탈리,5L*2,0,0,0,0,0,0,0,0,,0,,,
기본 대분류,잡화-S동,선한,005125,204-167-05-02,선한/와인식초(레드),500ml*12,0,0,0,0,0,0,0,0,,0,,,
기본 대분류,잡화-S동,선한,005126,204-167-05-01,선한/발사믹식초500/레드/오탈리,500ml*12,0,0,0,0,0,0,0,0,,0,,,
기본 대분류,잡화-S동,선한,005127,204-135-03-01,선한/그린올리브/병,300g*12,0,0,0,0,0,0,0,0,,0,,,
기본 대분류,잡화-S동,선한,005128,204-134-50-01,선한/주스올리브5L(버진),5L*4,4,50000,200000,0,0,-1,2,0,2,0,,,
기본 대분류,잡화-S동,선한,005129,204-134-10-02,선한/주스올리브1L포머스/터키,1L*12,12,5800,69600,7225,86700,0.2457,36,3,0,0,,,
기본 대분류,잡화-S동,선한,005130,204-134-10-01,선한/주스올리브1L(버진)/12입,1L*12입,12,10500,126000,0,0,-1,36,3,0,0,,,
기본 대분류,잡화-S동,설정,005131,203-319-30-01,설정/고구마다이스/3kg,3kg*6,6,13706,82236,16450,98700,0.2002,0,0,0,0,,,
기본 대분류,잡화-S동,설정,005132,203-202-30-01,설정/사과다이스,3kgx6,0,0,0,0,0,0,0,0,,0,,,
기본 대분류,잡화-S동,세미,005133,202-182-10-02,세미/망고스무디,1.81kg*6ea,0,0,0,0,0,0,0,0,,0,,,
기본 대분류,잡화-S동,세미,005134,202-182-10-01,세미/키위스무디/1.8k,1.8k*6,0,0,0,0,0,0,0,0,,0,,,
기본 대분류,잡화-S동,세미,005135,202-130-10-01,세미/요거트파우더,1kg*10,0,0,0,0,0,0,0,0,,0,,,
기본 대분류,잡화-S동,소연,005136,201-326-05-01,소연/감자전분/500g,500g*20,0,0,0,0,0,0,0,0,,0,,,
기본 대분류,잡화-S동,롯데칠성,005137,-201-10-01,칠성사이다1.25*12,1.25L*12,0,0,0,0,0,0,0,0,,0,,,
기본 대분류,잡화-S동,솔표,005138,200-323-02-01,솔표/겨자,200g*50,0,0,0,0,0,0,0,0,,0,,,
기본 대분류,잡화-S동,솔표,005139,200-321-02-01,솔표/계피,200g*50,0,0,0,0,0,0,0,0,,0,,,
기본 대분류,잡화-S동,솔표,005140,200-199-01-01,솔표/산초/40g*100개,40g*100ea,0,0,0,0,0,0,0,0,,0,,,
기본 대분류,잡화-S동,솔표,005141,200-133-02-01,솔표/와사비,200g*40,0,0,0,0,0,0,0,0,,0,,,
기본 대분류,잡화-S동,솔표,005142,200-01-02-01,+솔표/흑후추,200g*50,50,4280,214000,5136,256800,0.2,150,3,0,0,,,
기본 대분류,잡화-S동,송학,005143,199-92-10-01,송학/쫄면/판(냉장),1kg*10,0,0,0,0,0,0,0,0,,0,,,
기본 대분류,잡화-S동,삼포,005144,19-86-10-01,삼포/참치1.8k,1.8kg*6,0,0,0,0,0,0,0,0,,0,,,
기본 대분류,잡화-S동,쉐프원,005145,198-270-20-02,쉐프원/크리미양파드레싱/2kg,2kg*5,0,0,0,0,0,0,0,0,,0,,,
기본 대분류,잡화-S동,쉐프원,005146,198-270-20-01,쉐프원/허니유자드레싱,2kg*5,0,0,0,0,0,0,0,0,,0,,,
기본 대분류,잡화-S동,쉐프원,005147,198-168-180-01,쉐프원/식용유(18L),18L*1,0,0,0,0,0,0,0,0,,0,,,
기본 대분류,잡화-S동,스위트웰,005148,197-35-01-01,+스위트웰/파슬리/100g,100g*12,0,0,0,0,0,0,0,0,,0,,,
기본 대분류,잡화-S동,스위트웰,005149,197-25-02-01,+스위트웰/페페로치노홀,200g*12,0,0,0,0,0,0,0,0,,0,,,
기본 대분류,잡화-S동,스위트컵,005150,196-309-10-02,스위트컵/레몬퓨레,1.8kg*6,0,0,0,0,0,0,0,0,,0,,,
기본 대분류,잡화-S동,스위트컵,005151,196-309-10-01,스위트컵/청포도,1.8kg*6ea,0,0,0,0,0,0,0,0,,0,,,
기본 대분류,잡화-S동,스위트컵,005152,196-280-10-01,스위트컵/오렌지농축액,1.8kg*6ea,0,0,0,0,0,0,0,0,,0,,,
기본 대분류,잡화-S동,승진,005153,194-133-07-01,승진/생와사비303/750g*12,750g*12ea,0,0,0,0,0,0,0,0,,0,,,
기본 대분류,잡화-S동,시아스,005154,193-37-05-01,시아스/파기름,500ml*6,0,0,0,0,0,0,0,0,,0,,,
기본 대분류,잡화-S동,삼포,005155,19-291-04-01,삼포/깐포도4호,400g*24,0,0,0,0,0,0,0,0,,0,,,
기본 대분류,잡화-S동,시아스,005156,192-04-05-01,시아스/화유,500ml*6ea,6,7700,46200,9366.6667,56200.000199999995,0.2165,0,0,0,0,,,
기본 대분류,잡화-S동,시하,005157,191-151-20-01,시하/양송이특편,2840g*6,0,0,0,0,0,0,0,0,,0,,,
기본 대분류,잡화-S동,삼포,005158,19-03-04-01,삼포/황도4호(슬),400g*24,0,0,0,0,0,0,0,0,,0,,,
기본 대분류,잡화-S동,신세계,005159,190-15-30-01,신세계/아삭한오이피클,3kg*6,6,5400,32400,6450,38700,0.1944,336,56,0,0,,,
기본 대분류,잡화-S동,신안,005160,189-190-200-01,+신안/굵은소금20kg/천일염,20kg*1,1,9000,9000,10800,10800,0.2,62,62,0,0,,,
기본 대분류,잡화-S동,신화,005161,188-12-30-01,신화/할라피뇨,3kg*6,0,0,0,0,0,0,0,0,,0,,,
기본 대분류,잡화-S동,썬초이스,005162,187-69-08-01,썬초이스/칵테일2호/12入,836g*12,0,0,0,0,0,0,0,0,,0,,,
기본 대분류,잡화-S동,썬초이스,005163,187-33-08-01,썬초이스/시즌/파인애플2호,836g*12,0,0,0,0,0,0,0,0,,0,,,
기본 대분류,잡화-S동,아하,005164,185-300-01-01,아하/나초치즈소스,142g*2/24,0,0,0,0,0,0,0,0,,0,,,
기본 대분류,잡화-S동,아하,005165,185-287-04-01,아하/나초칩,453g*12,0,0,0,0,0,0,0,0,,0,,,
기본 대분류,잡화-S동,네슬레,005166,18-43-30-01,네슬레/토마토 수고/페이스트,3kg*6,0,0,0,0,0,0,0,0,,0,,,
기본 대분류,잡화-S동,앵커버터,005167,184-218-04-01,앵커버터/무가염,454g*20,0,0,0,0,0,0,0,0,,0,,,
기본 대분류,잡화-S동,네슬레,005168,18-41-30-01,네슬레/쿨리토마토,3kg*6,0,0,0,0,0,0,0,0,,0,,,
기본 대분류,잡화-S동,양념감자시즈닝,005169,183-172-10-01,양념감자시즈닝/치즈맛,1kg*20,0,0,0,0,0,0,0,0,,0,,,
기본 대분류,잡화-S동,네슬레,005170,18-300-10-01,네슬레/스촨소스(액상),1kg*6,0,0,0,0,0,0,0,0,,0,,,
기본 대분류,잡화-S동,네슬레,005171,18-298-08-01,네슬레/메기 씨즈닝,810ml*6,0,0,0,0,0,0,0,0,,0,,,
기본 대분류,잡화-S동,네슬레,005172,18-297-55-01,네슬레/메기치킨(액상)/5.5kg,5.5kg*2,0,0,0,0,0,0,0,0,,0,,,
기본 대분류,잡화-S동,네슬레,005173,18-297-10-01,네슬레/매기콘센트치킨(액상),1.2K*6,6,10300,61800,12000,72000,0.165,114,19,0,0,,,
기본 대분류,잡화-S동,네슬레,005174,18-294-10-02,네슬레/메기비프/1.2kg,1.2kg*6,0,0,0,0,0,0,0,0,,0,,,
기본 대분류,잡화-S동,네슬레,005175,18-272-20-01,네슬레/메기데미글라스,2kg*6,0,0,0,0,0,0,0,0,,0,,,
기본 대분류,잡화-S동,양지뜰,005176,182-203-05-01,양지뜰/사골분말,500g*10,0,0,0,0,0,0,0,0,,0,,,
기본 대분류,잡화-S동,어묵국물,005177,181-148-05-01,어묵국물/스프,500g*20,0,0,0,0,0,0,0,0,,0,,,
기본 대분류,잡화-S동,에쓰푸드,005178,180-217-10-01,에쓰푸드/베이컨스타일탑핑,1kg*10ea,0,0,0,0,0,0,0,0,,0,,,
기본 대분류,잡화-S동,에쓰푸드,005179,180-13-01-01,+에쓰푸드/하몽/세라노슬라이스,120g*40,0,0,0,0,0,0,0,0,,0,,,
기본 대분류,잡화-S동,에이스,005180,179-216-04-01,에이스/베이키드/아티아네,400g*24,0,0,0,0,0,0,0,0,,0,,,
기본 대분류,잡화-S동,에이치디,005181,178-164-04-01,에이치디/쌀국수1mm/스틱/장미,400g*30,0,0,0,0,0,0,0,0,,0,,,
기본 대분류,잡화-S동,엘막,005182,177-311-02-01,엘막/레몬원액,200ml*30,30,930,27900,1116.6667,33500.001,0.2007,110,3,20,0,,,
기본 대분류,잡화-S동,돌(dole),005183,17-69-30-01,돌(dole)/칵테일3K*6,3kg*6,6,7800,46800,10100,60600,0.2949,1185,197,3,0,,,
기본 대분류,잡화-S동,열매마을,005184,176-67-200-01,+열매마을/캐슈넛(생)/인도산,22.68kg,0,0,0,0,0,0,0,0,,0,,,
기본 대분류,잡화-S동,열매마을,005185,176-209-10-02,+열매마을/호두분태,1kg*10,0,0,0,0,0,0,0,0,,0,,,
기본 대분류,잡화-S동,열매마을,005186,176-209-10-01,+열매마을/호두1/4태,1kg*10,0,0,0,0,0,0,0,0,,0,,,
기본 대분류,잡화-S동,열매마을,005187,176-159-10-02,+열매마을/아몬드(홀),1kg*10,0,0,0,0,0,0,0,0,,0,,,
기본 대분류,잡화-S동,열매마을,005188,176-159-10-01,+열매마을/아몬드슬라이스,1kg*10ea,0,0,0,0,0,0,0,0,,0,,,
기본 대분류,잡화-S동,영남,005189,175-311-02-01,영남레이지/라임원액/200ml/15입,200ml*15,0,0,0,0,0,0,0,0,,0,,,
기본 대분류,잡화-S동,영남,005190,175-310-10-01,영남/라임쥬스(레이지),1L*6,0,0,0,0,0,0,0,0,,0,,,
기본 대분류,잡화-S동,영남,005191,175-256-10-01,영남/레몬쥬스(레이지),1L*6,0,0,0,0,0,0,0,0,,0,,,
기본 대분류,잡화-S동,영남,005192,175-255-02-01,영남/레이지레몬/200ml,200ml*15,0,0,0,0,0,0,0,0,,0,,,
기본 대분류,잡화-S동,영미,005193,174-72-180-01,영미/카놀라유,18L,0,0,0,0,0,0,0,0,,0,,,
기본 대분류,잡화-S동,영미,005194,174-314-150-01,영미/고추씨기름15L/말통,15L,1,0,0,0,0,0,0,0,0,0,,,
기본 대분류,잡화-S동,영미,005195,174-314-10-01,영미/고추맛기름1.8L,1.8L*8,8,8200,65600,9837.5,78700,0.1997,16,2,0,0,,,
기본 대분류,잡화-S동,영미,005196,174-300-20-01,영미/떡볶이소스,2kg*6,0,0,0,0,0,0,0,0,,0,,,
기본 대분류,잡화-S동,영미,005197,174-189-30-01,영미/소면/큰댁/3kg,3kg*4,0,0,0,0,0,0,0,0,,0,,,
기본 대분류,잡화-S동,영인,005198,174-134-02-01,영인/화이트트러플올리브,250ml*12,0,0,0,0,0,0,0,0,,0,,,
기본 대분류,잡화-S동,영화,005199,173-80-20-01,영화홀춘장,2.5kg*4,0,0,0,0,0,0,0,0,,0,,,
기본 대분류,잡화-S동,돌(dole),005201,17-33-30-01,돌(dole)/파인청크대3K*6,3kg*6,6,9800,58800,13000,78000,0.3265,24,4,0,0,,,
기본 대분류,잡화-S동,영화,005202,173-06-05-01,영화/짬뽕다시,500g*10,0,0,0,0,0,0,0,0,,0,,,
기본 대분류,잡화-S동,오뗄,005203,172-217-10-01,오뗄/베이컨스타일칩/1kg,1kg*10ea,0,0,0,0,0,0,0,0,,0,,,
기본 대분류,잡화-S동,오션,005204,171-310-10-01,오션/스프레이루비레드 자몽쥬스,1.89L*8,0,0,0,0,0,0,0,0,,0,,,
기본 대분류,잡화-S동,오션,005205,171-310-01-01,오션/크런베리쥬스,3*6,0,0,0,0,0,0,0,0,,0,,,
기본 대분류,잡화-S동,오쉐프,005206,170-60-01-01,오쉐프/토마토케찹(200입)9g,9g*200,0,0,0,0,0,0,0,0,,0,,,
기본 대분류,잡화-S동,오쉐프,005207,170-300-100-01,오쉐프/닭강정소스/10kg,10kg,0,0,0,0,0,0,0,0,,0,,,
기본 대분류,잡화-S동,오쉐프,005208,170-273-140-01,오쉐프/쫄깃한당면/14kg,14kg,0,0,0,0,0,0,0,0,,0,,,
기본 대분류,잡화-S동,오쉐프,005209,170-204-80-01,오쉐프/빵가루,8kg*1,0,0,0,0,0,0,0,0,,0,,,
기본 대분류,잡화-S동,오씨아니,005210,169-138-20-01,오씨아니/라리/옥수수3kg,2.95kg*6,0,0,0,0,0,0,0,0,,0,,,
기본 대분류,잡화-S동,오토,005211,168-97-05-01,오토/진강향초/550ml,550ml*12,12,1760,21120,2116.6667,25400.000400000004,0.2027,60,5,0,0,,,
기본 대분류,잡화-S동,우도,005212,167-328-05-01,+우도/이도가스오부시,500g*4,4,13200,52800,15850,63400,0.2008,0,0,0,0,,,
기본 대분류,잡화-S동,우림,005213,166-110-50-01,우림/사과쨈/5kg/파우치,5kg*3,3,15700,47100,18800,56400,0.1975,0,0,0,0,,,
기본 대분류,잡화-S동,우림,005214,166-110-30-02,우림/사과쨈,3kg*6,0,0,0,0,0,0,0,0,,0,,,
기본 대분류,잡화-S동,우림,005215,166-110-30-01,우림/딸기쨈,3kg*6,0,0,0,0,0,0,0,0,,0,,,
기본 대분류,잡화-S동,움트리,005216,165-81-20-02,움트리/양념초장2.04kg,2.04kg*6,0,0,0,0,0,0,0,0,,0,,,
기본 대분류,잡화-S동,움트리,005217,165-81-20-01,움트리/회초장/2kg,2kg*6ea,0,0,0,0,0,0,0,0,,0,,,
기본 대분류,잡화-S동,움트리,005218,165-81-130-01,움트리/실장님회초장/13kg,13kg*1,1,33500,33500,40200,40200,0.2,0,0,0,0,,,
기본 대분류,잡화-S동,움트리,005219,165-327-10-01,움트리/실장님회간장,1950g*6,0,0,0,0,0,0,0,0,,0,,,
기본 대분류,잡화-S동,움트리,005220,165-327-100-01,움트리/실장님회간장(10Kg),10kg*1,1,40500,40500,48600,48600,0.2,0,0,0,0,,,
기본 대분류,잡화-S동,움트리,005221,165-327-01-01,움트리/초밥간장/4g,4g*200*10,0,0,0,0,0,0,0,0,,0,,,
기본 대분류,잡화-S동,움트리,005222,165-323-04-01,움트리/강겨자/튜브,410g*12ea,0,0,0,0,0,0,0,0,,0,,,
기본 대분류,잡화-S동,움트리,005223,165-323-02-01,움트리/강겨자분,200g*40,0,0,0,0,0,0,0,0,,0,,,
기본 대분류,잡화-S동,움트리,005224,165-300-09-01,움트리/해파리소스930,930g*10,10,4500,45000,5400,54000,0.2,0,0,0,0,,,
기본 대분류,잡화-S동,움트리,005225,165-139-30-01,움트리/옥수수전분/3kg,3kg*4,0,0,0,0,0,0,0,0,,0,,,
기본 대분류,잡화-S동,움트리,005226,165-133-07-01,움트리/생와사비700g/냉동,700g*12,0,0,0,0,0,0,0,0,,0,,,
기본 대분류,잡화-S동,움트리,005227,165-133-02-01,움트리/강와사비,200g*10*4,0,0,0,0,0,0,0,0,,0,,,
기본 대분류,잡화-S동,움트리,005228,165-133-01-01,움트리/생와사비/1회용,(3g*200)*10,0,0,0,0,0,0,0,0,,0,,,
기본 대분류,잡화-S동,움트리,005229,165-01-04-01,+움트리/백후추분,450g*20,0,0,0,0,0,0,0,0,,0,,,
기본 대분류,잡화-S동,웅진,005230,164-192-180-01,웅진/오븐크리너,18kg,0,0,0,0,0,0,0,0,,0,,,
기본 대분류,잡화-S동,원효,005231,163-276-10-01,*원효/유자단무지(면세),1kg*10,0,0,0,0,0,0,0,0,,0,,,
기본 대분류,잡화-S동,원효,005232,163-200-40-01,원효/산고추/4Kg,4kg*5,0,0,0,0,0,0,0,0,,0,,,
기본 대분류,잡화-S동,원효,005233,163-200-05-01,원효/산고추/500g,500g*24,0,0,0,0,0,0,0,0,,0,,,
기본 대분류,잡화-S동,롯데,005234,16-300-20-01,롯데/델리야끼소스,2kg*6,6,4800,28800,0,0,-1,18,3,0,0,,,
기본 대분류,잡화-S동,롯데,005235,16-258-10-01,롯데/포크런천미트大/1.81kg,1810g*6,0,0,0,0,0,0,0,0,,0,,,
기본 대분류,잡화-S동,롯데,005236,16-230-180-01,롯데 미림18L,18L*1,1,46940.3,46940.3,57000,57000,0.2143,43,43,0,0,,,
기본 대분류,잡화-S동,롯데,005237,16-230-10-01,롯데/미림1.8L,1.8L*6,6,5500,33000,6800,40800,0.2364,285,47,3,0,,,
기본 대분류,잡화-S동,위시본,005238,162-270-01-01,위시본/이탈리안드레싱,16oz*12,0,0,0,0,0,0,0,0,,0,,,
기본 대분류,잡화-S동,이금기,005239,161-98-20-02,이금기/두반장/캔,2.04kg*6,6,21012,126072,0,0,-1,234,39,0,0,,,
기본 대분류,잡화-S동,이금기,005240,161-98-20-01,이금기/해선장/병행,2.27kg*6,0,0,0,0,0,0,0,0,,0,,,
기본 대분류,잡화-S동,이금기,005241,161-98-10-01,이금기/두반장/스파우트,1.9kg*6,0,0,0,0,0,0,0,0,,0,,,
기본 대분류,잡화-S동,이금기,005242,161-98-03-02,이금기/두반장/병,368g*12,0,0,0,0,0,0,0,0,,0,,,
기본 대분류,잡화-S동,이금기,005243,161-98-03-01,이금기/황두장,368g*12,0,0,0,0,0,0,0,0,,0,,,
기본 대분류,잡화-S동,롯데,005244,16-168-180-01,롯데/식용유,18L,1,45000,45000,0,0,-1,0,0,0,0,,,
기본 대분류,잡화-S동,롯데,005245,16-167-150-01,롯데/환만식초15L/말통,15L*1,1,14500,14500,19200,19200,0.3241,247,247,0,0,,,
기본 대분류,잡화-S동,롯데,005246,16-167-10-01,롯데/환만식초/1.8L,1.8L*9,9,2200,19800,2700,24300,0.2273,450,50,0,0,,,
기본 대분류,잡화-S동,이금기,005247,161-308-20-04,이금기/팬더굴소스캔2.27kg,2.27kg*6,6,10609,63654,12416.6667,74500.0002,0.1704,268,44,4,0,,,
기본 대분류,잡화-S동,이금기,005248,161-308-20-03,이금기팬더굴소스2.4kg(pe),2.4kg,0,0,0,0,0,0,0,0,,0,,,
기본 대분류,잡화-S동,이금기,005249,161-308-20-02,이금기/팬더굴소스/스파우트,2kg*6,0,0,0,0,0,0,0,0,,0,,,
기본 대분류,잡화-S동,이금기,005250,161-308-20-01,이금기/프리미엄굴소스/파우치,2kg*6,0,0,0,0,0,0,0,0,,0,,,
기본 대분류,잡화-S동,이금기,005251,161-308-05-02,이금기/프리미엄굴소스(중),510g*12,0,0,0,0,0,0,0,0,,0,,,
기본 대분류,잡화-S동,이금기,005252,161-308-05-01,이금기/팬더굴소스(병)/510g,510g*12,0,0,0,0,0,0,0,0,,0,,,
기본 대분류,잡화-S동,이금기,005253,161-308-02-02,이금기/프리미엄굴소스캔,2268g*6,6,21012,126072,0,0,-1,366,61,0,0,,,
기본 대분류,잡화-S동,이금기,005254,161-308-02-01,이금기/프리미엄굴소스/255g,255g*12,0,0,0,0,0,0,0,0,,0,,,
기본 대분류,잡화-S동,이금기,005255,161-300-05-01,이금기/쌍노두소스,500g*12,0,0,0,0,0,0,0,0,,0,,,
기본 대분류,잡화-S동,이금기,005256,161-300-03-01,이금기/검은콩소스,368g*12,0,0,0,0,0,0,0,0,,0,,,
기본 대분류,잡화-S동,이금기,005257,161-300-02-04,이금기/중화XO소스,220g*12,0,0,0,0,0,0,0,0,,0,,,
기본 대분류,잡화-S동,이금기,005258,161-300-02-03,이금기/고추마늘소스,226g*12,0,0,0,0,0,0,0,0,,0,,,
기본 대분류,잡화-S동,이금기,005259,161-300-02-02,이금기/마늘콩소스,226g*12,0,0,0,0,0,0,0,0,,0,,,
기본 대분류,잡화-S동,이금기,005260,161-300-02-01,이금기/중화매실소스,260g*12,0,0,0,0,0,0,0,0,,0,,,
기본 대분류,잡화-S동,이금기,005261,161-281-05-01,이금기/프리미엄 노추/500ml,500ml*12,0,0,0,0,0,0,0,0,,0,,,
기본 대분류,잡화-S동,이금기,005262,161-227-10-01,이금기/치킨파우더/1kg,1Kg*12,12,14200,170400,0,0,-1,-12,-1,0,0,,,
기본 대분류,잡화-S동,이슬나라,005263,160-74-03-01,이슬나라/칠리파우다/350g,350g*12,0,0,0,0,0,0,0,0,,0,,,
기본 대분류,잡화-S동,이슬나라,005264,160-66-04-01,이슬/화이트캡사이신분말,400g*12,0,0,0,0,0,0,0,0,,0,,,
기본 대분류,잡화-S동,이슬나라,005265,160-35-09-01,+이슬나라/파슬리/90g,90g*12,0,0,0,0,0,0,0,0,,0,,,
기본 대분류,잡화-S동,이슬나라,005266,160-32-04-01,이슬/파프리카분말/400g,400g*12,0,0,0,0,0,0,0,0,,0,,,
기본 대분류,잡화-S동,이슬나라,005267,160-301-04-01,이슬나라/스모크향분말,400g*12,0,0,0,0,0,0,0,0,,0,,,
기본 대분류,잡화-S동,이슬나라,005268,160-300-100-03,이슬나라/떡갈비소스/10kg,10kg*2,0,0,0,0,0,0,0,0,,0,,,
기본 대분류,잡화-S동,이슬나라,005269,160-300-100-02,이슬나라/바베큐소스/10kg,10kg*2,0,0,0,0,0,0,0,0,,0,,,
기본 대분류,잡화-S동,이슬나라,005270,160-300-100-01,이슬나라/델리야끼소스/10kg,10kg*2ea,0,0,0,0,0,0,0,0,,0,,,
기본 대분류,잡화-S동,이슬나라,005271,160-248-10-01,이슬나라/마늘가루/1Kg,1kg*10,0,0,0,0,0,0,0,0,,0,,,
기본 대분류,잡화-S동,이슬나라,005272,160-248-04-01,이슬나라/마늘가루450g,450g*12,0,0,0,0,0,0,0,0,,0,,,
기본 대분류,잡화-S동,이슬나라,005273,160-195-04-01,이슬/생강가루,450g*12,12,5200,62400,6000,72000,0.1538,36,3,0,0,,,
기본 대분류,잡화-S동,이슬나라,005274,160-149-04-01,이슬나라/양파가루,450g*12ea,12,6100,73200,7200,86400,0.1803,0,0,0,0,,,
기본 대분류,잡화-S동,이슬나라,005275,160-105-04-01,이슬나라/젤라틴,420g*24,0,0,0,0,0,0,0,0,,0,,,
기본 대분류,잡화-S동,이슬나라,005276,160-01-04-01,+이슬나라/백후추분말/400g,400g*12ea,0,0,0,0,0,0,0,0,,0,,,
기본 대분류,잡화-S동,이엔,005277,159-90-10-01,이엔/가쓰오풍쯔유,1.8*6,0,0,0,0,0,0,0,0,,0,,,
기본 대분류,잡화-S동,이엔,005278,159-87-10-01,이엔/참치액,1.8L*6,0,0,0,0,0,0,0,0,,0,,,
기본 대분류,잡화-S동,이엔,005279,159-82-10-03,이엔/초생강/적,1.3kg*10,0,0,0,0,0,0,0,0,,0,,,
기본 대분류,잡화-S동,이엔,005280,159-82-10-02,이엔/초생강/백,1.3kg*10,0,0,0,0,0,0,0,0,,0,,,
기본 대분류,잡화-S동,이엔,005281,159-82-10-01,이엔/적초생강(채),1.3kg*10,0,0,0,0,0,0,0,0,,0,,,
기본 대분류,잡화-S동,이엔,005282,159-328-05-02,+이엔/가스오부시,500g*10,0,0,0,0,0,0,0,0,,0,,,
기본 대분류,잡화-S동,이엔,005283,159-328-05-01,+이엔/하나가스오부시,500g*6,0,0,0,0,0,0,0,0,,0,,,
기본 대분류,잡화-S동,이엔,005284,159-328-01-01,+이엔/하나가스부시/50g,50g*12,0,0,0,0,0,0,0,0,,0,,,
기본 대분류,잡화-S동,이엔,005285,159-327-10-02,이엔/회전용간장,1.8kg*6,0,0,0,0,0,0,0,0,,0,,,
기본 대분류,잡화-S동,이엔,005286,159-327-10-01,이엔/일식튀김용간장소스/1.8L,1.8L*6,0,0,0,0,0,0,0,0,,0,,,
기본 대분류,잡화-S동,이엔,005287,159-327-01-03,이엔/미니회간장/5.6ml,5.6ml*160*10ea,0,0,0,0,0,0,0,0,,0,,,
기본 대분류,잡화-S동,이엔,005288,159-327-01-02,이엔/미니만두초간장,5.6ml*185*10,0,0,0,0,0,0,0,0,,0,,,
기본 대분류,잡화-S동,이엔,005289,159-327-01-01,이엔/미니간장,5.6ml*185*10,0,0,0,0,0,0,0,0,,0,,,
기본 대분류,잡화-S동,이엔,005290,159-323-01-01,이엔/미니겨자소스,3g*200*10봉,0,0,0,0,0,0,0,0,,0,,,
기본 대분류,잡화-S동,이엔,005291,159-300-140-01,이엔/참맛소스/14L,14L*1,1,26800,26800,0,0,-1,0,0,0,0,,,
기본 대분류,잡화-S동,이엔,005292,159-300-10-03,이엔/돈부리타레소스1.8L,1.8L*6,0,0,0,0,0,0,0,0,,0,,,
기본 대분류,잡화-S동,이엔,005293,159-300-10-02,이엔/메밀소바소스/1.8L,1.8L*6,0,0,0,0,0,0,0,0,,0,,,
기본 대분류,잡화-S동,이엔,005294,159-300-10-01,이엔/초밥소스,1.8L*6,0,0,0,0,0,0,0,0,,0,,,
기본 대분류,잡화-S동,이엔,005295,159-286-09-01,+이엔/냉동은행,900g*10,0,0,0,0,0,0,0,0,,0,,,
기본 대분류,잡화-S동,이엔,005296,159-276-10-03,+이엔/단무지(홀)/압축/1kg(면세,1kg*10,0,0,0,0,0,0,0,0,,0,,,
기본 대분류,잡화-S동,이엔,005297,159-276-10-02,+이엔/단무지(알밥용)(면세),1kg*10,0,0,0,0,0,0,0,0,,0,,,
기본 대분류,잡화-S동,이엔,005298,159-276-10-01,+이엔/단무지(슬)압축/1kg(면세),1kg*10,0,0,0,0,0,0,0,0,,0,,,
기본 대분류,잡화-S동,이엔,005299,159-261-30-03,이엔/락교SS-1/3kg,3kg*6,0,0,0,0,0,0,0,0,,0,,,
기본 대분류,잡화-S동,이엔,005300,159-261-30-02,이엔/락교ss,3kg*6,0,0,0,0,0,0,0,0,,0,,,
기본 대분류,잡화-S동,이엔,005301,159-261-30-01,이엔/락교/sss,3kg*6,0,0,0,0,0,0,0,0,,0,,,
기본 대분류,잡화-S동,이엔,005302,159-261-20-01,이엔/락교/파우치,2.4kg*6,0,0,0,0,0,0,0,0,,0,,,
기본 대분류,잡화-S동,이엔,005303,159-261-150-01,이엔/락교/SSS/15K,15kg,0,0,0,0,0,0,0,0,,0,,,
기본 대분류,잡화-S동,이엔,005304,159-20-05-01,+이엔/풋콩/520g(면세),520g*15,0,0,0,0,0,0,0,0,,0,,,
기본 대분류,잡화-S동,이엔,005305,159-171-02-01,이엔/시치미/240g*30,240g*30,0,0,0,0,0,0,0,0,,0,,,
기본 대분류,잡화-S동,이엔,005306,159-167-01-01,이엔/미니식초소스,6g*200*10,0,0,0,0,0,0,0,0,,0,,,
기본 대분류,잡화-S동,이엔,005307,159-133-07-01,이엔/905생와사비(국산)/냉동,700g*16,0,0,0,0,0,0,0,0,,0,,,
기본 대분류,잡화-S동,이엔,005308,159-133-02-01,이엔/강와사비,200g*10*4,0,0,0,0,0,0,0,0,,0,,,
기본 대분류,잡화-S동,이엔,005309,159-133-01-01,이엔/905/미니생와사비/냉동,(3g*200)*10,0,0,0,0,0,0,0,0,,0,,,
기본 대분류,잡화-S동,이엔,005310,159-116-140-01,이엔/샤브샤브맛내기육수14L,14L*1,1,80800,80800,0,0,-1,0,0,0,0,,,
기본 대분류,잡화-S동,이엔,005311,159-02-05-02,이엔/가스오후리가께(500g)/파랑,500g*10,0,0,0,0,0,0,0,0,,0,,,
기본 대분류,잡화-S동,이엔,005312,159-02-05-01,이엔/노리후리가께(500g),500g*10,10,7200,72000,0,0,-1,0,0,0,0,,,
기본 대분류,잡화-S동,이엔,005313,159-02-01-03,이엔/가스오후리가께(매운)/50g,50g*10*6,0,0,0,0,0,0,0,0,,0,,,
기본 대분류,잡화-S동,이엔,005314,159-02-01-02,이엔/가스오후리가께50g/파랑,50g*60,60,690,41400,0,0,-1,0,0,0,0,,,
기본 대분류,잡화-S동,이엔,005315,159-02-01-01,이엔/노리후리가께50g,50g*60,60,740,44400,1000,60000,0.3514,0,0,0,0,,,
기본 대분류,잡화-S동,사조,005316,15-88-10-01,사조/해표/재래압착참기름/1.8L,1.8L*8,8,15700,125600,19200,153600,0.2229,442,55,2,0,,,
기본 대분류,잡화-S동,사조,005317,15-87-10-01,사조/참치액/1.8L,1.8L*8ea,0,0,0,0,0,0,0,0,,0,,,
기본 대분류,잡화-S동,사조,005318,15-86-10-01,사조참치덕용1.88K,1.88K*6,6,16500,99000,15000,90000,-0.0909,0,0,0,0,,,
기본 대분류,잡화-S동,일미,005319,158-276-10-01,+일미/쫄깃치자단무지(슬)(면세),1kg*6,0,0,0,0,0,0,0,0,,0,,,
기본 대분류,잡화-S동,일미,005320,158-15-30-01,+일미/후레쉬 생아삭피클,3kg*6,6,4300,25800,5166.6667,31000.0002,0.2016,0,0,0,0,,,
기본 대분류,잡화-S동,큐원,005321,15-72-180-01,큐원/올바른콩식용유,18L*1,1,45500,45500,45600,45600,0.0022,204,204,0,0,,,
기본 대분류,잡화-S동,자라,005322,157-177-05-03,자라/링기니/500g,500g*20,0,0,0,0,0,0,0,0,,0,,,
기본 대분류,잡화-S동,자라,005323,157-177-05-02,자라3번/스파게티,500g*20,20,1430,28600,1675,33500,0.1713,0,0,0,0,,,
기본 대분류,잡화-S동,자라,005324,157-177-05-01,자라4번/스파게티,500g*20,0,0,0,0,0,0,0,0,,0,,,
기본 대분류,잡화-S동,제니스,005325,156-300-20-01,제니스/레벤핫칠리소스,2kg*8,0,0,0,0,0,0,0,0,,0,,,
기본 대분류,잡화-S동,제니스,005326,156-300-10-01,제니스/레벤우스타소스/1.8L/8입,1.8L*8ea,8,3500,28000,5000,40000,0.4286,0,0,0,0,,,
기본 대분류,잡화-S동,제니스,005327,156-300-09-01,제니스/스테이크소스,930g*12,0,0,0,0,0,0,0,0,,0,,,
기본 대분류,잡화-S동,제니스,005328,156-300-05-01,제니스/핫소스(510g)/大,510*20,0,0,0,0,0,0,0,0,,0,,,
기본 대분류,잡화-S동,제니스,005329,156-300-02-01,제니스/스테이크소스/260g,260g*12,12,2450,29400,3000,36000,0.2245,-60,-5,0,0,,,
기본 대분류,잡화-S동,제니스,005330,156-300-01-01,제니스/핫소스180ml/小,180ML*24,24,1400,33600,1441.6667,34600.0008,0.0298,0,0,0,0,,,
기본 대분류,잡화-S동,제니스,005331,156-274-50-01,제니스/닭가루/20Kg,5kg*4ea,0,0,0,0,0,0,0,0,,0,,,
기본 대분류,잡화-S동,제니스,005332,156-274-06-01,제니스/닭가루,680g*24,24,2950,70800,3500,84000,0.1864,0,0,0,0,,,
기본 대분류,잡화-S동,제니스,005333,156-191-50-01,제니스/소가루(20K),5kg*4,0,0,0,0,0,0,0,0,,0,,,
기본 대분류,잡화-S동,제니스,005334,156-06-10-01,제니스/레벤/혼다시,1kg*10,0,0,0,0,0,0,0,0,,0,,,
기본 대분류,잡화-S동,제이쿱,005335,155-15-30-02,+제이쿱/오이피클/3kg(면세),3.1kg*6,0,0,0,0,0,0,0,0,,0,,,
기본 대분류,잡화-S동,제이쿱,005336,155-15-30-01,제이쿱/오이피클/3Kg,3kg*6,0,0,0,0,0,0,0,0,,0,,,
기본 대분류,잡화-S동,제이쿱,005337,155-131-30-01,제이쿱/아띠/완두콩/3kg,3kg*6,0,0,0,0,0,0,0,0,,0,,,
기본 대분류,잡화-S동,제이쿱,005338,155-131-04-01,제이쿱/완두콩/400g,400g*24,0,0,0,0,0,0,0,0,,0,,,
기본 대분류,잡화-S동,중찬명가,005339,154-98-20-01,중찬명가/볶음춘장/2.27K,2.27kg*6,6,10400,62400,12466.6667,74800.0002,0.1987,0,0,0,0,,,
기본 대분류,잡화-S동,중찬명가,005340,154-98-140-01,중찬명가/춘장/14kg,14k*1,0,0,0,0,0,0,0,0,,0,,,
기본 대분류,잡화-S동,중찬명가,005341,154-98-100-01,중찬명가/볶음춘장10kg,10kg*1,1,36000,36000,43800,43800,0.2167,3,3,0,0,,,
기본 대분류,잡화-S동,중찬명가,005342,154-98-01-01,중찬명가/꼬마춘장/6g*500ea,6g*500ea,0,0,0,0,0,0,0,0,,0,,,
기본 대분류,잡화-S동,백설,005343,15-39-200-01,백설/튀김가루/20kg,20kg,0,0,0,0,0,0,0,0,0,0,,,
기본 대분류,잡화-S동,쥬코,005344,153-78-20-01,쥬코/모짜렐라치즈/2.5kg,2.5kg*4,0,0,0,0,0,0,0,0,,0,,,
기본 대분류,잡화-S동,백설,005345,15-320-200-01,백설/고과당/25kg,25kg,0,0,0,0,0,0,0,0,,0,,,
기본 대분류,잡화-S동,쥬코,005346,153-146-05-01,쥬코/메디밀/연유,500g*20ea,0,0,0,0,0,0,0,0,,0,,,
기본 대분류,잡화-S동,사조해표,005347,15-314-10-01,사조해표/고추씨기름1.8L,1.8L*8,0,0,0,0,0,0,0,0,,0,,,
기본 대분류,잡화-S동,사조,005348,15-313-50-01,사조/고추장1회용/5kg,5kg*1(10g*500개),0,0,0,0,0,0,0,0,,0,,,
기본 대분류,잡화-S동,사조,005349,15-308-20-01,사조/굴소스/2kg,2kg*8,0,0,0,0,0,0,0,0,,0,,,
기본 대분류,잡화-S동,사조,005350,15-300-20-03,사조/우동다시소스,2.15kg*8,0,0,0,0,0,0,0,0,,0,,,
기본 대분류,잡화-S동,사조,005351,15-300-20-02,사조/데리야끼소스/2kg,2kg*6ea,0,0,0,0,0,0,0,0,,0,,,
기본 대분류,잡화-S동,사조,005352,15-300-20-01,사조/스위트칠리소스/2kg,2kg*6ea,6,5700,34200,6300,37800,0.1053,0,0,0,0,,,
기본 대분류,잡화-S동,백설,005353,15-300-08-01,백설/비빔면소스/890g,890g*8,0,0,0,0,0,0,0,0,,0,,,
기본 대분류,잡화-S동,사조,005354,15-293-01-03,사조/김/미니도시락용/24팩,(10개*1팩)*24팩,0,0,0,0,0,0,0,0,,0,,,
기본 대분류,잡화-S동,사조,005355,15-293-01-02,+사조/김/전장김/10*100,10*100,0,0,0,0,0,0,0,0,,0,,,
기본 대분류,잡화-S동,사조,005356,15-293-01-01,사조/김밥김,10매*100개,0,0,0,0,0,0,0,0,,0,,,
기본 대분류,잡화-S동,사조,005357,15-269-10-01,사조/해표/들기름/1.8L/100%,1.8L*8ea,0,0,0,0,0,0,0,0,,0,,,
기본 대분류,잡화-S동,사조,005358,15-258-10-01,사조/런천미트쿡/1.8kg,1.8kg*6,0,0,0,0,0,0,0,0,,0,,,
기본 대분류,잡화-S동,백설,005359,15-252-01-01,백설/롱슈가,(5g*100)*10,0,0,0,0,0,0,0,0,,0,,,
기본 대분류,잡화-S동,사조,005360,15-245-150-01,사조/해표/고추맛기름/15L,15L*1,1,60000,60000,0,0,-1,0,0,0,0,,,
기본 대분류,잡화-S동,백설,005361,15-244-50-01,백설/맛소금/5kg*4,5kg*4,0,0,0,0,0,0,0,0,,0,,,
기본 대분류,잡화-S동,백설,005362,15-244-20-01,백설/맛소금2kg,2kg*6,0,0,0,0,0,0,0,0,,0,,,
기본 대분류,잡화-S동,백설,005363,15-239-10-01,백설 매실청 1kg,1kg*9,0,0,0,0,0,0,0,0,,0,,,
기본 대분류,잡화-S동,백설,005364,15-233-50-02,백설/맥아물엿/5k,5kg*3,0,0,0,0,0,0,0,0,,0,,,
기본 대분류,잡화-S동,사조,005365,15-233-50-01,사조/물엿5kg,5kg*3,0,0,0,0,0,0,0,0,,0,,,
기본 대분류,잡화-S동,사조,005366,15-233-20-01,사조/물엿2.4kg,2.4kg*6ea,0,0,0,0,0,0,0,0,,0,,,
기본 대분류,잡화-S동,백설,005367,15-233-200-01,백설/맥아이온물엿24kg,24kg*1,0,0,0,0,0,0,0,0,,0,,,
기본 대분류,잡화-S동,백설,005368,15-233-180-01,백설/맥아물엿/18kg,18kg,0,0,0,0,0,0,0,0,,0,,,
기본 대분류,잡화-S동,백설,005369,15-233-10-01,백설/맥아물엿(1.2kg),1.2kg*12,0,0,0,0,0,0,0,0,,0,,,
기본 대분류,잡화-S동,백설,005370,15-227-10-02,백설/조개다시다/1Kg,1kg*10,10,11500,115000,13800,138000,0.2,10,1,0,0,,,
기본 대분류,잡화-S동,백설,005371,15-227-10-01,백설/멸치다시다/1kg,1kg*10,0,0,0,0,0,0,0,0,,0,,,
기본 대분류,잡화-S동,백설,005372,15-227-05-01,백설/조개다시다,500g*20,0,0,0,0,0,0,0,0,,0,,,
기본 대분류,잡화-S동,지록스,005373,152-262-07-01,지록스/라임쥬스/750ml,750ml*12,0,0,0,0,0,0,0,0,,0,,,
기본 대분류,잡화-S동,백설,005374,15-223-30-01,+백설/중력1등급밀가루/3kg,3kg*6,0,0,0,0,0,0,0,0,,0,,,
기본 대분류,잡화-S동,백설,005375,15-223-20-01,+백설/찰밀가루,2.5K*6,0,0,0,0,0,0,0,0,,0,,,
기본 대분류,잡화-S동,백설,005376,15-223-200-02,+백설/중력밀가루20Kg,20kg,0,0,0,0,0,0,0,0,,0,,,
기본 대분류,잡화-S동,큐원,005377,15-223-200-01,+큐원/밀가루(제빵전용),20K,0,0,0,0,0,0,0,0,,0,,,
기본 대분류,잡화-S동,백설,005378,15-223-10-02,+백설/밀가루/중력/1kg,1kg*10,0,0,0,0,0,0,0,0,,0,,,
기본 대분류,잡화-S동,백설,005379,15-223-10-01,+백설/밀가루/박력1등급/1kg,1kg*10,0,0,0,0,0,0,0,0,,0,,,
기본 대분류,잡화-S동,지록스,005380,152-173-07-01,지록스/그라나딘,750ml*12,0,0,0,0,0,0,0,0,,0,,,
기본 대분류,잡화-S동,백설,005381,15-213-200-01,백설/부침가루/20kg,20kg,0,0,0,0,0,0,0,0,,0,,,
기본 대분류,잡화-S동,백설,005382,15-213-10-01,백설/부침가루,1kg*10,10,2000,20000,3670,36700,0.835,50,5,0,0,,,
기본 대분류,잡화-S동,백설,005383,15-204-10-01,백설/빵가루/1kg,1kg*10,0,0,0,0,0,0,0,0,,0,,,
기본 대분류,잡화-S동,진미,005384,151-98-03-01,진미/춘장,300g*30,0,0,0,0,0,0,0,0,,0,,,
기본 대분류,잡화-S동,백설,005385,15-193-30-02,백설/황설탕3Kg/6入,3kg*6,0,0,0,0,0,0,0,0,,0,,,
기본 대분류,잡화-S동,큐원,005386,15-193-30-01,큐원/황설탕3kg/8入,3kg*6,0,0,0,0,0,0,0,0,,0,,,
기본 대분류,잡화-S동,큐원,005387,15-193-150-02,큐원/황설탕/15kg,15k*1,0,0,0,0,0,0,0,0,,0,,,
기본 대분류,잡화-S동,백설,005388,15-193-150-01,백설/황설탕15kg,15k*1,0,0,0,0,0,0,0,0,,0,,,
기본 대분류,잡화-S동,백설,005389,15-193-10-04,백설/자일로스 갈색설탕,1kg*12ea,0,0,0,0,0,0,0,0,,0,,,
기본 대분류,잡화-S동,백설,005390,15-193-10-03,백설/흑설탕16입,1kg*16,0,0,0,0,0,0,0,0,,0,,,
기본 대분류,잡화-S동,백설,005391,15-193-10-02,백설/백설탕(16입),1kg*16,0,0,0,0,0,0,0,0,,0,,,
기본 대분류,잡화-S동,큐원,005392,15-193-10-01,큐원/황설탕(1Kg),1kg*20,0,0,0,0,0,0,0,0,,0,,,
기본 대분류,잡화-S동,백설,005393,15-190-30-02,+백설/천일염(3kg),3kg*4,0,0,0,0,0,0,0,0,,0,,,
기본 대분류,잡화-S동,백설,005394,15-190-30-01,*백설/꽃소금/3kg,3kg*6,0,0,0,0,0,0,0,0,,0,,,
기본 대분류,잡화-S동,백설,005395,15-190-10-01,+백설/꽃소금/1kg,1kg*10,0,0,0,0,0,0,0,0,,0,,,
기본 대분류,잡화-S동,백설,005396,15-187-01-01,백설/허브맛솔트/순한맛/100g*24,100g,0,0,0,0,0,0,0,0,,0,,,
기본 대분류,잡화-S동,사조해표,005397,15-168-10-01,사조해표/식용유/1.8L,1.8L*12,0,0,0,0,0,0,0,0,,0,,,
기본 대분류,잡화-S동,백설,005398,15-168-05-01,백설/식용유/500ml,500ml*20,0,0,0,0,0,0,0,0,,0,,,
기본 대분류,잡화-S동,사조,005399,15-162-140-01,+사조순창궁양념쌈장(면세),14kg,0,0,0,0,0,0,0,0,,0,,,
기본 대분류,잡화-S동,백설,005400,15-157-20-01,백설 아이미,2K*6,6,18000,108000,22666.6667,136000.0002,0.2593,0,0,0,0,,,
기본 대분류,잡화-S동,백설,005401,15-152-100-02,백설/소불고기양념,10kg,1,30360,30360,0,0,-1,-1,-1,0,0,,,
기본 대분류,잡화-S동,백설,005402,15-152-100-01,백설/돼지불고기양념,10kg,0,0,0,0,0,0,0,0,,0,,,
기본 대분류,잡화-S동,백설,005403,15-152-08-01,백설/소갈비양념(840g),840g*12,0,0,0,0,0,0,0,0,0,0,,,
기본 대분류,잡화-S동,백설,005404,15-129-200-01,백설/요리당/25kg,25kg,0,0,0,0,0,0,0,0,,0,,,
기본 대분류,잡화-S동,사조,005405,15-128-30-01,사조/요리플러스/3kg,3kg*5,0,0,0,0,0,0,0,0,,0,,,
기본 대분류,잡화-S동,진미,005406,151-162-140-01,+진미/쌈장/14kg(면세),14kg,0,0,0,0,0,0,0,0,,0,,,
기본 대분류,잡화-S동,백설,005407,15-109-200-01,백설/저당/24kg,24kg,0,0,0,0,0,0,0,0,,0,,,
기본 대분류,잡화-S동,사조,005408,15-103-90-01,사조/조정(황엿)9kg,9kg*2,0,0,0,0,0,0,0,0,,0,,,
기본 대분류,잡화-S동,사조,005409,15-102-50-01,사조/조청(황엿)5kg,5kg*3,0,0,0,0,0,0,0,0,,0,,,
기본 대분류,잡화-S동,백설,005410,15-10-10-01,백설/핵산2.5%,1Kg*20,0,0,0,0,0,0,0,0,,0,,,
기본 대분류,잡화-S동,진산,005411,150-110-30-01,진산/살구쨈/3kg*6,3kg*6,0,0,0,0,0,0,0,0,,0,,,
기본 대분류,잡화-S동,진산,005412,150-07-30-01,진산/호박다이스(국산),3kg*6,6,14960,89760,0,0,-1,0,0,0,0,,,
기본 대분류,잡화-S동,진양,005413,149-206-30-01,진양/빙수팥,3kg*6,0,0,0,0,0,0,0,0,,0,,,
기본 대분류,잡화-S동,진양,005414,149-15-30-01,+진양/오이피클(면세),3kg*6,0,0,0,0,0,0,0,0,,0,,,
기본 대분류,잡화-S동,진양,005415,149-100-30-01,진양/죽순1호,3kg*6,6,11200,67200,13450,80700,0.2009,120,20,0,0,,,
기본 대분류,잡화-S동,진양,005416,149-100-04-01,진양/죽순4호,400g*24,24,2249.5,53988,2641.6667,63400.00080000001,0.1743,2424,101,0,0,,,
기본 대분류,잡화-S동,진조미초장,005417,148-81-130-01,진조미초장/13k,13k*1,1,26000,26000,35000,35000,0.3462,0,0,0,0,,,
기본 대분류,잡화-S동,참고을,005418,147-233-80-01,참고을/야무진/맥이온물엿/8k,8k*1,0,0,0,0,0,0,0,0,,0,,,
기본 대분류,잡화-S동,참다음,005419,146-311-10-02,참다음/매실원액/1.5L,1.5L*8,0,0,0,0,0,0,0,0,,0,,,
기본 대분류,잡화-S동,참다음,005420,146-311-10-01,참다음/복분자원액/1.5L,1.5L*8,0,0,0,0,0,0,0,0,,0,,,
기본 대분류,잡화-S동,참다음,005421,146-194-10-01,참다음/순석류,1.5L*8,0,0,0,0,0,0,0,0,,0,,,
기본 대분류,잡화-S동,참다음,005422,146-166-10-01,참다음/식혜(1Kg),1kg*10,0,0,0,0,0,0,0,0,,0,,,
기본 대분류,잡화-S동,참다음,005423,146-142-10-01,참다음/오미자/파낙스,1.5L*8,0,0,0,0,0,0,0,0,,0,,,
기본 대분류,잡화-S동,참다음,005424,146-117-10-01,참다음/유자청,1.5L*8,0,0,0,0,0,0,0,0,,0,,,
기본 대분류,잡화-S동,참다음,005425,146-112-10-01,참다음/로쏘189 자몽,1L*12,0,0,0,0,0,0,0,0,,0,,,
기본 대분류,잡화-S동,청담,005426,145-44-05-01,청담/터머릭,500g*12,0,0,0,0,0,0,0,0,,0,,,
기본 대분류,잡화-S동,청담,005427,145-275-08-01,청담/달팽이,850g*12,0,0,0,0,0,0,0,0,,0,,,
기본 대분류,잡화-S동,청림,005428,144-288-20-02,청림/아카시아꿀/청/2.4k,2.4K*8,8,4300,34400,0,0,-1,160,20,0,0,,,
기본 대분류,잡화-S동,청솔,005429,143-55-10-01,청솔/볶은콩가루100%,1kg*10,0,0,0,0,0,0,0,0,,0,,,
기본 대분류,잡화-S동,청솔,005430,143-311-10-01,청솔/오미자원액,1.5L*6ea,0,0,0,0,0,0,0,0,,0,,,
기본 대분류,잡화-S동,청솔,005431,143-311-08-02,청솔/키위원액,835ml*12,0,0,0,0,0,0,0,0,,0,,,
기본 대분류,잡화-S동,청솔,005432,143-311-08-01,청솔/오렌지원액,835ml*12ea,0,0,0,0,0,0,0,0,,0,,,
기본 대분류,잡화-S동,청솔,005433,143-240-10-01,청솔/황금매실/1.5L,1.5L*6,0,0,0,0,0,0,0,0,,0,,,
기본 대분류,잡화-S동,청솔,005434,143-229-10-01,청솔/미숫가루20곡(골드)/1kg,1kg*10,0,0,0,0,0,0,0,0,,0,,,
기본 대분류,잡화-S동,청솔,005435,143-117-10-01,청솔/유자청/1.5kg,1.5kg*6,0,0,0,0,0,0,0,0,,0,,,
기본 대분류,잡화-S동,청수,005436,142-06-10-01,청수우동다시,1.8kg*8,8,6000,48000,7200,57600,0.2,0,0,0,0,,,
기본 대분류,잡화-S동,청정들,005437,141-269-10-01,청정들/들기름,1.8L*10,0,0,0,0,0,0,0,0,,0,,,
기본 대분류,잡화-S동,청정들,005438,141-245-10-01,청정들/참맛기름,1.8L*10,0,0,0,0,0,0,0,0,,0,,,
기본 대분류,잡화-S동,초담원,005439,140-93-10-01,초담원/짬뽕의신,1kg*12,0,0,0,0,0,0,0,0,,0,,,
기본 대분류,잡화-S동,초담원,005440,140-90-10-01,초담원/모밀쯔유/1.8L,1.8L*8,0,0,0,0,0,0,0,0,,0,,,
기본 대분류,잡화-S동,초담원,005441,140-83-10-01,초담원/유자초대리,1.1kg*12,0,0,0,0,0,0,0,0,,0,,,
기본 대분류,잡화-S동,초담원,005442,140-327-100-01,초담원/무궁화간장10kg,10kg,0,0,0,0,0,0,0,0,,0,,,
기본 대분류,잡화-S동,초담원,005443,140-300-20-04,초담원/불닭소스2.2kg,2.2kg*8,8,14300,114400,14875,119000,0.0402,0,0,0,0,,,
기본 대분류,잡화-S동,초담원,005444,140-300-20-01,초담원/나가사끼짬뽕소스/2kg,2kg*8,0,0,0,0,0,0,0,0,,0,,,
기본 대분류,잡화-S동,초담원,005445,140-300-10-01,초담원/우동소스(쯔유)/1.8L*8,1.8L*8,0,0,0,0,0,0,0,0,,0,,,
기본 대분류,잡화-S동,초담원,005446,140-116-10-01,초담원/멸치육수1.8L,1.8L*8,0,0,0,0,0,0,0,0,,0,,,
기본 대분류,잡화-S동,초담원,005447,140-06-10-01,초담원/오뎅다시,1.8L*8,0,0,0,0,0,0,0,0,,0,,,
기본 대분류,잡화-S동,초록원,005448,139-89-20-01,초록원/유자차,2kg*6,6,6700,40200,8000,48000,0.194,132,22,0,0,,,
기본 대분류,잡화-S동,초록원,005449,139-89-10-11,초록원/꿀생강차,1kg*12ea,0,0,0,0,0,0,0,0,,0,,,
기본 대분류,잡화-S동,초록원,005450,139-89-10-01,초록원/유자차/1Kg,1kg*12,0,0,0,0,0,0,0,0,,0,,,
기본 대분류,잡화-S동,초야,005451,138-248-04-01,초야/마늘가루/400g(70%),400g*20,0,0,0,0,0,0,0,0,,0,,,
기본 대분류,잡화-S동,초야,005452,138-199-01-01,초야/산초/40g*100개,40g*100개,0,0,0,0,0,0,0,0,,0,,,
기본 대분류,잡화-S동,초야,005453,138-195-04-01,초야/생강가루400g/70%,400g*20,0,0,0,0,0,0,0,0,,0,,,
기본 대분류,잡화-S동,칠갑,005454,137-184-20-01,칠갑/감자수제비,2kg*6,0,0,0,0,0,0,0,0,,0,,,
기본 대분류,잡화-S동,칠갑산,005455,136-304-10-01,칠갑산/메밀면/1kg,1kg*15,0,0,0,0,0,0,0,0,,0,,,
기본 대분류,잡화-S동,카보트,005456,135-302-04-02,카보트그라운드미트/민찌,450g*30,0,0,0,0,0,0,0,0,,0,,,
기본 대분류,잡화-S동,카보트,005457,135-302-04-01,카보트그라운드비프/민찌/B,450g*30,0,0,0,0,0,0,0,0,,0,,,
기본 대분류,잡화-S동,카스텔로,005458,134-134-10-01,카스텔로/올리브오일/버진1L,1L*12,0,0,0,0,0,0,0,0,,0,,,
기본 대분류,잡화-S동,칸스타,005459,133-79-10-01,칸스타/파마산치즈블렌드/1kg,kg*10,10,8100,81000,9720,97200,0.2,0,0,0,0,,,
기본 대분류,잡화-S동,코다노,005460,132-78-20-03,코다노/피자치즈(레이),2.5Kg*4,0,0,0,0,0,0,0,0,,0,,,
기본 대분류,잡화-S동,코다노,005461,132-78-20-02,코다노/피자치즈(DMC1)/50%/냉동,2.5kg*4,0,0,0,0,0,0,0,0,,0,,,
기본 대분류,잡화-S동,코다노,005462,132-78-20-01,코다노/엔젤헤어모짜F/2kg,2kg*4ea,0,0,0,0,0,0,0,0,,0,,,
기본 대분류,잡화-S동,코우,005463,131-82-10-03,코우/초생강/채/적,1.3kg*10,0,0,0,0,0,0,0,0,0,0,,,
기본 대분류,잡화-S동,코우,005464,131-82-10-02,코우/초생강/백/1.3kg,1.3kg*10,10,1500,15000,0,0,-1,30,3,0,0,,,
기본 대분류,잡화-S동,코우,005465,131-82-10-01,코우/초생강/채/백,1kg*10,0,0,0,0,0,0,0,0,,0,,,
기본 대분류,잡화-S동,코우,005466,131-40-05-01,코우/튀긴마늘슬라이스/500g,500g*12,0,0,0,0,0,0,0,0,,0,,,
기본 대분류,잡화-S동,코우,005467,131-328-05-02,+코우/하나가스오부시,500g*4,0,0,0,0,0,0,0,0,,0,,,
기본 대분류,잡화-S동,코우,005468,131-328-05-01,+코우/이도가스오부시,500g*4,0,0,0,0,0,0,0,0,,0,,,
기본 대분류,잡화-S동,코우,005469,131-328-02-01,+코우/하나가스오(중)200g,200g*10,0,0,0,0,0,0,0,0,,0,,,
기본 대분류,잡화-S동,코우,005470,131-328-01-01,+코우/하나가스오/60g,60g*20,0,0,0,0,0,0,0,0,,0,,,
기본 대분류,잡화-S동,코우,005471,131-327-01-01,+코우/붕어모양간장/4g(면세),4g(500ea)*6,0,0,0,0,0,0,0,0,,0,,,
기본 대분류,잡화-S동,코우,005472,131-300-10-01,코우/유타카 돈부리/1.8L,1.8L*6,0,0,0,0,0,0,0,0,,0,,,
기본 대분류,잡화-S동,코우,005473,131-271-10-01,코우/미소된장/적/아와세,1Kg*10,0,0,0,0,0,0,0,0,,0,,,
기본 대분류,잡화-S동,코우,005474,131-261-30-01,코우/락교3S파우치/3kg*4,3kg*4,4,8700,34800,0,0,-1,0,0,0,0,,,
기본 대분류,잡화-S동,코우,005475,131-153-04-01,+코우/야마고보(중국)면세,400g*20,0,0,0,0,0,0,0,0,,0,,,
기본 대분류,잡화-S동,코우,005476,131-149-04-01,코우/양파후레이크/400g,400g*10,10,3300,33000,4440,44400,0.3455,0,0,0,0,,,
기본 대분류,잡화-S동,코우,005477,131-133-07-01,코우/생와사비,750g*20,0,0,0,0,0,0,0,0,,0,,,
기본 대분류,잡화-S동,코우,005478,131-125-02-01,코우/히모카와우동면/넓적면,200g*20개,0,0,0,0,0,0,0,0,,0,,,
기본 대분류,잡화-S동,코우,005479,131-114-10-01,코우/신슈/고시고지(백색),1kg*10,0,0,0,0,0,0,0,0,,0,,,
기본 대분류,잡화-S동,코우,005480,131-113-10-01,코우/복신지/1kg,1kg*10,0,0,0,0,0,0,0,0,,0,,,
기본 대분류,잡화-S동,코우,005481,131-06-10-01,코우/혼다시/시마야,1kg*10,0,0,0,0,0,0,0,0,,0,,,
기본 대분류,잡화-S동,크노르,005482,130-77-10-01,크노르치킨부용/유니레버,1K*6,0,0,0,0,0,0,0,0,,0,,,
기본 대분류,잡화-S동,크노르,005483,130-76-10-01,크노르치킨파우더/유니레버,1K*6,0,0,0,0,0,0,0,0,,0,,,
기본 대분류,잡화-S동,크노르,005484,130-300-10-01,크노르/홀란다이즈 소스,1L*6,0,0,0,0,0,0,0,0,,0,,,
기본 대분류,잡화-S동,크노르,005485,130-235-10-01,크노르/몬다민루(화이트),1kg*6,0,0,0,0,0,0,0,0,,0,,,
기본 대분류,잡화-S동,타이시아,005486,127-300-60-01,타이시아/스위트칠리소스/6kg,6kg*3ea,0,0,0,0,0,0,0,0,,0,,,
기본 대분류,잡화-S동,태명,005487,126-327-10-01,+태명/야마사국간장/우스구찌(면,1.8L*6,0,0,0,0,0,0,0,0,,0,,,
기본 대분류,잡화-S동,태명,005488,126-296-10-01,태명/오꼬노미파우더/1kg,1kg*10,0,0,0,0,0,0,0,0,,0,,,
기본 대분류,잡화-S동,태산,005489,125-327-01-01,태산/미니간장/1회용,200ea*6,0,0,0,0,0,0,0,0,,0,,,
기본 대분류,잡화-S동,태산,005490,125-323-01-01,태산/1회용겨자/3g,200ea*6팩,0,0,0,0,0,0,0,0,,0,,,
기본 대분류,잡화-S동,태산,005491,125-190-01-03,태산/맛미니소금,3.5g*100ea*20봉,0,0,0,0,0,0,0,0,,0,,,
기본 대분류,잡화-S동,태산,005492,125-190-01-02,태산/순대소금/1회용,3.5g*200*10봉,0,0,0,0,0,0,0,0,,0,,,
기본 대분류,잡화-S동,태산,005493,125-190-01-01,태산/깨맛소금/1회용,3.5g*200*20봉,0,0,0,0,0,0,0,0,,0,,,
기본 대분류,잡화-S동,태산,005494,125-167-01-01,태산/맛미새코미/1회용/식초,5g*200개*6팩,0,0,0,0,0,0,0,0,,0,,,
기본 대분류,잡화-S동,태산,005495,125-01-10-01,+태산/흑후추분/1kg,1kg*15,0,0,0,0,0,0,0,0,,0,,,
기본 대분류,잡화-S동,태산,005496,125-01-100-01,+태산/백후추분/20Kg,10kg*2,0,0,0,0,0,0,0,0,,0,,,
기본 대분류,잡화-S동,태산,005497,125-01-04-04,+태산/흑후추홀(원두)/400g/SA,400g*20,0,0,0,0,0,0,0,0,,0,,,
기본 대분류,잡화-S동,태산,005498,125-01-04-03,+태산/흑후추분/400g,400g*20,0,0,0,0,0,0,0,0,,0,,,
기본 대분류,잡화-S동,태산,005499,125-01-04-02,+태산/백후추분/70%,400g*20,0,0,0,0,0,0,0,0,,0,,,
기본 대분류,잡화-S동,태산,005500,125-01-04-01,+태산/백후추/원두/400g,400g*20,0,0,0,0,0,0,0,0,,0,,,
기본 대분류,잡화-S동,태산,005501,125-01-02-01,+태산/흑후추분/200g,200g*50,0,0,0,0,0,0,0,0,,0,,,
기본 대분류,잡화-S동,태화,005502,124-111-01-08,태화/니트릴장갑/L/검정/100매,1box*10ea,0,0,0,0,0,0,0,0,,0,,,
기본 대분류,잡화-S동,태화,005503,124-111-01-07,태화/니트릴장갑/L/파랑/100매,1box*10ea,0,0,0,0,0,0,0,0,,0,,,
기본 대분류,잡화-S동,태화,005504,124-111-01-06,태화/니트릴장갑/M/검정/100매,1box*10ea,0,0,0,0,0,0,0,0,,0,,,
기본 대분류,잡화-S동,태화,005505,124-111-01-05,태화/니트릴장갑/M/파랑/100매,1box*10ea,0,0,0,0,0,0,0,0,,0,,,
기본 대분류,잡화-S동,태화,005506,124-111-01-04,태화/니트릴장갑/S/검정/100매,1box*10ea,0,0,0,0,0,0,0,0,,0,,,
기본 대분류,잡화-S동,태화,005507,124-111-01-03,태화/니트릴장갑/S/파랑/100매,1box*10ea,0,0,0,0,0,0,0,0,,0,,,
기본 대분류,잡화-S동,태화,005508,124-111-01-02,태화/라텍스장갑L/아이보리100매,1box*10ea,0,0,0,0,0,0,0,0,,0,,,
기본 대분류,잡화-S동,태화,005509,124-111-01-01,태화/라텍스장갑S/아이보리100매,1box*10ea,0,0,0,0,0,0,0,0,,0,,,
기본 대분류,잡화-S동,토렌트,005510,123-135-30-01,+토렌트/블랙올리브/슬(면세),3kg*6,0,0,0,0,0,0,0,0,,0,,,
기본 대분류,잡화-S동,튤립,005511,122-214-10-01,튤립/촙트부대햄(A)/6입,1.8kg*6,0,0,0,0,0,0,0,0,,0,,,
기본 대분류,잡화-S동,튤립,005512,121-214-10-01,튤립/런천부대햄B급/6입,1.81kg*6,0,0,0,0,0,0,0,0,,0,,,
기본 대분류,잡화-S동,티제이푸드,005513,120-326-200-01,티제이푸드/감자전분20kg/수입산,20kg*1,0,0,0,0,0,0,0,0,,0,,,
기본 대분류,잡화-S동,파트너,005514,119-192-20-01,파트너/퐁퐁,2Kg*6,0,0,0,0,0,0,0,0,,0,,,
기본 대분류,잡화-S동,판타이,005515,118-180-100-01,판타이/스위트칠리13.5kg,10L*1,0,0,0,0,0,0,0,0,,0,,,
기본 대분류,잡화-S동,팬다,005516,117-326-200-01,팬다/감자전분/20kg,20kg,0,0,0,0,0,0,0,0,,0,,,
기본 대분류,잡화-S동,리치스,005517,11-69-30-01,리치스/칵테일1호,3kg*6,0,0,0,0,0,0,0,0,,0,,,
기본 대분류,잡화-S동,리치스,005518,11-69-08-01,리치스/칵테일2호/12入,12入*836g,0,0,0,0,0,0,0,0,,0,,,
기본 대분류,잡화-S동,풍전(아기표),005519,116-278-01-01,풍전(아기표)/뉴슈가60G,60g*10*20,1,64000,64000,0,0,-1,0,0,0,0,,,
기본 대분류,잡화-S동,프레시원,005520,115-111-01-01,프레시원/위생장갑(200매),200매*40,0,0,0,0,0,0,0,0,,0,,,
기본 대분류,잡화-S동,프리모,005521,114-134-50-01,프리모/포머스/올리브유(혼합),5L*4,0,0,0,0,0,0,0,0,,0,,,
기본 대분류,잡화-S동,프리츠,005522,113-50-10-01,프리츠/민락골드/휘핑크림,1L*12,0,0,0,0,0,0,0,0,,0,,,
기본 대분류,잡화-S동,라리,005523,11-305-50-01,라리/혼합유(5L),5L*4,0,0,0,0,0,0,0,0,,0,,,
기본 대분류,잡화-S동,라리,005524,11-259-05-01,라리/스파게티/오씨아니,500g*20,0,0,0,0,0,0,0,0,,0,,,
기본 대분류,잡화-S동,화남,005525,11-222-30-01,화남/밀감1호/3kg,3kg*6,6,8300,49800,9950,59700,0.1988,264,44,0,0,,,
기본 대분류,잡화-S동,화남,005526,11-222-08-01,화남/밀감2호/850g,850g*12,12,2850,34200,3416.6667,41000.000400000004,0.1988,794,66,2,0,,,
기본 대분류,잡화-S동,프리페어드에더블펫버터,005527,112-218-120-01,프리페어드에더블펫버터/PEF,12.5kg*1,0,0,0,0,0,0,0,0,,0,,,
기본 대분류,잡화-S동,리치스,005528,11-206-30-01,리치스/빙수팥,3kg*6,0,0,0,0,0,0,0,0,,0,,,
기본 대분류,잡화-S동,하나,005529,111-91-10-01,+하나/쯔보즈케/1kg(면세),1kg*10,0,0,0,0,0,0,0,0,,0,,,
기본 대분류,잡화-S동,리치스,005530,11-179-10-01,리치스/냉동스위트콘,1kg*10,0,0,0,0,0,0,0,0,,0,,,
기본 대분류,잡화-S동,라리,005531,11-167-50-01,라리발사믹식초/5L,5L*2,0,0,0,0,0,0,0,0,,0,,,
기본 대분류,잡화-S동,화남,005532,11-138-30-01,화남/옥수수3kg/태국산,3kg*6,0,0,0,0,0,0,0,0,,0,,,
기본 대분류,잡화-S동,리치스,005533,11-138-20-01,리치스/옥수수1호,2.95K*6,0,0,0,0,0,0,0,0,,0,,,
기본 대분류,잡화-S동,화남,005534,11-138-04-02,화남/옥수수425g/태국산,425g*24,0,0,0,0,0,0,0,0,,0,,,
기본 대분류,잡화-S동,리치스,005535,11-138-04-01,리치스/옥수수4호,425g*24,0,0,0,0,0,0,0,0,,0,,,
기본 대분류,잡화-S동,동원,005536,11-138-03-01,동원/옥수수4호/태국산,340g*24,0,0,0,0,0,0,0,0,,0,,,
기본 대분류,잡화-S동,리치스,005537,11-135-30-01,리치스/그린올리브(홀),3kg*6,0,0,0,0,0,0,0,0,,0,,,
기본 대분류,잡화-S동,리치스,005538,11-135-03-01,리치스/그린올리브/병,365g*12,0,0,0,0,0,0,0,0,0,0,,,
기본 대분류,잡화-S동,라리,005539,11-134-10-01,라리/올리브유(버진),1L*12,0,0,0,0,0,0,0,0,,0,,,
기본 대분류,잡화-S동,하나,005540,111-300-10-01,하나/돈까스소스/1.8L,1.8L*9,0,0,0,0,0,0,0,0,,0,,,
기본 대분류,잡화-S동,하나,005541,111-196-10-01,+하나/샌기리다이꽁/알밥(면세),1kg*10,0,0,0,0,0,0,0,0,,0,,,
기본 대분류,잡화-S동,하나,005542,111-113-10-02,하나/시바스케/가지절임,1kg*10,0,0,0,0,0,0,0,0,,0,,,
기본 대분류,잡화-S동,하나,005543,111-113-10-01,하나/후쿠진스케/복신지,1kg*10,0,0,0,0,0,0,0,0,,0,,,
기본 대분류,잡화-S동,화남,005544,11-03-30-01,화남/황도1호(그리스)/3kg,3kg*6,0,0,0,0,0,0,0,0,,0,,,
기본 대분류,잡화-S동,화남,005545,11-03-08-01,화남/황도2절/그리스/820g,820g*12,0,0,0,0,0,0,0,0,,0,,,
기본 대분류,잡화-S동,화남,005546,11-03-04-01,화남/황도410g(슬)/그리스,410g*24,0,0,0,0,0,0,0,0,,0,,,
기본 대분류,잡화-S동,하늘청,005547,110-185-07-01,하늘청/수정과,790ml*10,0,0,0,0,0,0,0,0,,0,,,
기본 대분류,잡화-S동,하늘청,005548,110-166-07-01,하늘청식혜790ml,790ml*10,10,5500,55000,6600,66000,0.2,29,2,9,0,,,
기본 대분류,잡화-S동,하루,005549,109-89-20-01,하루/유자차/고흥산,2kg*6,0,0,0,0,0,0,0,0,,0,,,
기본 대분류,잡화-S동,하루야마녹차파우다,005550,109-89-05-01,하루야마녹차파우다/500g,500g*20ea,0,0,0,0,0,0,0,0,,0,,,
기본 대분류,잡화-S동,주식회사 씨엘푸드,005551,109-40-05-01,하루튀긴마늘슬라이스,500g*12ea,12,6200,74400,8275,99300,0.3347,0,0,0,0,,,
기본 대분류,잡화-S동,하이,005552,108-192-180-01,하이/오븐크리너,18L,0,0,0,0,0,0,0,0,,0,,,
기본 대분류,잡화-S동,한라,005553,107-87-50-01,한라/참치액/5L,5L*1,0,0,0,0,0,0,0,0,,0,,,
기본 대분류,잡화-S동,한라,005554,107-87-10-01,한라/참치액(1.8L),1.8L*8,0,0,0,0,0,0,0,0,,0,,,
기본 대분류,잡화-S동,한라,005555,107-87-05-01,한라/참치액/500ml/20입,500ml*20,0,0,0,0,0,0,0,0,,0,,,
기본 대분류,잡화-S동,한상,005556,106-65-04-01,한상/캡사이신분말,400g*12,0,0,0,0,0,0,0,0,,0,,,
기본 대분류,잡화-S동,한상,005557,106-300-20-01,한상/치킨소스/순한맛/2.1kg,2.1kg*8ea,0,0,0,0,0,0,0,0,,0,,,
기본 대분류,잡화-S동,한주,005558,105-190-30-01,한주/소금3kg,3kg*6,0,0,0,0,0,0,0,0,,0,,,
기본 대분류,잡화-S동,한주,005559,105-190-200-01,한주소금/25kg,25kg*1,0,0,0,0,0,0,0,0,,0,,,
기본 대분류,잡화-S동,합동,005560,104-271-140-01,미화 합동된장,14kg,1,55000,55000,66000,66000,0.2,50,50,0,0,,,
기본 대분류,잡화-S동,호멜,005561,103-258-03-01,호멜/런천미트,340g*24,0,0,0,0,0,0,0,0,,0,,,
기본 대분류,잡화-S동,해마루,005562,103-15-30-01,해마루/오이피클(슬),3kg*6,6,5500,33000,6700,40200,0.2182,266,44,2,0,,,
기본 대분류,잡화-S동,화미,005563,102-273-140-03,화미/실속찰당면/14kg,14kg,0,0,0,0,0,0,0,0,,0,,,
기본 대분류,잡화-S동,화미,005564,102-273-140-02,화미/찰당면14kg/,14kg*1,0,0,0,0,0,0,0,0,,0,,,
기본 대분류,잡화-S동,화미,005565,102-273-140-01,화미/납작당면/14kg,14kg*1,0,0,0,0,0,0,0,0,,0,,,
기본 대분류,잡화-S동,화미,005566,102-273-10-01,화미/납작당면,1kg*10,0,0,0,0,0,0,0,0,,0,,,
기본 대분류,잡화-S동,화미,005567,102-236-05-01,화미/멸치가루/500g,500g*20,0,0,0,0,0,0,0,0,,0,,,
기본 대분류,잡화-S동,화미,005568,102-233-90-01,화미/이온물엿(9Kg),9kg*1,0,0,0,0,0,0,0,0,,0,,,
기본 대분류,잡화-S동,화미,005569,102-233-80-02,화미/이온물엿(8K),8k*1,1,7500,7500,0,0,-1,0,0,0,0,,,
기본 대분류,잡화-S동,화미,005570,102-233-80-01,화미/이온물엿/고백당/8kg,8kg*1,1,7750,7750,0,0,-1,0,0,0,0,,,
기본 대분류,잡화-S동,화미,005571,102-233-50-01,화미/이온물엿(5Kg),5kg*3,0,0,0,0,0,0,0,0,,0,,,
기본 대분류,잡화-S동,화미,005572,102-233-140-02,화미/이온물엿/고백당/14kg,14kg,0,0,0,0,0,0,0,0,,0,,,
기본 대분류,잡화-S동,화미,005573,102-233-140-01,화미/맥아물엿/14KG,14Kg,0,0,0,0,0,0,0,0,,0,,,
기본 대분류,잡화-S동,화미,005574,102-227-20-01,화미/다시다/실속 2kg,2kg*6,6,7900,47400,0,0,-1,0,0,0,0,,,
기본 대분류,잡화-S동,화미,005575,102-227-200-01,화미/다시다/골드/20kg,20kg*1,0,0,0,0,0,0,0,0,,0,,,
기본 대분류,잡화-S동,화미,005576,102-225-200-01,화미/베타믹스(돈까스용)/20Kg,20kg,0,0,0,0,0,0,0,0,,0,,,
기본 대분류,잡화-S동,화미,005577,102-204-80-01,화미/빵가루,8kg*1,0,0,0,0,0,0,0,0,,0,,,
기본 대분류,잡화-S동,(주)화풍하이큐,005578,101-98-04-01,화풍/두반장/하하/12입,435g*12,0,0,0,0,0,0,0,0,,0,,,
기본 대분류,잡화-S동,(주)화풍하이큐,005579,101-95-10-01,+화풍/짜사이/1kg,1kg*20,0,0,0,0,0,0,0,0,,0,,,
기본 대분류,잡화-S동,(주)화풍하이큐,005580,101-95-05-01,+화풍/짜사이/500g,500g*40,0,0,0,0,0,0,0,0,,0,,,
기본 대분류,잡화-S동,(주)화풍하이큐,005581,101-279-02-01,화풍/누룽지,284g*36,36,2900,104400,3420.5556,123140.0016,0.1795,0,0,0,0,,,
기본 대분류,잡화-S동,(주)화풍하이큐,005582,101-261-30-01,화풍/락교sss,3kg*6,0,0,0,0,0,0,0,0,,0,,,
기본 대분류,잡화-S동,(주)화풍하이큐,005583,101-251-05-01,화풍/리치,560g*24,0,0,0,0,0,0,0,0,,0,,,
기본 대분류,잡화-S동,(주)화풍하이큐,005584,101-234-20-01,화풍/물밤/마티,2.95kg*6,0,0,0,0,0,0,0,0,,0,,,
기본 대분류,잡화-S동,(주)화풍하이큐,005585,101-231-04-01,화풍/영콘,400g*24,0,0,0,0,0,0,0,0,,0,,,
기본 대분류,잡화-S동,(주)화풍하이큐,005586,101-219-30-03,화풍/표고버섯(홀),3kg*6,0,0,0,0,0,0,0,0,,0,,,
기본 대분류,잡화-S동,(주)화풍하이큐,005587,101-219-30-02,화풍/표고버섯(채),2.8kg*6,6,4300,25800,5166.6667,31000.0002,0.2016,30,5,0,0,,,
기본 대분류,잡화-S동,(주)화풍하이큐,005588,101-219-30-01,화풍/초고버섯(대),3kg*6,0,0,0,0,0,0,0,0,,0,,,
기본 대분류,잡화-S동,(주)화풍하이큐,005589,101-219-04-01,화풍/초고버섯,415g*24,0,0,0,0,0,0,0,0,,0,,,
기본 대분류,잡화-S동,(주)화풍하이큐,005590,101-186-01-01,화풍/송화단,160ea,0,0,0,0,0,0,0,0,,0,,,
기본 대분류,잡화-S동,(주)화풍하이큐,005591,101-151-30-02,화풍/양송이(홀),3kg*6,0,0,0,0,0,0,0,0,,0,,,
기본 대분류,잡화-S동,(주)화풍하이큐,005592,101-151-30-01,화풍/양송이(특편),3kg*6,0,0,0,0,0,0,0,0,,0,,,
기본 대분류,잡화-S동,(주)화풍하이큐,005593,101-150-04-02,화풍/양장피(기계),400g*20,0,0,0,0,0,0,0,0,,0,,,
기본 대분류,잡화-S동,(주)화풍하이큐,005594,101-150-04-01,화풍/양장피/수제작업,400g*20,0,0,0,0,0,0,0,0,,0,,,
기본 대분류,잡화-S동,(주)화풍하이큐,005595,101-150-02-01,화풍/양장피(채),250g*32,0,0,0,0,0,0,0,0,,0,,,
기본 대분류,잡화-S동,(주)화풍하이큐,005596,101-108-10-01,화풍/적색체리(꼭지)대,1.88kg*6,6,14300,85800,17000,102000,0.1888,0,0,0,0,,,
기본 대분류,잡화-S동,(주)화풍하이큐,005597,101-108-04-02,화풍/적색체리(꼭지)소,400g*12,0,0,0,0,0,0,0,0,,0,,,
기본 대분류,잡화-S동,(주)화풍하이큐,005598,101-108-04-01,화풍/적색체리(소),400g*12,0,0,0,0,0,0,0,0,,0,,,
기본 대분류,잡화-S동,(주)화풍하이큐,005599,101-100-30-02,화풍/죽순채,3kg*6,6,4100,24600,0,0,-1,0,0,0,0,,,
기본 대분류,잡화-S동,(주)화풍하이큐,005600,101-100-30-01,화풍/죽순편,3kg*6,0,0,0,0,0,0,0,0,,0,,,
기본 대분류,잡화-S동,(주)화풍하이큐,005601,101-100-20-02,화풍/죽순(홀),2.95kg*6,0,0,0,0,0,0,0,0,,0,,,
기본 대분류,잡화-S동,(주)화풍하이큐,005602,101-100-20-01,화풍/동죽순,2840g*6,0,0,0,0,0,0,0,0,,0,,,
기본 대분류,잡화-S동,흥국,005603,100-309-10-01,흥국/청포도샤인머스켓,1L*12EA,0,0,0,0,0,0,0,0,,0,,,
기본 대분류,잡화-S동,흥국,005604,100-280-10-03,흥국/오렌지농축액/1.5L,1.5L*6EA,0,0,0,0,0,0,0,0,,0,,,
기본 대분류,잡화-S동,흥국,005605,100-280-10-02,흥국/자몽농축액/1.5L,1.5L*6EA,0,0,0,0,0,0,0,0,,0,,,
기본 대분류,잡화-S동,흥국,005606,100-280-10-01,흥국/애플망고농축액,1L*12,0,0,0,0,0,0,0,0,,0,,,
기본 대분류,잡화-S동,흥국,005607,100-182-02-01,흥국/네오스무디(홍시),240g*10ea,0,0,0,0,0,0,0,0,,0,,,
기본 대분류,잡화-S동,흥국,005608,100-147-10-01,흥국/라임에이드베이스,1kg*12,0,0,0,0,0,0,0,0,,0,,,
기본 대분류,잡화-S동,해찬들,005609,08-313-30-01,+해찬들/고추장/3k(면세),3kg*4,0,0,0,0,0,0,0,0,,0,,,
기본 대분류,잡화-S동,해찬들,005610,08-313-140-02,+해찬들/가득한고추장/14kg(면세,14kg,0,0,0,0,0,0,0,0,,0,,,
기본 대분류,잡화-S동,해찬들,005611,08-313-140-01,+해찬들/고추장/알찬/14kg(면세),14kg*1,0,0,0,0,0,0,0,0,,0,,,
기본 대분류,잡화-S동,해찬들,005612,08-271-140-01,+해찬들/된장/14k(면세),14kg*1,0,0,0,0,0,0,0,0,,0,,,
기본 대분류,잡화-S동,해찬들,005613,08-162-30-01,+해찬들/쌈장/3Kg,3kg*4,0,0,0,0,0,0,0,0,,0,,,
기본 대분류,잡화-S동,해찬들,005614,08-162-140-02,해찬들/쌈장/알찬/14kg,14kg*1,0,0,0,0,0,0,0,0,,0,,,
기본 대분류,잡화-S동,해찬들,005615,08-162-140-01,+해찬들/쌈장/14kg(면세),14kg*1,0,0,0,0,0,0,0,0,,0,,,
기본 대분류,잡화-S동,LG,005616,07-192-120-01,LG/하이퐁,12L*1,1,11252,11252,13500,13500,0.1998,23,23,0,0,,,
기본 대분류,잡화-S동,브랜드기입필요,005617,0000-89-20-01,고흥유자차/농협/다원,2kg*6ea,0,0,0,0,0,0,0,0,,0,,,
기본 대분류,잡화-S동,브랜드기입필요,005618,0000-84-05-01,체리가루/쿨에이드,538g*12,0,0,0,0,0,0,0,0,,0,,,
기본 대분류,잡화-S동,브랜드기입필요,005619,0000-78-20-01,모짜렐라/명세/갈바니/냉동,2.27kg*8,0,0,0,0,0,0,0,0,,0,,,
기본 대분류,잡화-S동,브랜드기입필요,005620,0000-78-10-02,파마산치즈덩어리/그라나파나노,1kg*10,0,0,0,0,0,0,0,0,,0,,,
기본 대분류,잡화-S동,브랜드기입필요,005621,0000-78-10-01,코다노후레쉬모짜렐라펄(1g),1kg*4ea,0,0,0,0,0,0,0,0,,0,,,
기본 대분류,잡화-S동,(주)대경오앤티,005622,0000-72-180-01,씨와이프로카놀라유/18L 채종유,18L*1,1,52283,52283,54000,54000,0.0328,0,0,0,0,,,
기본 대분류,잡화-S동,브랜드기입필요,005623,0000-71-200-01,카라멜액상(부영),25kg,0,0,0,0,0,0,0,0,,0,,,
기본 대분류,잡화-S동,브랜드기입필요,005624,0000-67-10-02,+캐슈넛/베트남산/1kg,1kg*10,0,0,0,0,0,0,0,0,,0,,,
기본 대분류,잡화-S동,브랜드기입필요,005625,0000-67-10-01,+캐슈넛(인도산)/1kg,1kg*10,0,0,0,0,0,0,0,0,,0,,,
기본 대분류,잡화-S동,브랜드기입필요,005626,0000-56-200-01,+콘그릿스5호,25kg,0,0,0,0,0,0,0,0,,0,,,
기본 대분류,잡화-S동,브랜드기입필요,005627,0000-51-01-01,크린팩(대),(30*45)*50,0,0,0,0,0,0,0,0,,0,,,
기본 대분류,잡화-S동,브랜드기입필요,005628,0000-50-10-01,휘핑크림/홉라/무가당,1L*12EA,0,0,0,0,0,0,0,0,,0,,,
기본 대분류,잡화-S동,매크로통상,005629,0000-327-180-01,+기꼬만간장(싱)18L,18L*1,1,46200,46200,55400,55400,0.1991,15,15,0,0,,,
기본 대분류,잡화-S동,브랜드기입필요,005630,0000-327-120-01,순창진간장/12L,12L,0,0,0,0,0,0,0,0,,0,,,
기본 대분류,잡화-S동,브랜드기입필요,005631,0000-327-10-03,*해선간장/1.75L*6(면세),1.75L,0,0,0,0,0,0,0,0,,0,,,
기본 대분류,잡화-S동,매크로통상,005632,0000-327-10-02,+매크로)기꼬만간장1.8L,1.8L*6,6,6900,41400,8266.6667,49600.000199999995,0.1981,156,26,0,0,,,
기본 대분류,잡화-S동,매크로통상,005633,0000-327-10-01,+매크로)기꼬만간장1L,1L*15,15,4100,61500,4920,73800,0.2,0,0,0,0,,,
기본 대분류,잡화-S동,브랜드기입필요,005634,0000-321-05-02,통계피/500g(30팩),500g*30,30,2950,88500,3246.6667,97400.001,0.1006,0,0,0,0,,,
기본 대분류,잡화-S동,브랜드기입필요,005635,0000-321-05-01,+통계피/500g*30팩(면세),500g*30,0,0,0,0,0,0,0,0,,0,,,
기본 대분류,잡화-S동,브랜드기입필요,005636,0000-317-10-01,프로찜,1kg*15,0,0,0,0,0,0,0,0,,0,,,
기본 대분류,잡화-S동,브랜드기입필요,005637,0000-315-10-01,+건고추/베트남/1Kg/10입,1kg*10,0,0,0,0,0,0,0,0,,0,,,
기본 대분류,잡화-S동,브랜드기입필요,005638,0000-302-04-01,카보트소세지,454g*24,0,0,0,0,0,0,0,0,,0,,,
기본 대분류,잡화-S동,브랜드기입필요,005639,0000-299-04-01,크림콘(옥수수죽),400g*24,0,0,0,0,0,0,0,0,,0,,,
기본 대분류,잡화-S동,브랜드기입필요,005640,0000-29-01-01,페이퍼타올(유림),100g*40,0,0,0,0,0,0,0,0,,0,,,
기본 대분류,잡화-S동,브랜드기입필요,005641,0000-290-10-01,+참깨가루/분말/1kg,1kg*10,0,0,0,0,0,0,0,0,,0,,,
기본 대분류,잡화-S동,브랜드기입필요,005642,0000-27-20-01,슈가데일페퍼로니/2.27kg,2.27kg*4,0,0,0,0,0,0,0,0,,0,,,
기본 대분류,잡화-S동,브랜드기입필요,005643,0000-263-140-01,프로라드유/14kg,14kg,0,0,0,0,0,0,0,0,,0,,,
기본 대분류,잡화-S동,브랜드기입필요,005644,0000-263-130-01,중화유(라드/97%)/프로돈지,13kg,0,0,0,0,0,0,0,0,,0,,,
기본 대분류,잡화-S동,브랜드기입필요,005645,0000-259-01-05,10/13홀더(무지),100*10,0,0,0,0,0,0,0,0,,0,,,
기본 대분류,잡화-S동,브랜드기입필요,005646,0000-259-01-04,12/16온스검정리드(개페),100ea*10줄,0,0,0,0,0,0,0,0,,0,,,
기본 대분류,잡화-S동,브랜드기입필요,005647,0000-259-01-03,랩/이츠웰(30cm),30cm*500m,0,0,0,0,0,0,0,0,,0,,,
기본 대분류,잡화-S동,브랜드기입필요,005648,0000-259-01-02,랩/공업용/500m,50*500m*4,0,0,0,0,0,0,0,0,,0,,,
기본 대분류,잡화-S동,브랜드기입필요,005649,0000-259-01-01,랩/이츠웰(50cm),50cm*500m,0,0,0,0,0,0,0,0,,0,,,
기본 대분류,잡화-S동,브랜드기입필요,005650,0000-249-04-01,홈버터린,450g*20,0,0,0,0,0,0,0,0,,0,,,
기본 대분류,잡화-S동,브랜드기입필요,005651,0000-245-10-01,청/참고소한기름/1.8*10,1.8,0,0,0,0,0,0,0,0,,0,,,
기본 대분류,잡화-S동,브랜드기입필요,005652,0000-241-10-01,망고푸딩(1kg*10),1kg*10,0,0,0,0,0,0,0,0,,0,,,
기본 대분류,잡화-S동,브랜드기입필요,005653,0000-229-200-01,미숫가루/뚜레반12곡/20kg,20kg,0,0,0,0,0,0,0,0,,0,,,
기본 대분류,잡화-S동,브랜드기입필요,005654,0000-229-10-01,미숫가루/뚜레반12곡,1kg,0,0,0,0,0,0,0,0,,0,,,
기본 대분류,잡화-S동,브랜드기입필요,005655,0000-227-200-01,글루탄산나트륨(MSG),25kg,0,0,0,0,0,0,0,0,,0,,,
기본 대분류,잡화-S동,브랜드기입필요,005656,0000-219-10-01,+백목이버섯(6입),1Kg*6ea,0,0,0,0,0,0,0,0,,0,,,
기본 대분류,잡화-S동,브랜드기입필요,005657,0000-218-200-01,버터/데어리스프레드,25kg,0,0,0,0,0,0,0,0,,0,,,
기본 대분류,잡화-S동,브랜드기입필요,005658,0000-217-04-01,+슈가데일/베이컨/454g,454g*24,0,0,0,0,0,0,0,0,,0,,,
기본 대분류,잡화-S동,브랜드기입필요,005659,0000-211-200-01,isp(분리대두단백),20kg,0,0,0,0,0,0,0,0,,0,,,
기본 대분류,잡화-S동,브랜드기입필요,005660,0000-21-05-01,생선두부튀김(푸치오)냉동-모노,500g*10,0,0,0,0,0,0,0,0,,0,,,
기본 대분류,잡화-S동,너트리,005661,0000-209-10-02,땅콩분태(볶음)/1kg(10입),1kg*10ea,0,0,0,0,0,0,0,0,,0,,,
기본 대분류,잡화-S동,너트리,005662,0000-209-10-01,볶음땅콩분태/1kg(20입),1kg*20ea,20,5450,109000,6540,130800,0.2,-40,-2,0,0,,,
기본 대분류,잡화-S동,브랜드기입필요,005663,0000-198-04-01,+민물새우/400g,400g*20팩,0,0,0,0,0,0,0,0,,0,,,
기본 대분류,잡화-S동,브랜드기입필요,005664,0000-193-150-01,설탕/쌍백당/15kg,15kg*1,1,32000,32000,35200,35200,0.1,10,10,0,0,,,
기본 대분류,잡화-S동,브랜드기입필요,005665,0000-193-01-01,스틱설탕/TS/5g*100ea*10pk,5g*100ea*10pk,0,0,0,0,0,0,0,0,,0,,,
기본 대분류,잡화-S동,브랜드기입필요,005666,0000-192-200-02,다모아식기세제,20kg,0,0,0,0,0,0,-2,0,-2,0,,,
기본 대분류,잡화-S동,브랜드기입필요,005667,0000-192-200-01,다모아식기린스,20kg,0,0,0,0,0,0,0,0,0,0,,,
기본 대분류,잡화-S동,브랜드기입필요,005668,0000-192-10-02,비타민B1 라우릴황산염,1kg,0,0,0,0,0,0,0,0,,0,,,
기본 대분류,잡화-S동,브랜드기입필요,005669,0000-192-10-01,옥시크린(1Kg),1kg*2*6,0,0,0,0,0,0,0,0,,0,,,
기본 대분류,잡화-S동,브랜드기입필요,005670,0000-190-30-02,꽃소금3kg,3kg*7,0,0,0,0,0,0,-24,0,-24,0,,,
기본 대분류,잡화-S동,브랜드기입필요,005671,0000-190-30-01,+굵은소금/천일염/3kg/면세,3kg*8ea,0,0,0,0,0,0,0,0,,0,,,
기본 대분류,잡화-S동,브랜드기입필요,005672,0000-190-200-01,+꽃소금20k(국산),20k,0,0,0,0,0,0,0,0,,0,,,
기본 대분류,잡화-S동,브랜드기입필요,005673,0000-190-150-01,꽃소금15kg/포,15kg,1,8800,8800,13000,13000,0.4773,67,67,0,0,,,
기본 대분류,잡화-S동,브랜드기입필요,005674,0000-190-10-01,꽃소금/1Kg,1kg*20,0,0,0,0,0,0,0,0,,0,,,
기본 대분류,잡화-S동,브랜드기입필요,005675,0000-188-200-01,솔비톨(분말),25kg,0,0,0,0,0,0,0,0,,0,,,
기본 대분류,잡화-S동,브랜드기입필요,005676,0000-18-10-01,+피스타치오(탈각),1kg*10ea,0,0,0,0,0,0,0,0,,0,,,
기본 대분류,잡화-S동,브랜드기입필요,005677,0000-173-01-01,슈가시럽펌프/8ml,8ml*100ea,0,0,0,0,0,0,0,0,,0,,,
기본 대분류,잡화-S동,브랜드기입필요,005678,0000-170-200-01,식소다,25K,0,0,0,0,0,0,0,0,,0,,,
기본 대분류,잡화-S동,브랜드기입필요,005679,0000-168-180-02,일등(맑은)식용유,18L,0,0,0,0,0,0,0,0,,0,,,
기본 대분류,잡화-S동,브랜드기입필요,005680,0000-168-180-01,OK골드식용유(18L),18L,1,48000,48000,65800,65800,0.3708,60,60,0,0,,,
기본 대분류,잡화-S동,브랜드기입필요,005681,0000-16-10-01,+피칸반태,1kg,0,0,0,0,0,0,0,0,,0,,,
기본 대분류,잡화-S동,브랜드기입필요,005682,0000-143-90-01,훈제오리완포/9kg,9kg*1,0,0,0,0,0,0,0,0,,0,,,
기본 대분류,잡화-S동,브랜드기입필요,005683,0000-137-150-02,캡시컴 올레오레진(100만),15kg,0,0,0,0,0,0,0,0,,0,,,
기본 대분류,잡화-S동,브랜드기입필요,005684,0000-137-150-01,파프리카올레오레진,15kg,0,0,0,0,0,0,0,0,,0,,,
기본 대분류,잡화-S동,브랜드기입필요,005685,0000-132-50-02,"와인(팩,백색)",5L*4,0,0,0,0,0,0,0,0,,0,,,
기본 대분류,잡화-S동,브랜드기입필요,005686,0000-132-50-01,"와인(팩,적색)",5L*4,0,0,0,0,0,0,0,0,,0,,,
기본 대분류,잡화-S동,브랜드기입필요,005687,0000-123-10-01,에탄올워셔액(8입),1.8L*8,0,0,0,0,0,0,0,0,,0,,,
기본 대분류,잡화-S동,브랜드기입필요,005688,0000-122-10-01,원두(트랜드)mg,1kg*10,0,0,0,0,0,0,0,0,,0,,,
기본 대분류,잡화-S동,브랜드기입필요,005689,0000-118-01-01,유산지12인치/피자용(300),1000매*1(묶음),0,0,0,0,0,0,0,0,,0,,,
기본 대분류,잡화-S동,브랜드기입필요,005690,0000-111-10-01,미용장갑(L)/대,L/대,0,0,0,0,0,0,0,0,,0,,,
기본 대분류,잡화-S동,브랜드기입필요,005691,0000-11-01-01,해동지,2겹_420*365mm_100매*10개입 EA,0,0,0,0,0,0,0,0,,0,,,
기본 대분류,잡화-S동,브랜드기입필요,005692,0000-07-30-01,호박다이스(중국산),3kg*6,0,0,0,0,0,0,0,0,,0,,,
기본 대분류,잡화-S동,브랜드기입필요,005693,0000-01-200-01,*흑후추분말(세라식품),20kg,0,0,0,0,0,0,0,0,,0,,,
기본 대분류,잡화-S동,삼양,005694,97-193-30-01,삼양사) 백설탕3kg,3kg*8,8,4450,35600,5350,42800,0.2022,0,0,0,0,,,
기본 대분류,음료-B동,CJ제일제당,005695,15-03-12,스팸기획 클래식200g(3입),(200g+3)*12,36,2400,86400,3000,108000,0.25,4968,138,0,0,,,
기본 대분류,잡화-S동,미드봉,005696,94-01-04-08,+미드봉/선백후추70%,400g*20,20,5500,110000,6000,120000,0.0909,620,31,0,0,,,
기본 대분류,잡화-S동,미드봉,005697,94-01-04-09,+미드봉/굵은후추 면세,400g*20,20,8000,160000,9350,187000,0.1688,463,23,3,0,,,
기본 대분류,잡화-S동,미드봉,005698,94-01-04-10,+미드봉/흑후추원두,400g*20,20,6500,130000,7000,140000,0.0769,380,19,0,0,,,
기본 대분류,잡화-S동,남양유지(주),005699,15-245-160-01,새댁표 고추맛기름,15L*1,1,73500,73500,88200,88200,0.2,14,14,0,0,,,
기본 대분류,잡화-S동,한진식품,005700,168-82-10-01,한진 초생강(적색),1.3kg*10,10,1600,16000,1920,19200,0.2,-10,-1,0,0,,,
기본 대분류,잡화-S동,한진식품,005701,168-82-10-02,한진 초생강(백색),1.3kg*10,10,1600,16000,1920,19200,0.2,0,0,0,0,,,
기본 대분류,잡화-S동,백설,005702,67-85-93-01,백설 소갈비양념장 (10kg),10kg*1,1,27600,27600,35400,35400,0.2826,5,5,0,0,,,
기본 대분류,잡화-S동,(주)미드미푸드,005703,315-28-03-01,미드미 크러쉬드레드페퍼/ 면세,340g*12,12,7000,84000,10200,122400,0.4571,36,3,0,0,,,
기본 대분류,잡화-S동,(주)화풍하이큐,005704,263-326-05-01,화풍 감자전분,20kg*1,1,43200,43200,51900,51900,0.2014,0,0,0,0,,,
기본 대분류,잡화-S동,사조해표,005705,39-247-68-01,사조 마요네즈 스파우트팩,3.2kg*4,4,11500,46000,13800,55200,0.2,0,0,0,0,,,
기본 대분류,잡화-S동,한진식품,005706,168-82-10-03,한진 초생강채 (적색),1.3kg*10,10,1700,17000,1920,19200,0.1294,-20,-2,0,0,,,
기본 대분류,잡화-S동,부자농산,005707,297-583-56-45,부자농산 볶음참깨,1kg*20,20,5900,118000,7100,142000,0.2034,-20,-1,0,0,,,
기본 대분류,잡화-S동,삼미,005708,215-238-09-03,삼미/머스타드more (대),3.628kg*4,4,10000,40000,12850,51400,0.285,347,86,3,0,,,
기본 대분류,세제외-A동,해표사조,005709,83-62,사조 안심특선88호,카놀라유*2+쟌슨빌*2+참기름*2+살코기4,4,15400,61600,18500,74000,0.2013,28,7,0,0,,,
기본 대분류,세제외-A동,해표사조,005710,83-62-01,사조 안심특선79호,카놀*1+요리유*1+맛술*1+식초*1+쟌슨빌*2+살코기*3+참기름*2+소금*1,4,17500,70000,21000,84000,0.2,98,24,2,0,,,
기본 대분류,음료-B동,롯데칠성음료,005711,28-29-01,탐스 제로파인355,355ml*24,24,510.1667,12244.0008,750,18000,0.4701,0,0,0,0,,,
기본 대분류,음료-B동,광동제약,005712,20-78,광동 귀한삼 흑삼진,(100ml*12)*5,60,1333.343,80000.58,1600,96000,0.2,1020,17,0,0,,,
기본 대분류,세제외-A동,CJ제일제당,005713,15-83,백설 쇠고기다시다2kg,2kg*6,6,28000,168000,34200,205200,0.2214,48,8,0,0,,,
기본 대분류,잡화-S동,코우,005714,359-271-140-01,한진 신주백된장(히로미소),1kg*10,10,4050,40500,4850,48500,0.1975,0,0,0,0,,,
기본 대분류,잡화-S동,삼도(해울),005715,27-261-30-04,삼도 해울찬락교(sss),3kg*6,6,9400,56400,10200,61200,0.0851,24,4,0,0,,,
기본 대분류,음료-B동,HK이노앤,005716,55-01-08,컨디션제로 스파클링 메론소다100ml,100ml*50,50,1985,99250,2380,119000,0.199,450,9,0,0,,,
기본 대분류,음료-B동,가야웅진,005717,23-62,웅진 생차 녹차500ml,500ml*20,20,666.65,13333,800,16000,0.2,120,6,0,0,,,
기본 대분류,음료-B동,가야웅진,005718,23-62-01,웅진 생차 호지차500ml,500ml*20,20,666.65,13333,800,16000,0.2,120,6,0,0,,,
기본 대분류,음료-B동,가야웅진,005719,23-54-06,웅진 자연은 요거달콤망고1.5,1.5L*12,12,1180.5,14166,1416.6667,17000.0004,0.2001,72,6,0,0,,,
기본 대분류,음료-B동,가야웅진,005720,23-50-00,웅진자연은망고500ml,500ml*24,24,902.75,21666,1083.335,26000.04,0.2,144,6,0,0,,,
기본 대분류,통조림-C동,동원에프앤비,005721,11-05-21,동원참치기획(살코기+DHA) 90g,(살코기90g*4+DHA*4)*10,80,1150,92000,1380,110400,0.2,160,2,0,0,,,
기본 대분류,잡화-S동,보베다,005722,638-134-50-01,보베다 블렌드오일,5L*3,3,18700,56100,22466.6667,67400.0001,0.2014,650,216,2,0,,,
기본 대분류,잡화-S동,사조,005723,15-245-150-02,사조 해표 고추맛기름1.8L,1.8L*8,8,6850,54800,8162.5,65300,0.1916,16,2,0,0,,,
기본 대분류,잡화-S동,주식회사 씨엘푸드,005724,57-149-04-01,씨엘 양파후레이크,500g*20,20,4000,80000,4800,96000,0.2,0,0,0,0,,,
기본 대분류,잡화-S동,비앤비코리아,005725,19-72-180-01,비앤비 건강한콩식용유18L,18L*1,1,38000,38000,45600,45600,0.2,0,0,0,0,,,
기본 대분류,음료-B동,광동제약,005726,32-16-05,광동썬키스트 오렌지소다355,(355ml*24),24,535,12840,687.5,16500,0.285,48,2,0,0,,,
기본 대분류,음료-B동,광동제약,005727,32-16-06,광동썬키스트 제로 자두자몽소다355,(355ml*24),24,535,12840,687.5,16500,0.285,48,2,0,0,,,
기본 대분류,음료-B동,광동제약,005728,32-16-07,광동썬키스트 제로 복숭아레몬소다355,(355ml*24),24,535,12840,687.5,16500,0.285,48,2,0,0,,,
기본 대분류,음료-B동,롯데칠성음료,005729,27-26-03,펩시콜라1.5,1.5L*12,12,1789.775,21477.300000000003,1875,22500,0.0476,-36,-3,0,0,,,
기본 대분류,잡화-S동,청우,005730,86-66-05-03,청우 더진한 양념치킨매운맛소스10kg,10kg*1,1,24860,24860,29800,29800,0.1987,0,0,0,0,,,
기본 대분류,잡화-S동,화미,005731,102-227-10-01,화미/골드다시2kg,2kg*6,6,9200,55200,11040,66240,0.2,0,0,0,0,,,
기본 대분류,잡화-S동,오토,005732,283-326-200-01,오토 감자전분20kg,20kg*1,1,44000,44000,55200,55200,0.2545,14,14,0,0,,,
기본 대분류,잡화-S동,오토,005733,283-326-200-02,오토 감자전분1kg,1kg*15,15,4180,62700,5280,79200,0.2632,-90,-6,0,0,,,
기본 대분류,잡화-S동,(주)미드미푸드,005734,95-35-02-01,미드미 파슬리후레이크200g,200g*15,15,4250,63750,5100,76500,0.2,0,0,0,0,,,
기본 대분류,잡화-S동,미가사,005735,241-135-50-01,파티니 혼합블랜드오일5L,5L*4,4,20500,82000,26250,105000,0.2805,0,0,0,0,,,
기본 대분류,음료-B동,롯데칠성음료,005736,27-37-01,롯데칠성 펩시제로슈거라임향355(소매점용),(355ml*24),24,652.375,15657,750,18000,0.1496,912,38,0,0,,,
기본 대분류,잡화-S동,ACEITES CANOLIVA SL,005737,204-134-60-01,카놀리바 올리브오일버진5L,5L*2,2,48000,96000,57600,115200,0.2,0,0,0,0,,,
기본 대분류,잡화-S동,농심,005738,231-06-10-01,농심 혼다시아지노모도(파우치),1kg*12,12,16800,201600,20650,247800,0.2292,586,48,10,0,,,
기본 대분류,잡화-S동,신영,005739,89-49-03-01,신영 클로브(정향)홀350g,350g*12,12,15300,183600,18360,220320,0.2,-12,-1,0,0,,,
기본 대분류,잡화-S동,이엔,005740,15-300-10-02,이엔/초밥소스14L,14L*1,1,38000,38000,45600,45600,0.2,0,0,0,0,,,
기본 대분류,잡화-S동,삼조,005741,365-203-10-01,삼조/비셰프골드마요네즈,3.2kg*4,4,9300,37200,11150,44600,0.1989,0,0,0,0,,,
기본 대분류,잡화-S동,델몬트,005742,197-33-08-01,델몬트 파인애플슬라이스3.5kg,3.5kg*6,6,12000,72000,14400,86400,0.2,0,0,0,0,,,
기본 대분류,잡화-S동,남양유지(주),005743,64-245-10-01,남양유지 신고추맛기름1.5L,1.5L*8,8,8000,64000,9600,76800,0.2,0,0,0,0,,,
기본 대분류,음료-B동,팔도,005744,22-04-09,비락수정과제로1.5,1.5L*12,12,2397.4167,28769.000400000004,3075,36900,0.2826,732,61,0,0,,,
기본 대분류,음료-B동,팔도,005745,22-04-11,이천햅쌀비락식혜1.5L,1.5L*8,8,3019,24152,3625,29000,0.2007,0,0,0,0,,,
기본 대분류,음료-B동,CJ제일제당,005746,45-10-10,Cj 스팸12호(5세트) (40),(스팸200+8)*5,5,20000,100000,26000,130000,0.3,110,22,0,0,,,
기본 대분류,잡화-S동,링스코리아,005747,217-187-10-01,링스 새우칩,1kg*12,12,3500,42000,4200,50400,0.2,0,0,0,0,,,
기본 대분류,잡화-S동,네슬레,005748,18-56-30-01,네슬레 부이토니토마토쿨리스,33kg*6,6,12700,76200,15250,91500,0.2008,0,0,0,0,,,
기본 대분류,통조림-C동,화인내츄럴,005749,52-86-02,김소형 원방 알부민 진액스틱,15g*30,1,8500,8500,10200,10200,0.2,2,2,0,0,,,
기본 대분류,음료-B동,가야웅진,005750,22-68,웅진 아침햇살밥알없는식혜캔180ml,180ml*30,30,213.3333,6399.999,286.6667,8600.001,0.3438,-150,-5,0,0,,,
기본 대분류,잡화-S동,하인즈,005751,52-167-04-01,하인즈/애플사이다식초473ml,473ml*12,12,3600,43200,4316.6667,51800.0004,0.1991,0,0,0,0,,,
기본 대분류,잡화-S동,원씨푸드,005752,215-06-09-01,모아하우스 홀스래디쉬,907g*6,6,10270,61620,12350,74100,0.2025,-12,-2,0,0,,,
기본 대분류,잡화-S동,리치스,005753,11-135-40-01,리치스/그린올리브피티드홀,3kg*6,6,12700,76200,15250,91500,0.2008,0,0,0,0,,,
기본 대분류,잡화-S동,대한제당,005754,271-193-30-03,대한제당/푸드림흑설탕,15kg*1,1,21500,21500,25800,25800,0.2,0,0,0,0,,,
기본 대분류,잡화-S동,(주)삼양사,005755,97-183-30-01,삼양사) 황설탕15kg,15kg*1,1,25500,25500,30600,30600,0.2,0,0,0,0,,,
기본 대분류,잡화-S동,화남,005756,92-288-86-01,화남/sweet아카시아꿀청,2.4kg*8,8,4200,33600,5037.5,40300,0.1994,372,46,4,0,,,
기본 대분류,잡화-S동,화남,005757,92-288-86-02,화남/sweet잡화꿀청,2.4kg*8,8,4200,33600,5037.5,40300,0.1994,193,24,1,0,,,
기본 대분류,음료-B동,기타음료,005758,59-83,비욘드오리진ABC착즙액,50ml*20,1,6000,6000,7000,7000,0.1667,2,2,0,0,,,
기본 대분류,잡화-S동,데체코,005759,266-177-10-04,데체코 스파게티니(11번),500g*24,24,3350,80400,4000,96000,0.194,120,5,0,0,,,
기본 대분류,잡화-S동,대상,005760,76-152-20-02,대상 불고기양념진2kg,2kg*8,8,8750,70000,10500,84000,0.2,0,0,0,0,,,
기본 대분류,잡화-S동,오토,005761,94-141-200-01,오토미3kg,3kg*4,4,11000,44000,14600,58400,0.3273,8,2,0,0,,,
기본 대분류,잡화-S동,오토,005762,976-581-05-01,오토다시2kg,2kg*6,6,7700,46200,9250,55500,0.2013,30,5,0,0,,,
기본 대분류,잡화-S동,오뚜기,005763,119-151-20-09,오뚜기 양송이스프 1kg,1kg*10,10,7600,76000,8500,85000,0.1184,0,0,0,0,,,
기본 대분류,잡화-S동,화남산업,005764,125-152-11-01,"화남 크러쉬드레드페퍼 3,300g","3,300g*12",12,6600,79200,7300,87600,0.1061,1,0,1,0,,,
기본 대분류,음료-B동,기타음료,005765,141-525-15-19,화남 굵은후추 400g,400g*20,20,7850,157000,8700,174000,0.1083,1,0,1,0,,,
기본 대분류,잡화-S동,화남산업,005766,151-458-89-11,화남 흑후추 홀 400g,400g*20,20,6000,120000,7100,142000,0.1833,1,0,1,0,,,
기본 대분류,잡화-S동,화남산업,005767,123-150-52-58,화남 파슬리후레이크100g,100g*12,12,3350,40200,4110,49320,0.2269,-11,0,-11,0,,,
기본 대분류,잡화-S동,화남산업,005768,122-151-48-78,화남 파슬리후레이크200g,200g*15,15,4000,60000,4770,71550,0.1925,1,0,1,0,,,
기본 대분류,잡화-S동,화남산업,005769,122-144-78-79,화남 백후추분말400g (70%),400g*20,20,5550,111000,6380,127600,0.1495,1,0,1,0,,,
기본 대분류,잡화-S동,화남산업,005770,100-899-89-79,화남 흑후추분말400g (90%),400g*20,20,5550,111000,6290,125800,0.1333,1,0,1,0,,,
기본 대분류,잡화-S동,화남산업,005771,122-890-56-66,화남 월계수잎 230g,230g*6,6,4950,29700,5750,34500,0.1616,1,0,1,0,,,
기본 대분류,음료-B동,기타음료,005772,122-255-89-88,Lugli0)올리브퍼머스오일,5L*4,4,27500,110000,31500,126000,0.1455,0,0,0,0,,,
기본 대분류,음료-B동,기타음료,005773,,파렛트이관,,0,0,0,0,0,0,0,0,,0,,,
기본 대분류,음료-B동,기타음료,005774,,디벨라)링귀네24입,,0,0,0,0,0,0,0,0,,0,,,
기본 대분류,음료-B동,청정원,005775,01-23-02,청정원 재래식된장(사각)500g,(500g*20),20,4400,88000,5500,110000,0.25,0,0,0,0,,,
기본 대분류,음료-B동,기타음료,005776,123-152-25-22,진저에일페트300ML24본,300ML*24,24,620.8333,14899.9992,0,0,-1,0,0,0,0,,,
기본 대분류,음료-B동,매일유업,005777,155-88-99-77,알로에농장펫 1.5L*12,1.5L*12,12,0,0,0,0,0,2424,202,0,0,,,
기본 대분류,음료-B동,기타음료,005778,,프레시마요네즈 캡 파우치 3.2kg*4,3.2kg*4,4,8900,35600,10400,41600,0.1685,-20,-5,0,0,,,
기본 대분류,통조림-C동,기타,005779,36-83-04,서연명품소주종이컵,2000개,2000,6.25,12500,7.5,15000,0.2,0,0,0,0,,,
기본 대분류,음료-B동,기타음료,005780,152-555-89-99,사자표볶음춘장 10kg,10kg,1,36000,36000,41000,41000,0.1389,-8,-8,0,0,,,
기본 대분류,음료-B동,기타음료,005781,153-255-56-55,칠리페퍼(옐로우/델솔)454g*12입/박스,454g*12입/박스,12,5500,66000,6600,79200,0.2,0,0,0,0,,,
기본 대분류,음료-B동,기타음료,005782,,스파크5.5kg리필,5.5kg,1,16500,16500,20000,20000,0.2121,0,0,0,0,,,
기본 대분류,음료-B동,기타음료,005783,,현대약품 비타업 갑지,0,50,0,0,0,0,0,4450,89,0,0,,,
기본 대분류,음료-B동,기타음료,005784,100-233-23-22,한산대두유18L,18L*1,1,39000,39000,0,0,-1,0,0,0,0,,,
기본 대분류,음료-B동,롯데칠성음료,005785,27-37-04,롯데칠성 펩시제로슈거 피치향355(소매점용),(355ml*24),24,652.375,15657,750,18000,0.1496,0,0,0,0,,,
기본 대분류,음료-B동,기타음료,005786,152-322-52-74,대봉/베이크빈(대),6*2700g,6,6750,40500,0,0,-1,210,35,0,0,,,
기본 대분류,음료-B동,기타음료,005787,455-999-99-01,대봉/베이크빈(원),24*420g,24,1120,26880,0,0,-1,2376,99,0,0,,,
기본 대분류,음료-B동,기타음료,005788,155-899-99-31,마스타드(특)모어1,1KG*4,4,10500,42000,0,0,-1,0,0,0,0,,,
기본 대분류,음료-B동,기타음료,005789,,이온물엿 5kg*3(별표),5kg*3,3,7100,21300,12066.6667,36200.0001,0.6995,1,0,1,0,,,
기본 대분류,음료-B동,기타음료,005790,,계산서금액조정,,1,0,0,0,0,0,0,0,0,0,,,
기본 대분류,음료-B동,기타음료,005791,,락스12kg(청정락스),12kg,1,3800,3800,0,0,-1,0,0,0,0,,,
기본 대분류,통조림-C동,CJ제일제당,005792,798-777-85-88,백설탕15kgCJ,,1,16500,16500,0,0,-1,0,0,0,0,,,
기본 대분류,잡화-S동,삼양,005793,566-899-88-88,백설 구운소금 1KG*10(제당),1kg*10,10,3600,36000,0,0,-1,0,0,0,0,,,
기본 대분류,음료-B동,기타음료,005794,111-111-11-11,기타,,1,0,0,0,0,0,1,1,0,0,,,
기본 대분류,음료-B동,팔도,005795,22-14-01,뽀로로 제로밀크,235ml*24,24,639.4583,15346.9992,816.6667,19600.0008,0.2771,0,0,0,0,,,
기본 대분류,음료-B동,팔도,005796,22-14-02,뽀로로 제로딸기,235ml*24,24,639.4583,15346.9992,816.6667,19600.0008,0.2771,0,0,0,0,,,
기본 대분류,통조림-C동,동원에프앤비,005797,11-17-05,동원 자연산골뱅이300g,300g*24,24,5000,120000,7000,168000,0.4,0,0,0,0,,,
기본 대분류,음료-B동,기타음료,005798,154-899-666-33,통깨1kg*10(다인식품),1kg*10,10,5700,57000,0,0,-1,40,4,0,0,,,
기본 대분류,음료-B동,광동제약,005799,,광동 돼지감자차1.5L*12,1.5L*12,12,0,0,0,0,0,0,0,0,0,,,
기본 대분류,음료-B동,동원음료,005800,12-30-01,동원양반 백미식혜238ml(140),(238ml*24),24,348.5833,8365.9992,479.1667,11500.0008,0.3746,14682,611,18,0,,,
기본 대분류,음료-B동,기타음료,005801,200-300-25-55,펭귄)번데기탕270g*24,270g*24,24,900,21600,1300,31200,0.4444,4536,189,0,0,,,
기본 대분류,통조림-C동,펭귄,005802,154-4585-85-20,펭귄)꽁치가미 140g*48,140g*48,48,1000,48000,1500,72000,0.5,8592,179,0,0,,,
기본 대분류,음료-B동,롯데칠성음료,005803,,롯데 칸타타 아이스아메리카노 파우치230,230*(10*5),50,610,30500,0,0,-1,0,0,0,0,,,
기본 대분류,음료-B동,기타음료,005804,951-855-87-25,오뚜기)중화두반장(병),368g*12,12,5100,61200,0,0,-1,0,0,0,0,,,
기본 대분류,음료-B동,가야웅진,005805,,바바블랙파우치1.5L*8,1.5L*8,8,0,0,0,0,0,24,3,0,0,,,
기본 대분류,음료-B동,가야웅진,005806,,바바블루레몬에이드파우치 1.5L*8,1.5L*8,8,2454.5,19636,3125,25000,0.2732,16,2,0,0,,,
기본 대분류,음료-B동,가야웅진,005807,,바바복숭아아이스티파우치1.5L*8,1.5L*8,8,0,0,0,0,0,24,3,0,0,,,
기본 대분류,음료-B동,동서식품,005808,,MH커피믹스(800g*12)/마일드플러스,800g*12,12,5200,62400,7000,84000,0.3462,0,0,0,0,,,
기본 대분류,음료-B동,기타음료,005809,203-255-85-88,바쏘)엑스트라버진올리브오일1L*12,1L*12,12,11500,138000,0,0,-1,0,0,0,0,,,
기본 대분류,음료-B동,기타음료,005810,,토호)아와세(적)중국1kg*10,1kg*10,10,3550,35500,0,0,-1,0,0,0,0,,,
기본 대분류,음료-B동,기타음료,005811,14-52-06,크리스탈 무라벨330ml(152),(330ml*20),20,95,1900,150,3000,0.5789,-12160,-608,0,0,,,
기본 대분류,음료-B동,기타음료,005812,588-988-78-88,미가사 파티니 블렌드오일 5L*4,5L*4,4,20000,80000,40000,160000,1,75,18,3,0,,,
기본 대분류,음료-B동,기타음료,005813,031-522-63-63,미가사 파티니 포마스 오일 5L*4,5L*4,4,26000,104000,28625,114500,0.101,212,53,0,0,,,
기본 대분류,음료-B동,기타음료,005814,846-966-66-66,루글 포마스오일 5L*4,,4,27000,108000,0,0,-1,121,30,1,0,,,
기본 대분류,음료-B동,롯데칠성음료,005815,27-52-01,펩시콜라 피치향500ml(6입),(500ml*6),6,1063.6667,6382.0002,1416.6667,8500.0002,0.3319,0,0,0,0,,,
기본 대분류,음료-B동,농심,005816,24-09-03,웰치스제로 애플망고355ml,(355ml*24),24,612.5,14700,750,18000,0.2245,0,0,0,0,,,
기본 대분류,음료-B동,롯데칠성음료,005817,27-16-02,칠성사이다제로355ml(99)일반용바코드0,(355ml*24),24,669.6667,16072.0008,875,21000,0.3066,0,0,0,0,,,
기본 대분류,음료-B동,롯데칠성음료,005818,27-01-05,롯데칠성 핫식스제로250ml,(250ml*30),30,694.9333,20847.999,800,24000,0.1512,0,0,0,0,,,
기본 대분류,음료-B동,롯데칠성음료,005819,27-014-05,롯데칠성 핫식스더킹제로355ml,(355ml*24),24,882.4583,21178.9992,1041.6667,25000.0008,0.1804,0,0,0,0,,,
기본 대분류,음료-B동,기타음료,005820,,"쿡스콩식용유18L,(제분)",18L*1,1,42500,42500,0,0,-1,0,0,0,0,,,
기본 대분류,음료-B동,롯데칠성음료,005821,27-15-08,펩시콜라제로라임향190ml(143),(190ml*30),30,374,11220,510,15300,0.3636,0,0,0,0,,,
기본 대분류,음료-B동,기타음료,005822,855-869-79-85,파낙스)매실원액 1.5L*8,1.5L*8,8,5100,40800,0,0,-1,0,0,0,0,,,
기본 대분류,음료-B동,기타음료,005823,,한솔)볶음땅콩분태1kg*20,1kg*20,20,5450,109000,0,0,-1,100,5,0,0,,,
기본 대분류,음료-B동,기타음료,005824,,스위트웰 빙수떡 200g*20,200g*20,20,1570,31400,0,0,-1,0,0,0,0,,,
기본 대분류,음료-B동,기타음료,005825,,라리 마카로니500g,500g*20,20,1050,21000,0,0,-1,0,0,0,0,,,
기본 대분류,음료-B동,기타음료,005826,,D-죽순4호 [400g*24],[400g*24],24,1954,46896,0,0,-1,0,0,0,0,,,
기본 대분류,음료-B동,기타음료,005827,,진로석수,500ml*20,20,0,0,0,0,0,0,0,,0,,,
기본 대분류,음료-B동,기타음료,005828,855-753-85-78,새댁표)고추맛기름3.4L*4,3.4L*4,4,19000,76000,0,0,-1,0,0,0,0,,,
기본 대분류,통조림-C동,기타,005829,01-09-01, 갈릭새우칩20g,(20g*45),45,228.5556,10285.002,355.5556,16000.002,0.5557,1620,36,0,0,,,
기본 대분류,통조림-C동,기타,005830,01-09-03,갈릭새우칩240g,(240g*6),6,2380.8333,14284.999799999998,3416.6667,20500.000200000002,0.4351,396,66,0,0,,,
기본 대분류,통조림-C동,기타,005831,01-09-04,게맛살새우칩20g,(20g*45),45,228.5556,10285.002,355.5556,16000.002,0.5557,1575,35,0,0,,,
기본 대분류,통조림-C동,기타,005832,01-09-06,게맛살새우칩240g,(240g*6),6,2380.8333,14284.999799999998,2666.6667,16000.000200000002,0.1201,102,17,0,0,,,
기본 대분류,통조림-C동,기타,005833,01-09-08,청양마요맛새우칩90g,(90g*14),14,857.1429,12000.000600000001,1071.4286,15000.000399999999,0.25,490,35,0,0,,,
기본 대분류,음료-B동,기타음료,005834,123-56-55-55,새댁/고추맛기름1.5L*8,1.5L*8,8,9250,74000,0,0,-1,200,25,0,0,,,
기본 대분류,음료-B동,기타음료,005835,26-28,붉은빛의우롱티500ml,(500ml*24),24,838.0833,20113.9992,1062.5,25500,0.2678,1104,46,0,0,,,
기본 대분류,음료-B동,기타음료,005836,26-28-01,봄날의그린티500ml,(500ml*24),24,838.0833,20113.9992,1062.5,25500,0.2678,1224,51,0,0,,,
기본 대분류,음료-B동,기타음료,005837,26-08-02,눈꽃내리는자스민티500ml,(500ml*24),24,838.0833,20113.9992,1062.5,25500,0.2678,624,26,0,0,,,
기본 대분류,음료-B동,롯데칠성음료,005838,27-16-05,칠성사이다제로유자355ml(일반용),(355ml*24),24,669.7083,16072.9992,775,18600,0.1572,0,0,0,0,,,
기본 대분류,음료-B동,롯데칠성음료,005839,27-16-06,칠성사이다제로유자500ml(6입),(500ml*6),6,1181.8333,7090.9998,1500,9000,0.2692,0,0,0,0,,,
기본 대분류,음료-B동,기타음료,005840,200-585-88-99,신슈미니간장 4.5G(200EA)*10,4.5G(200EA)*10,10,3700,37000,0,0,-1,0,0,0,0,,,
기본 대분류,음료-B동,기타음료,005841,,코우압축슬라이스단무지,1KG*10,10,2600,26000,0,0,-1,0,0,0,0,,,
기본 대분류,음료-B동,기타음료,005842,,참고을대두유18리터,,1,43000,43000,0,0,-1,0,0,0,0,,,
기본 대분류,음료-B동,현대약품,005843,,오뚜기데리야끼소스(스파우트팩)2kg*6,2kg*6,6,5100,30600,0,0,-1,0,0,0,0,,,
기본 대분류,통조림-C동,기타,005844,01-09-05,게맛살새우칩90g,(90g*14),14,857.1429,12000.000600000001,1071.4286,15000.000399999999,0.25,0,0,,0,,,
기본 대분류,음료-B동,기타음료,005845,01-09-10,요구르트스파클링(라인프렌즈캐릭터4종)380ml/128,(380ml*12),12,1181.8333,14181.9996,1666.6667,20000.0004,0.4102,1572,131,0,0,,,
기본 대분류,음료-B동,기타음료,005846,01-09-11,요구르트스파클링400ml(72),(400ml*24),24,571.4167,13714.0008,729.1667,17500.0008,0.2761,1128,47,0,0,,,
기본 대분류,음료-B동,기타음료,005847,,솔표)겨자분말 200g*50,200g*50,50,2900,145000,0,0,-1,0,0,0,0,,,
기본 대분류,음료-B동,기타음료,005848,,피오디)라임쥬스 200ml*12,200ml*12,12,900,10800,0,0,-1,0,0,0,0,,,
기본 대분류,음료-B동,기타음료,005849,236-555-88-96,냉장)대상)크리미양파드레싱2kg*5,2kg*5,5,9500,47500,0,0,-1,0,0,0,0,,,
기본 대분류,음료-B동,기타음료,005850,,냉동)대상)청정원베이컨1kg*5,1kg*5,5,10500,52500,0,0,-1,0,0,0,0,,,
기본 대분류,음료-B동,기타음료,005851,,동원)참치액)클래식2kg,2kg*6,6,8500,51000,0,0,-1,30,5,0,0,,,
기본 대분류,음료-B동,기타음료,005852,,화남)매실원액1.5L*6,1.5L*6,6,3960,23760,0,0,-1,60,10,0,0,,,
기본 대분류,음료-B동,기타음료,005853,01-09-02,갈릭새우칩90g,(90g*14),14,857.1429,12000.000600000001,1142.8571,15999.999399999999,0.3333,532,38,0,0,,,
기본 대분류,음료-B동,가야웅진,005854,26-05-09,가야복숭아병180,180ml*24병,24,460.0833,11041.9992,552.0833,13249.9992,0.2,0,0,0,0,,,
기본 대분류,음료-B동,가야웅진,005855,81-35-02,가야토마토펫340,340ml*20,20,791.6,15832,950,19000,0.2001,0,0,0,0,,,
기본 대분류,음료-B동,기타음료,005856,,컨피던스230ml(230ml*24),(230ml*24),24,646,15504,833.3333,19999.9992,0.29,0,0,0,0,,,
기본 대분류,음료-B동,롯데칠성음료,005857,27-07-08,레쓰비그란데라떼500,500ml*6,6,990,5940,1416.6667,8500.0002,0.431,0,0,0,0,,,
기본 대분류,통조림-C동,주동서,005858,11-74-001,동서 리치스 홀커널스위트콘340g(태국산),340g*24,24,814,19536,1000,24000,0.2285,0,0,0,0,,,
기본 대분류,음료-B동,기타음료,005859,2-85,애경)항균트리오 1L,1L,1,21000,21000,0,0,-1,0,0,0,0,,,
기본 대분류,음료-B동,롯데칠성음료,005860,27-93-08,롯데복숭아스파클링제로355ml,(355ml*24),24,438.75,10530,667,16008,0.5202,0,0,,0,,,
기본 대분류,음료-B동,롯데칠성음료,005861,27-93-09,롯데립톤복숭아스파클링제로355ml,(355ml*24),24,438.75,10530,667,16008,0.5202,0,0,0,0,,,
기본 대분류,음료-B동,기타음료,005862,846-78-88-88,천우)식용색소(노랑)(30g*10)*10,(30g*10)*10,1,13000,13000,0,0,-1,0,0,0,0,,,
기본 대분류,통조림-C동,기타,005863,81-91-02,풍국면 찰진쫄깃한 소면국수900g(84),(900g*15),15,990,14850,3000,45000,2.0303,0,0,,0,,,
기본 대분류,음료-B동,기타음료,005864,,칸타타하모니돌체라떼340ml펫,340ml*6본*4,24,0,0,0,0,0,24,1,0,0,,,
기본 대분류,음료-B동,기타음료,005865,132-22-25-22,컨디션스틱_민트초코40포,(18g*40포),40,870,34800,870,34800,0,300,7,20,0,,,
기본 대분류,음료-B동,기타음료,005866,132-22-25-23,컨디션스틱_초코40포,(18g*40포),40,870,34800,870,34800,0,460,11,20,0,,,
기본 대분류,음료-B동,기타음료,005867,,청우 더진한 양념치킨순한맛소스10kg,10KG*1,1,23650,23650,0,0,-1,0,0,0,0,,,
기본 대분류,세제외-A동,샘표,005868,94-66-58-55,샘표)진간장 12L,12L*1,0,18200,0,0,0,-1,10,0,10,0,,,
기본 대분류,잡화-S동,마산,005869,54-69-55-22,ㄹㄹ,,1,0,0,0,0,0,0,0,,0,,,
기본 대분류,음료-B동,기타음료,005870,85-5-8-85,뚜레반)뉴슈가(소) 60g*200,60g*200,200,293,58600,0,0,-1,0,0,0,0,,,
기본 대분류,잡화-S동,미풍,005871,123-565-558-858,백설)미풍1kg,1kg*12,12,6700,80400,0,0,-1,0,0,0,0,,,
기본 대분류,음료-B동,기타음료,005872,822-36-4-55,냉장)대상)진한돈골농축액 2kg*5,2kg*5,5,17300,86500,0,0,-1,0,0,,0,,,
기본 대분류,음료-B동,기타음료,005873,,냉장)대상)진한돈골농축액2kg*5,2kg*5,5,17300,86500,0,0,-1,0,0,0,0,,,
기본 대분류,음료-B동,기타음료,005874,155-455-88-77,미성)멜로머쉬멜로우(T)250g (250g*12),250g*12,12,1370,16440,0,0,-1,0,0,0,0,,,
기본 대분류,음료-B동,기타음료,005875,123-25-55-1,명가 메밀칩 카레맛 160g*10,160g*10,10,1500,15000,2100,21000,0.4,308,30,8,0,,,
기본 대분류,음료-B동,기타음료,005876,128-77-885-77,참존)빙수팥(골드)3kg*6,3kg*6,6,8200,49200,0,0,-1,0,0,0,0,,,
기본 대분류,음료-B동,기타음료,005877,955-888-777-88,몬)안티치콜리발사믹식초500ml*12,500ml*12,12,4700,56400,0,0,-1,-48,-4,0,0,,,
기본 대분류,음료-B동,기타음료,005878,,카놀리바)올리브오일버진5L,5L*2,2,48000,96000,0,0,-1,0,0,,0,,,
기본 대분류,음료-B동,기타음료,005879,148-888-77-88,*미드미)월남고추1kg*10,1kg*10,10,12500,125000,13750,137500,0.1,20,2,0,0,,,
기본 대분류,음료-B동,기타음료,005880,26-09-01,웅진 가야 복숭아농장 1.5L[T],,0,0,0,0,0,0,0,0,,0,,,
기본 대분류,음료-B동,기타음료,005881,174-314-150-02,영미)고추맛기름15L,15L*1,1,67600,67600,0,0,-1,63,63,0,0,,,
기본 대분류,음료-B동,기타음료,005882,,백설탕15kg(삼양사),15kg*1,1,16700,16700,0,0,-1,14,14,0,0,,,
기본 대분류,음료-B동,롯데칠성음료,005883,81-61-05,롯데칠성 더하다보리차플러스500ml,(500ml*24),24,859.125,20619,1000,24000,0.164,0,0,0,0,,,
기본 대분류,음료-B동,롯데칠성음료,005884,81-61-06,롯데칠성 더하다수염차플러스500ml,(500ml*24),24,859.125,20619,1000,24000,0.164,0,0,0,0,,,
기본 대분류,음료-B동,롯데칠성음료,005885,81-61-08,롯데칠성 더하다우엉차플러스 500ml,(500ml*24),24,859.125,20619,1000,24000,0.164,0,0,0,0,,,
기본 대분류,음료-B동,롯데칠성음료,005886,81-61-07,롯데칠성 더하다헛개차플러스500ml,(500ml*24),24,859.125,20619,1000,24000,0.164,0,0,,0,,,
기본 대분류,음료-B동,기타음료,005887,,비빔면더블루32,135g*32,32,1215.5,38896,0,0,-1,160,5,0,0,,,
기본 대분류,음료-B동,기타음료,005888,,롯데)프레시마요네즈캡파우치3.2KG*4,3.2kg*4,4,8900,35600,0,0,-1,20,5,0,0,,,
기본 대분류,음료-B동,기타음료,005889,,화미)아지노미(0.1%)3kg,3kg*6,6,16800,100800,0,0,-1,0,0,0,0,,,
기본 대분류,음료-B동,기타음료,005890,,시바쓰케,1kg*10,10,2600,26000,0,0,-1,0,0,0,0,,,
기본 대분류,음료-B동,기타음료,005891,,코우)야마고보 大,1kg*15,15,8800,132000,0,0,-1,0,0,0,0,,,
기본 대분류,음료-B동,기타음료,005892,,코우)야마구라게(궁채절임)1kg*10,1kg*10,10,9300,93000,0,0,-1,0,0,0,0,,,
기본 대분류,음료-B동,기타음료,005893,19-72-180-02,깨끗한식용유18L,18L,1,46000,46000,60000,60000,0.3043,20,20,0,0,,,
기본 대분류,음료-B동,롯데칠성음료,005894,25-25-02,롯데칠성 비타파워180ml,(180ml*30),30,343.6667,10310.001,450,13500,0.3094,300,10,0,0,,,
기본 대분류,음료-B동,코카콜라,005895,31-03-12,몬스터 에너지파피용(연한핑크)355,355ml*24,24,1154.1667,27700.0008,1437.5,34500,0.2455,-96,-4,0,0,,,
기본 대분류,음료-B동,코카콜라,005896,31-03-13,몬스터 울트라스트로베리드림즈(벚꽃핑크)355,355ml*24,24,1204.5417,28909.0008,1491.6667,35800.0008,0.2384,984,41,0,0,,,
기본 대분류,음료-B동,기타음료,005897,,B-50[230*165*125],[230*165*125],1,165,165,0,0,-1,1000,1000,0,0,,,
기본 대분류,음료-B동,기타음료,005898,,신영/타임럽드(홀),150*12,12,2950,35400,0,0,-1,24,2,0,0,,,
기본 대분류,음료-B동,기타음료,005899,274-245-10-02,통깨100%참기름/다인푸드/1.8L*10,1.8L*10,10,23000,230000,25000,250000,0.087,198,19,8,0,,,
기본 대분류,음료-B동,기타음료,005900,274-245-10-03,깨분100%참기름/다인푸드/1.8L*10,1.8L*10,10,14000,140000,15400,154000,0.1,170,17,0,0,,,
기본 대분류,음료-B동,기타음료,005901,65-54-01,푸드킹/찹쌀누룽지(달콤)과자 288g*20,288g*20,20,2350,47000,2585,51700,0.1,595,29,15,0,,,
기본 대분류,음료-B동,기타음료,005902,65-54-02,푸드킹/찹쌀누룽지(무가당)과자 288g*20,288g*20,20,2350,47000,2585,51700,0.1,354,17,14,0,,,
기본 대분류,음료-B동,기타음료,005903,,태동_유맥대두유18L,18L*1,1,44000,44000,0,0,-1,320,320,0,0,,,
기본 대분류,음료-B동,기타음료,005904,278-15-30-01,후레쉬오이피클_3kg*6,3kg*6,6,3300,19800,21780,130680,5.6,-3,0,-3,0,,,
기본 대분류,음료-B동,동서식품,005905,24-175-01,티오피 돌체라떼275(6팩)/110,275ml*24,24,833.3333,19999.9992,1041.6667,25000.0008,0.25,0,0,0,0,,,
기본 대분류,음료-B동,기타음료,005906,68-33,카나비스에너지드링크,250ml*30,30,200,6000,0,0,-1,3600,120,0,0,,,
기본 대분류,음료-B동,기타음료,005907,,진간장13L(신송),13L*1,1,21000,21000,0,0,-1,0,0,0,0,,,
기본 대분류,음료-B동,기타음료,005908,,화미 포도당[1kg*20],1kg*20,20,2800,56000,3085,61700,0.1018,0,0,0,0,,,
기본 대분류,음료-B동,기타음료,005909,14-52-07,크리스탈 무라벨2L(96),(2L*12),12,125,1500,208.3333,2499.9996,0.6667,0,0,0,0,,,
기본 대분류,음료-B동,기타음료,005910,,유맥)순콩식용유18L,18L,1,0,0,0,0,0,0,0,0,0,,,
기본 대분류,음료-B동,기타음료,005911,,미드미 파슬리후레이크100G*12,100G*12,12,3450,41400,0,0,-1,12,1,0,0,,,
기본 대분류,음료-B동,기타음료,005912,65-54,양파에빠진메밀칩160g*10,160g*10,10,1500,15000,2125,21250,0.4167,951,95,1,0,,,
기본 대분류,음료-B동,기타음료,005913,,하인즈 우스타소스 510*12,510*12,12,4100,49200,0,0,-1,0,0,0,0,,,
기본 대분류,음료-B동,코카콜라,005915,31-17-11,스프라이트제로 with티350,(350ml*24),24,787.7083,18904.9992,1041.6667,25000.0008,0.3224,120,5,0,0,,,
기본 대분류,음료-B동,기타음료,005916,,ACE플러스핫소스[180g*24],[180g*24],24,1350,32400,0,0,-1,120,5,0,0,,,
기본 대분류,음료-B동,기타음료,005917,,ACE플러스스테이크소스[260g*24],[260g*24],12,2350,28200,0,0,-1,60,5,0,0,,,
기본 대분류,음료-B동,기타음료,005918,,쇠고기맛분말시즈닝[680g*24],[680g*24],24,2900,69600,0,0,-1,48,2,0,0,,,
기본 대분류,음료-B동,기타음료,005919,,닭고기맛분말시즈닝[680g*24],[680g*24],24,2900,69600,0,0,-1,48,2,0,0,,,
기본 대분류,음료-B동,기타음료,005920,,아리에너지오렌지355ml*24,355ml*24,24,936.375,22473,1250,30000,0.3349,120,5,0,0,,,
기본 대분류,음료-B동,기타음료,005921,,아리에너지체리355ml*24,355ml*24,24,936.375,22473,1250,30000,0.3349,96,4,0,0,,,
기본 대분류,음료-B동,기타음료,005922,,아리에너지블러시베리355ml*24,355ml*24,24,936.375,22473,1250,30000,0.3349,96,4,0,0,,,
기본 대분류,음료-B동,기타음료,005923,,아리에너지졸리스트355ml*24,355ml*24,24,936.375,22473,1250,30000,0.3349,96,4,0,0,,,
기본 대분류,음료-B동,기타음료,005924,,아리에너지피치355ml*24,355ml*24,24,936.375,22473,1250,30000,0.3349,96,4,0,0,,,
기본 대분류,음료-B동,롯데칠성음료,005925,27-37-05,롯데칠성 펩시제로슈거 파인애플향355(소매점용),(355ml*24),24,608.2083,14596.9992,750,18000,0.2331,0,0,,0,,,
기본 대분류,음료-B동,기타음료,005926,,아리에너지트로피칼355ml*24,355ml*24,24,936.375,22473,1250,30000,0.3349,96,4,0,0,,,
기본 대분류,음료-B동,기타음료,005927,,아리에너지레몬355ml*24,355ml*24,24,936.375,22473,1250,30000,0.3349,96,4,0,0,,,
기본 대분류,음료-B동,기타음료,005928,,아리후추라볶이140g*32,140g*32,32,1287,41184,0,0,-1,32,1,0,0,,,
기본 대분류,음료-B동,기타음료,005929,,아리김볶음일반130g*32,130g*32,32,1287,41184,0,0,-1,32,1,0,0,,,
기본 대분류,음료-B동,기타음료,005930,,아리간장버터135g*32,135g*32,32,1287,41184,0,0,-1,32,1,0,0,,,
기본 대분류,음료-B동,기타음료,005931,,아리트러플불고기130g*32,130g*32,32,1287,41184,0,0,-1,32,1,0,0,,,
기본 대분류,음료-B동,기타음료,005932,,아리고추장버터135g*32,135g*32,32,1287,41184,0,0,-1,32,1,0,0,,,
기본 대분류,음료-B동,기타음료,005933,,아리봉골레125g*32,125g*32,32,1287,41184,0,0,-1,32,1,0,0,,,
기본 대분류,음료-B동,기타음료,005934,,아리김볶음매운130g*32,130g*32,32,1287,41184,0,0,-1,32,1,0,0,,,
기본 대분류,음료-B동,기타음료,005935,,아리컵봉골레125g*16,125g*16,16,1573,25168,0,0,-1,16,1,0,0,,,
기본 대분류,음료-B동,기타음료,005936,,아리컵후추라볶이125g*16,125g*16,16,1573,25168,0,0,-1,16,1,0,0,,,
기본 대분류,음료-B동,기타음료,005937,,아리컵김볶음일반125g*16,125g*16,16,1573,25168,0,0,-1,16,1,0,0,,,
기본 대분류,음료-B동,기타음료,005938,,아리컵트러플불고기125g*16,125g*16,16,1573,25168,0,0,-1,16,1,0,0,,,
기본 대분류,음료-B동,기타음료,005939,,아리컵김볶음매운125g*16,125g*16,16,1573,25168,0,0,-1,16,1,0,0,,,
기본 대분류,음료-B동,기타음료,005940,,아리컵고추장버터125g*16,125g*16,16,1573,25168,0,0,-1,16,1,0,0,,,
기본 대분류,음료-B동,기타음료,005941,,아리컵간장버터125g*16,125g*16,16,1573,25168,0,0,-1,16,1,0,0,,,
기본 대분류,음료-B동,기타음료,005942,,아리컵비빔면130g*40,130g*40,40,803,32120,0,0,-1,0,0,0,0,,,
기본 대분류,음료-B동,기타음료,005943,PC005875,[낱개1개][명가 메밀칩 카레맛 160gㅁ1개입ㅁ],,0,0,0,0,0,0,0,0,0,0,,,
기본 대분류,음료-B동,기타음료,005944,,에이스)델리시아스케이퍼,950g*6,6,7800,46800,0,0,-1,31,5,1,0,,,
기본 대분류,음료-B동,기타음료,005945,,명진동죽순B 2840g*6캔,2840g*6캔,6,4555.3968,27332.380800000003,5000,30000,0.0976,630,105,0,0,,,
기본 대분류,음료-B동,커피앤칵테일,005946,65-01-04,페리에 레몬500ml(72),(500ml*24),24,1270.5,30492,1604.1667,38500.0008,0.2626,0,0,,0,,,
기본 대분류,음료-B동,커피앤칵테일,005947,65-01-01,페리에 레몬캔250ml(132),(250ml*30),30,968,29040,1200,36000,0.2397,0,0,,0,,,
기본 대분류,음료-B동,가야웅진,005948,23-41-02,웅진 블루레몬에이드1.5L(파우치),(1.5L*8),8,2454.5,19636,3125,25000,0.2732,0,0,0,0,,,
기본 대분류,음료-B동,기타음료,005949,,레몬가루(크라프트),12*538g,12,4450,53400,0,0,-1,2808,234,0,0,,,
기본 대분류,음료-B동,기타음료,005950,28-77,박카스 얼박 오리지날210ml*40,210ml*40,40,950,38000,1200,48000,0.2632,120,3,0,0,,,
기본 대분류,음료-B동,기타음료,005951,28-78,박카스 얼박 복숭아210ml*40,210ml*40,40,950,38000,1200,48000,0.2632,360,9,0,0,,,
기본 대분류,음료-B동,기타음료,005952,28-79,박카스 얼박 샤인머스캣 210ml*40, 210ml*40,40,950,38000,1200,48000,0.2632,40,1,0,0,,,
기본 대분류,음료-B동,기타음료,005953,,세제(자동식기)_20kg*1,20kg*1,1,10700,10700,0,0,-1,2,2,0,0,,,
기본 대분류,음료-B동,기타음료,005954,,후레쉬락)할라피뇨슬라이스,3kg*6,6,6000,36000,0,0,-1,24,4,0,0,,,
기본 대분류,음료-B동,기타음료,005955,,한솔)아몬드슬라이스1kg*10,1kg*10,10,13200,132000,0,0,-1,10,1,0,0,,,
기본 대분류,음료-B동,기타음료,005956,,하선정/덧장명품멸치액젓3kg*6,3kg*6,6,17500,105000,0,0,-1,0,0,0,0,,,
기본 대분류,음료-B동,동원음료,005957,12-01-14,동원홍차아이스티제로 한라봉500ml,500ml*24,24,645.8333,15499.9992,854.1667,20500.0008,0.3226,1272,53,0,0,,,
기본 대분류,음료-B동,기타음료,005958,,/썬2/썬고추 간장절임,3kg*2,2,8800,17600,13000,26000,0.4773,0,0,0,0,,,
기본 대분류,음료-B동,기타음료,005959,67-74-10,글로우푸드 꽈배기검은깨흑당500,(500g*16),16,3500,56000,5000,80000,0.4286,304,19,0,0,,,
기본 대분류,음료-B동,기타음료,005960,67-74-11,글로우푸드 꽈배기참깨500,(500g*16),16,3500,56000,5000,80000,0.4286,256,16,0,0,,,
기본 대분류,음료-B동,기타음료,005961,52-80-01,해찬들 콩된장14kg,14kg*1,1,32600,32600,58600,58600,0.7975,0,0,0,0,,,
기본 대분류,잡화-S동,몬,005962,243-300-50-06,몬/월남쌈원형16cm,200g*48,48,1500,72000,1810.4167,86900.0016,0.2069,0,0,0,0,,,
기본 대분류,음료-B동,기타음료,005963,97-586-31,제니코/ 드라이이스트(레드),500g*20,20,5700,114000,8250,165000,0.4474,0,0,0,0,,,
기본 대분류,음료-B동,기타음료,005964,53-1-01,러빙식용유18L,(18L*1),1,44500,44500,50000,50000,0.1236,0,0,0,0,,,
기본 대분류,통조림-C동,기타,005965,68-205-200-005,초야/빙초산180ml,(180ml*40),40,1550,62000,2000,80000,0.2903,0,0,0,0,,,
기본 대분류,음료-B동,기타음료,005966,32-45-30-01,헌트/ 토마토소스425g,425g*24,24,2650,63600,3587.5,86100,0.3538,0,0,0,0,,,
기본 대분류,통조림-C동,주동서,005967,11-74-10,리치스 그린올리브(슬)3kg,(3kg*6),6,12573,75438,15000,90000,0.193,60,10,0,0,,,
기본 대분류,통조림-C동,주동서,005968,11-74-11,리치스 그린올리브 홀 피멘토(병),(365g*24),24,1895,45480,2500,60000,0.3193,240,10,0,0,,,
기본 대분류,음료-B동,기타음료,005969,,임대료,,0,0,0,0,0,0,0,0,,0,,,
기본 대분류,음료-B동,매일유업,005970,25-02-01,매일 럭+ 카페라떼250(104),(250ml*10),10,715,7150,1200,12000,0.6783,730,73,0,0,,,
기본 대분류,음료-B동,매일유업,005971,25-02-02,매일 럭+ 바닐라라떼250(104),(250ml*10),10,715,7150,1200,12000,0.6783,840,84,0,0,,,
기본 대분류,음료-B동,기타음료,005972,945-01-01,퍼시픽초이스/ 라임쥬스,1L*6,6,2700,16200,3266.6667,19600.000200000002,0.2099,0,0,0,0,,,
기본 대분류,음료-B동,롯데칠성음료,005973,27-10-01,롯데칠성 스퀴즈오렌지240,(240ml*30),30,274.9,8247,400,12000,0.4551,0,0,0,0,,,
기본 대분류,음료-B동,롯데칠성음료,005974,27-40-02,롯데칠성 스퀴즈포도240,(240ml*30),30,274.9,8247,400,12000,0.4551,0,0,0,0,,,
기본 대분류,음료-B동,롯데칠성음료,005975,27-40-03,롯데칠성 스퀴즈사과240,(240ml*30),30,274.9,8247,400,12000,0.4551,0,0,0,0,,,
기본 대분류,세제외-A동,팔도,005976,81-04-01,팔도도시락컵 12입,86g*12,12,744,8928,875,10500,0.1761,1020,85,0,0,,,
기본 대분류,음료-B동,기타음료,005977,623-79-10-01,비셰프 파마산블렌드(중),227g*12,12,3950,47400,5625,67500,0.4241,0,0,0,0,,,
기본 대분류,음료-B동,기타음료,005978,56-203-05-01,영미 큰댁사골분말(10입),500g*10,10,5000,50000,7000,70000,0.4,0,0,0,0,,,
기본 대분류,음료-B동,기타음료,005979,945-02-01,퍼시픽초이스/ 레몬쥬스1L,1L*6,6,2700,16200,6116.6667,36700.000199999995,1.2654,0,0,0,0,,,
기본 대분류,통조림-C동,CJ제일제당,005980,15-04-011,스팸기획마일드300g(3입)/72,(300g*3)*8,24,3000,72000,4000,96000,0.3333,1728,72,0,0,,,
기본 대분류,통조림-C동,기타,005981,94-38,가마치 들깨삼계탕750g,750g*10,10,3800,38000,4500,45000,0.1842,90,9,0,0,,,
기본 대분류,음료-B동,기타음료,005982,94-38-01,밀리원 삼계탕1kg,1kg*8,8,4600,36800,5200,41600,0.1304,973,121,5,0,,,
기본 대분류,음료-B동,현대약품,005983,28-12-04,헬씨올리고핍 딸기바닐라350,(350ml*24),24,549.3333,13183.9992,854.1667,20500.0008,0.5549,0,0,0,0,,,
기본 대분류,음료-B동,현대약품,005984,28-12-05,헬씨올리고팝 애플체리350,(350ml*24),24,549.3333,13183.9992,854.1667,20500.0008,0.5549,0,0,0,0,,,
기본 대분류,음료-B동,현대약품,005985,28-12-07,현대 에너린캔250,(250ml*30),30,524.3667,15731.001,700,21000,0.3349,0,0,0,0,,,
기본 대분류,음료-B동,광동제약,005986,20-14-05,광동비타500 치어팩250(64),(250ml*30팩),30,777.7667,23333.001,950,28500,0.2214,0,0,0,0,,,
기본 대분류,통조림-C동,기타,005987,94-38-00,가마치 삼계탕1kg,1kg*8,8,4600,36800,5125,41000,0.1141,560,70,0,0,,,
기본 대분류,음료-B동,기타음료,005988,855-869-79-86,피낙스/ 복분자원액,1.5L*8,8,7600,60800,11112.5,88900,0.4622,0,0,0,0,,,
기본 대분류,잡화-S동,미드봉,005989,94-67-01-01,미드봉 프리미엄 파마산,1kg*10,10,8500,85000,9350,93500,0.1,160,16,0,0,,,
기본 대분류,잡화-S동,명진,005990,246-306-30-02,명진/밀감(중),830g*12,12,2720,32640,3000,36000,0.1029,0,0,0,0,,,
기본 대분류,잡화-S동,태명,005991,126-486-10-01,태명/ 덴가스립(덴까스),1kg*12,12,9200,110400,10116.6667,121400.00039999999,0.0996,0,0,0,0,,,
기본 대분류,잡화-S동,오뚜기,005992,131-267-10-01,오뚜기 치킨파우더,1kg*12,12,14400,172800,15840,190080,0.1,12,1,0,0,,,
기본 대분류,음료-B동,HK이노앤,005993,132-22-25-24,컨디션스틱_샤인머스캣제로,18g*40,40,870,34800,957.5,38300,0.1006,-240,-6,0,0,,,
기본 대분류,잡화-S동,백설,005994,15-39-200-02,백설/튀김가루1kg,1kg*10,10,1880,18800,2070,20700,0.1011,100,10,0,0,,,
기본 대분류,음료-B동,롯데칠성음료,005995,27-37-06,롯데칠성 펩시제로슈거카페인라임향355ml,(355ml*24),24,652.375,15657,750,18000,0.1496,0,0,,0,,,
