관리코드,상품명,규격
55-04-02,히비스커스헛개수500,500ml*20
55-04-01,히비스커스헛개수340(특수유통용),340ml*20
55-04-03,히비스커스블렌딩티500ml*24BT,500ml*24
42-75-02,황지수 핸드 클린겔500(손세정제)(70),500ml*15개
31-47-02,환타포도 355(업소용)/100,(355ml*24)
31-42-05,환타포도250,250ml*30
31-44-02,환타포도1.5,1.5L*12
31-42-04,환타파인250/99,250ml*30
31-46,환타파인 600,600ml*24
31-44-01,환타파인 1.5,1.5L*12
31-42,환타오렌지190 (126/132),190ml*30
31-45,환타오렌지 600,600ml*24
31-44-05,환타오렌지 300(pet) (72),300*24
31-42-02,환타오렌지 250/99,250ml*30
31-44,환타오렌지 1.5,1.5L*12
31-47-01,환타파인 355(업소용) /(100),355ml*24
31-47,환타오렌지 355 (업소용)/(88/100),355ml*24
28-06,화이브미니(동아),100ml*100
13-02,화남황도820G,820*12
13-02.,화남 황도슬라이스3kg,3Kg*6
13-01,화남황도(小),400g*24
13-06,화남파인애플,3K*6
13-03,화남백도(小),24*400
13-011,화남 파인애플 820g*12,820g*12
01-04,홍초석류 900+500 (기획),900+500*12
01-06,홍초석류 900,900ml*12
01-06.,홍초블루베리900+500(기획),900ml+500*12
01-04..,홍초블루베리 900,900ml*12
01-06..,홍초복분자900+500(기획),900+500*12
01-04.,홍초복분자 900,900ml*12
55-09-03,홍삼진플러스파우치70ml(30입),70ml*30입
15-41,홍삼진파우치,(70ml*120)*4
55-09-02,홍삼진병100ml,100ml*10
55-09,홍삼진병(100*10) Hk이노앤 (40),(100ml*10)*10
55-12-01,홍삼원케이스,
15-04-09,홍삼원디(정관장)100ml (50),(10병*10set)
52-66,혼다시/아지노모드(A),k*10
52-65,혼다/다시노모도(계성)(B),1k*10
34-04-02,호연당허니스파클링펫 350(104),350ml*20
34-04-01,호연당스파클링꿀물캔식스팩250,(6팩*5)
34-04,호연당스파클링꿀물캔250,250ml*30
34-02,호연당꿀물캔 175 (156),175ml*30
42-86,호연당 허니향(HK817),1kg
34-01-01,호연당 아카시아꿀물병 (56),180ml*48병
28-53-02,현대옥수수수염차 500ml,500*20
28-59,현대약품파렛트,
60-31,현대미에로반품,
28-13-01,헬씨올리고200/현대약품,200ml*40
28-13,헬씨올리고100/현대,100ml*100
27-101,헛개차페트500/롯데칠성,500*20
55-01-02,헛개 컨디션120ml (70),120ml*50
25-07,허쉬쿠키앤크림235팩/매일,235*6*4=24
15-15-02,햇반기획210g (3입*12) (48),(210g*3)*12
15-15-04,햇반기획200g(8입*6)/(40),200g*(8*6)
15-15,햇반기획200g (4입*12) (40),200g*(4*12)
15-16,햇반기획 200g(24입)/64,200g*24
36-83-02,해피데이 고급종이컵 (72),
39-62,해표후추200g*30,200g*30
41-23,해표포도씨유0.9,0.9*12
41-09,사조해표 카놀라유900,900*12(64)
41-14,해표올리브유(0.5*20),
41-16,해표식용유7호*4-(BOX),(1.8L*3)*4set
41-28.,해표식용유1.5*8 (48),1.5L*8
41-17,해표식용유0.9,0.9*20
41-19,해표식용유 1.8L (32),1.8L*12
01-105,해태훼미리매실 1.5,1.5L*12
32-20,해태후레쉬100%(1.5L),1.5L*12
32-32-03,해태 미닛메이드 허니유자페트280,280*24
32-01-02,해태포도봉봉뚱캔340,340ml*24
32-01,해태포도봉봉238ml(50),238ml*72
01-124,해태파렛트,
32-21,해태코코팜화이트(요쿠르트/ 스쿨존)240,240ml*30
32-05,해태코코팜(포도) (50),238ml*72
31-21,해태제주감귤1.5,1.5L*12
22-37.,해태자몽소다펫트350,350ml*24
32-41,해태자몽소다캔355,355ml*24
32-17,해태 미닛메이드 레몬에이드1.5,1.5L*12
32-06,해태썬키스트 훼미리포도1.5,1.5L*12
32-10,해태써니텐오렌지250,250ml*30
32-01-03,해태복숭아봉봉뚱캔340,340ml*24
60-13,해태반품,0
32-32-02,해태 미닛메이드 모과생강페트280,280*24
32-39,해태멜론소다펫트350,350ml*24
32-17.,해태레몬에이드캔240*30,240*30
32-11,해태 미닛메이드 레몬에이드Pet 350,350ml*24
32-01-04,해태딸기봉봉뚱캔340,340ml*24
32-13,해태 과일촌 아침에사과1.5 (44),1.5L*12
32,해태 과일촌 아침에사과 500,500ml*24
32-18-01,해태갈아만든배뚱캔340,340ml*24
32-02,해태갈아만든배238 (50),238ml*72
32-30,해태갈아만든배 1.5 (44),1.5L*12
08-18-02,해찬들태양초골드고추장1kg(12통),(1kg*12)
08-18,해찬들태양초고추장2.4+450g,(2.4+450)*4
15-39,해찬들맛있게매운고추장500g(p),500g*20
08-17..,해찬들고추장2kg*350,2kg*35*4
62-50.,해찬들/태양초골드고추장14kg,14kg
52-60,해찬들/태양초고추장3kg,3kg*4
08-17.,해찬들/태양초고추장2kg,2kg*6
08-09-03,해찬들 초고추장골드14kg,14kg
08-09,해찬들 초고추장300g,300g*20
36-82,해찬들/집된장14k,14k
36-82.,해찬들/재래식된장6.5,6.5*2
52-59,해찬들/재래식된장3kg,3kg*4
61-54,해찬들/재래식된장2k+300g(증량),2k+300*4
36-11,해찬들/재래식된장1kg(48),1kg*12
52-80,해찬들/재래식된장14kg,14kg
08-19,해찬들/우리쌀고추장골드1kg*12통,1k*12 통
08-19.,해찬들/우리쌀고추장골드1k(매운맛)통,1kg*12통
08-21..,해찬들/알찬고추장6.5,6.5kg*2
08-21.,해찬들 알찬 고추장4.5kg,4.5kg*2
08-09.,해찬들/알찬고추장14k,14k
08-16,해찬들/사계절쌈장500g통 (48),500g*20
08-15,해찬들/쌈장1k/P,1k*12
08-14,해찬들/쌈장170g,170g*24
62-53,해찬들/시골된장3kg,3kg*4
08-23,해찬들/새콤초고추장170g,170g*24(P)
08-09-01,해찬들 새콤달콤 초고추장500g (50),500g*20
08-09-02,해찬들 새콤달콤 초고추장1050g (48),1050g*12
52-58,해찬들/사계절쌈장3kg,3kg*4
52-70,해찬들/사계절쌈장14kg,14kg
52-822,해찬들/맛있게매운고추장1kg(싼것),1kg*12
36-70,해찬들/된장500g(통),500g*20
52-74,해찬들/구수한집된장1kg,1kg*12
62-54,해찬들/구수한된장14kg,14kg
08-21,해찬들/고추장6.5kg,6.5kg*2
08-17-01,해찬들 태양초 고추장 1.8kg+450 (48),1.8kg*450*4
22-45,해물왕컵,
02-23,항균트리오(과일세척)3kg (48),3kg*4
02-22,항균트리오(과일세척)2kg(52),2kg*6
02-21,항균트리오(과일세척)1kg(40),1kg*12
27-01-02,핫식스캔 250 (96),250ml*30
27-53,핫식스라이트,250ml*30
27-014,핫식스355ml(99),355ml*24
27-08,핫식스 자몽캔 250,250ml*30
57-02,한성런천미트200(130),200g*24
57-04,한성런천미트 340 (91),340g*24
55-07-02,한뿌리(홍삼)120ml,10*4(set)
55-06-02,한뿌리 (인삼)120ml,10*4(set)
29-21,한라봉제주감귤175/일화(132),175ml*30
29-30.,한라봉에이드 350 (100),350ml*24
27-105,한라봉과유자레몬175/롯데칠성,175ml*30
52-21,하인즈칠리소스(캔),3k*6
36-02,하이썬부탄 (80),4*7
34-03.,하이드로토닉(104),300ml*24
17-03-03,하리보 프루티부시 100g(24입),100g*24
17-03-02,하리보 스타믹스 100g(26입),100g*26
17-03,하리보 골드베렌 100g사용중지,100g*30
17-03-01,하리보 골드베렌 100g(26입),100g*26
20-13,피크닉사과 (171),200ml*24
20-13-01,피크닉청포도 (171),200ml*24
40-09-02,피죤핑크로즈 2100 (40),(2100*2)*4
40-09-01,피죤옐로우미모사 2100 (40),(2100*2)*4
40-09,피죤블루비앙카 2100(40),(2100*2)*4
40-10,피죤2900ml*4(핑크로즈)(48),2900ml*4
40-10-02,피죤2900ml*4(옐로미모사)(48),2900ml*4
40-10-01,피죤2900ml*4(블루비앙카)(48),2900ml*4
40-10-04,피죤2500ml+600ml*4(비앙카),2500ml+600ml*4
40-10-05,피죤2500ml+600ml*4(미모사),2500ml+600ml*4
40-10-08,피죤2500*500용기(핑크)(48),2500*500*4개
40-10-06,피죤2500*500용기(비앙카)(48),(2500*500)*4개
40-10-07,피죤2500*500용기(미모사)(48),2500*500*4개
40-11,피죤2.8용기(핑크로즈),2.8*4
40-11-03,피죤2.8용기(옐로미모사),2.8*4
40-11-02,피죤2.8용기(블루비앙카),2.8*4
40-10-10,피죤2.0 말통,20L
40-01,피죤1600(핑크),1.600*2*4
40-01.,피죤1600(비앙카)블루,1600*2*4
40-01..,피죤1600(미모사),1600*2*4
40-10-03,피죤 2500*600ml*4 (핑크),2500ml*600ml
01-42,프링글스핫&스파이시(112),110g*12
01-44,프링글스치즈버거,110g*12
01-43,프링글스치즈(112),110g*12
01-40,프링글스오리지날 (112),110g*12
01-41,프링글스양파 (112),110g*12
01-48,프링글스버터카라멜(112),110g*12
01-45,프링글스바비큐,110g*12
01-47,프링글스마요치즈(112),110g*12
01-49,프링글스 클래식(112),110g*12
01-51,프링글스 크리미쉬림프(새우맛),110*12
01-51-01,프링글스 블랙페퍼크림 (킹크랩),110g*12
28-61-07,프리미엄아우성(콘돔)10입*18,(10p*10)*18
28-61-08,프리미엄아우성(콘돔)10입,(10p*10)
480,풀무원샘물500 (112),500ml*20
28-01,포카리캔 240 (99/90),240ml*30
28-04,포카리[뚱캔]340 (88),340ml*24
28-040,포카리 Pet 340(72),340ml*20
28-03,포카리 500 (63),500ml*20
28-02,포카리 1.5 (40),1.5L*12
32-01.,포도봉봉24입,238ml*24
14-03.,펭귄황도(신형)2절(96),400g*24
14-10,펭귄황도슬라이스(96),400g*24
14-03,펭귄황도(小) 구형,400g*24
14-15,펭귄번데기,130g*48
14-04,펭귄백도(2절),400g*24
14-25,펭귄꽁치1.88(덕용),1.88k*6
14-01,펭귄꽁치(한마리) 400 (96),400g*24
14-05,펭귄골뱅이(大),400g*24
14-02-02,펭귄고등어(신형) /100,400g*24
14-02,펭귄고등어 (구형)/100,400g*24
14-12-01,펭귄HC청어 400g(강구나루)/100,400g*24
14-12,펭귄HC꽁치400g(강구나루)(100),400g*24
14-13,펭귄HC고등어400g(강구나루)/100,400g*24
14-01-01,펭귄 김치꽁치380,380g*24
14-39,펭귄 과일선물 1-A호(백도4+황도4),(백도4+황도4)*6세트
27-15-01,펩시콜라캔기획250(4+2),250*(4+2)*(120)
27-15-02,펩시콜라캔190 (143),190ml*30
27-360,펩시콜라스터비 245ml(업소용)(135),245ml*24
27-96,펩시콜라 600,600*20
27-11,펩시콜라 500 (업소용) (77),500ml*20
27-36,펩시콜라 355 (업소용) (99),355ml*24
27-15,펩시콜라 250 (110/121),250ml*30
27-26,펩시콜라제로 1.5 (55),1.5L*12
27-26-01,펩시콜라 1.25 (업소용) (60),1.25*12
04-05,페브리지(허브)370g,370g*15
04-09,페브리지(은은한향)370g,370g*15
04-04,페브리지(은은)370+320*12,370+320*12
04-06,페브리지(상쾌)370g,370g*15
04-04.,페브리지(상쾌)370+320*12,370+320*12
04-07,페브리지(무향)370g,370g*12
04-08,페브리지(다우니)370*g,370g*15
04-11,페브리즈(은은향)리필,320*24
04-10,페브리즈(상쾌한향)리필,320*24
65-03-02,페리에자몽 330ml (81),330ml*24
65-03,페리에[플레인] 330ml (81),330ml*24
65-03-06,페리에[복숭아] 330ml(81),330ml*24
65-02,페리에[레몬] 330ml (81),330ml*24
65-01,메종페리에 라임(캔)330ml (130),330ml*24
09-06,퍼실(일반)2.7+1.8,2.7+1.8*4
09-05,퍼실(일반)2.7,2.7*4
09-07,퍼실(드럼)2.7+1.8*4,2.7+1.8*4
09-05.,퍼실(드럼)2.7,2.7*4
17-12-01,팬파인애플쥬스 1L,1L*12
32-04.,팬돌이블루/해태,300*20
80-81-02,패션입체마스크(소분),20입
80-81,패션입체마스크,20입*50
03-02.,팡뚜러/2L*6,2L*6
03-02,팡뚜러/1L*12(휴먼텍),1k*12
22-51-07,팔도틈새볶음면 컵,130*16
22-51-01,팔도틈새볶음면,130*32
22-51-00,팔도틈새라면 매운김치(4*8),120g*32
22-51,팔도틈새라면,120g*40
22-51-02,팔도틈새떡볶이,166*16
54-21-02,팔도쫄비빔면(40입),(5*8)
22-23-05,팔도짬뽕왕뚜껑,110g*18
22-51-03,팔도짜장면(32입),4*8
22-51-05,팔도일품해물라면,120g*40
22-51-04,팔도일품삼선짜장,120g*32
22-23-02,팔도우동왕뚜껑,(110*18)
22-51-06,팔도왕짬뽕(불)(32입),(4*8)
22-23-06,팔도왕뚜껑기획(왕뚜3+김치왕뚜3),(왕뚜6*3)
22-22-01,팔도왕뚜껑UP,130*18
22-22,팔도왕뚜껑,110g*18
54-21,팔도비빔면멀티(40입)/(56/64),5*8
54-21-04,팔도비빔면기획 (5+1),(6*8)
54-21-03,팔도비빔면 컵,115*16
60-09,팔도비락반품,
22-40,팔도라볶이(32입),(4*8)
81-04,팔도도시락컵,86g*24
22-23-07,팔도더왕뚜껑 멀티 (4입),(4*8)
22-42,팔도남자라면멀티(40),5*8
22-36,팔도꼬꼬면멀티(40입),(5*8)
22-23-01,팔도김치왕뚜껑,110g*18
81-05,팔도김치도시락컵,(86*24)
54-100,파워오투[오렌지레몬] (48),500ml*24
54-102,파워오투(애플키위) (48),500ml*24
54-101,파워오투(아이스베리)(48),500ml*24
31-13-05,파워에이드 퍼플스톰(메탈)600,600ml*20
31-13-03,파워에이드600(54),600ml*20
31-13,파워에이드240(99/132),240ml*30
31-13-01,파워에이드[뚱340] (88),340ml*24
31-13-02,파워에이드 355 (PET),355ml*20
31-16,파워에이드 1.5 (32),1.5L*12
20-07-01,팁코오렌지500ml,500ml*12
20-07-02,팁코브로콜리500lml,500ml*12
24-072,티오피콜드브루아메리카노 275,275ml*20
24-073,티오피콜드브루스위트아메리카노 275,275ml*20
24-07-08,티오피초콜릿모카 275 (120),275ml*20
24-36-01,티오피심플리스무스스위트240ml(펫),(240ml*20)
24-36-02,티오피심플리스무스블랙240ml(펫),(240ml*20)
24-36-08,동서티오피심플리스무스로스티블랙360ml(펫),(360ml*20)
24-36-07,동서티오피심플리스무스로스티라떼360ml(펫),(360ml*20)
24-36-06,티오피심플리스무스로스트티 블랙380캔,500*20
24-36-04,티오피심플리스무스로스트티 라떼380캔,380*20
24-36,티오피심플리스무스라떼240ml(펫),(240ml*20)
24-705,티오피시그니쳐블랙 275,275ml*20
24-07-01,티오피스위트아메 275 (초록)(120),275ml*20
24-06-09,티오피 더블랙200(6팩) (108),200ml*36
24-07,티오피마스터라떼 275 (노랑)(120),275ml*20
24-07-03,티오피더블랙 275 (120),275ml*20
24-08-01,동서티오피200스위트(144),200ml*30
24-08,동서티오피200마스터라떼(144),200ml*30
24-08-02,동서티오피200더블랙(144),200ml*30
24-06-08,티오피 스위트아메리카노200(6팩) (108),200ml*36
24-07-05,티오피 스모키블랙275(120),275ml*20
24-07-04,티오피 스모키라떼275(120),275ml*20
24-06-07,티오피 마스터라떼200(6팩) (108),200ml*36
45-12.,특선16호(제당),4셋트
27-94,트로피카나스파클링포도355/롯데칠성,355ml*24
27-93-04,트로피카나스파클링파인355/롯데칠성,355ml*24
27-94-01,트로피카나스파클링오렌지355/롯데칠성,355ml*24
27-93-02,트로피카나스파클링사과355/롯데칠성,355ml*24
27-93-03,트로피카나스파클링복숭아355/롯데칠성,355ml*24
27-94-03,트로피카나스파클링망고355/롯데칠성,355ml*24
27-17-02,트레비플레인 500 (77),500ml*20
27-2-02,트레비플레인 355,355ml*24
27-17-03,트레비자몽 500 (77),500ml*20
27-17-01,트레비레몬 500 (77),500ml*20
27-2-01,트레비레몬 355,355ml*24
27-17,트레비라임 500(77),500ml*20
27-2,트레비라임 355,355ml*24
27-2-03,트레비라임 300 (20입),300ml*20
21-17-03,트레비(플레인)190ml/143,190ml*30
52-32,튜립햄340,340g*24
52-33,튜립햄(A),1810*12
54-24-03,톡톡 왕꿈틀이캔디 포도맛16g,(16g*12)*6
54-24-02,톡톡 왕꿈틀이캔디 딸기맛16g,(16g*12)*6
27-14,토마스헨리토닉워터,200ml*24
25-50-04,진로토닉워터캔250 (121),250ml*30
10-19-01,테이프 투명(아크릴),48*78
01-111-02,택배비b-반품,
01-111-01,택배비a-반품,
15-02,택배비 나들 제주,"\3,000"
15-01-03,택배비 CJ택배 클레임 합의서,
01-111,택배비 2500,
06-30,태평양아모레퍼시픽 종합 3호/6세트-(BOX),6set
29-52-01,탑씨포도캔 170(143),170ml*30
29-53,탑씨파인애플캔 170(143),170ml*30
29-54,탑씨콜라 170(143),170ml*30
29-52,탑씨오렌지 170(143),170ml*30
29-07-01,탑씨 포도 1.5 (40),1.5L*12
29-08,탑씨 파인애플 1.5 (40),1.5L*12
29-08-01,탑씨 콜라 1.5 (40),1.5L*12
29-07,탑씨 오렌지 1.5 (40),1.5L*12
36-83,타임종이컵(72),
36-111,타이거에탄올워셔액,1.8L*12
31-31,킨사이다캔240ml,240ml*30
31-27,킨사이다 355,355ml*24
31-23.,킨사이다 1.5,1.5L*12
31-23,킨사이다 (업소) 1.5 (44/40),1.5L*12
03-01.,크린유니락스 2L(60),2L*6
03-01,크린유니락스 1L,1L*12
15-47-06,큐원흑설탕1kg(삼양/ 64),1kg*20
15-60,큐원하얀설탕3K(삼양)(70),3k*8
15-61,큐원하얀설탕15k(삼양)(84),15kg
15-47,큐원하얀설탕 1kg (삼양),1kg*20
15-60-02,큐원 갈색설탕3k(삼양) (50),3k*8
15-47-02,큐원갈색설탕1kg(삼양),1kg*20
15-61-03,큐원갈색설탕15kg(삼양)(84),15kg
15-62,큐원 흑설탕15kg (삼양/ 84),15kg
54-10-03,큐원 상쾌환3g,{(3g*3입)*6pack}*8case
22-60,쿠퍼스헛개차 500,500ml*20
24-070,맥스웰 콜롬비아나 마스터카페라떼240(120),240ml*30
24-071-01,맥스웰 콜롬비아나 마스터 오리지날블랙240/120,240ml*30
24-071,맥스웰 콜롬비아나 마스터스위트아메리카노240(120),240ml*30
60-06-01,콜라파렛트,
60-06,콜라반품,0
01-18-01,콘푸라이트 베리요거트바 108g,108g*20
32-19-04,코코팜화이트뚱캔340,340ml*24
32-19-07,코코팜화이트뚱캔340,340*24
32-19-02,코코팜피치핑크뚱캔340,340ml*24
32-19-01,코코팜피치핑크(복숭아/스쿨존)240,240ml*30
32-19-03,코코팜포도뚱캔340,340ml*24
32-19,코코팜포도24입/해태,238ml*24
32-26,코코팜탱글탱글포도1.5,1.5L*12
32-25,코코팜탱글탱글복숭아1.5,1.5L*12
32-19-06,코코팜망고뚱캔(코코넛)340,340ml*24
31-01-12,코카콜라알루미늄보틀(카카오),250ml*30
31-28-05,코카콜라제로500(6입),500ml*6
31-28,코카콜라제로500,500ml*24
31-01-06,코카콜라제로250(99),250ml*30
31-22-01,코카콜라제로 300,300ml*24
31-28-01,코카콜라제로 1.5(44),1.5L*12
31-01-05,코카콜라 250 (99),250ml*30
31-30,코카콜라 태양의식후비법W차,500ml*24
31-05-03,코카콜라기획1.5*6+스프1.5*6기획,콜라기획1.5*6+스프1.5*6기획(44)
31-05-04,코카콜라기획 1.5*6+환타오렌지1.5*6기획(44),콜라기획1.5*6+환타오렌지1.5*6기획
31-37,코카콜라글라소파워씨(빨강)500,500ml*12
31-36,코카콜라글라소트리플엑스(블랙)500,500ml*12
31-38,코카콜라글라소에센셜500,500ml*12
31-35,코카콜라글라소에너지(노란색)500,500ml*12
31-34,코카콜라글라소멀티브이(초록)500,500ml*12
31-04-02,코카콜라500 [업소](48),500ml*24
31-03-05,코카콜라355업소(88)(100)/바코드없음,355ml*24
31-01-02,코카콜라210ml,210ml*30
31-01-01,코카콜라190 (126)(132),190ml*30
31-50-03,코카콜라/토레타뚱캔340 (88)(100),340ml*24
31-50,코카콜라/토레타240,240ml*30
31-50-02,코카콜라/토레타1.5 (32),1.5L*12
31-50-01,코카콜라/토레타 500(70),500ml*24
31-05-01,코카콜라(업소) 1.25(45),1.25L*12
31-01-03,코카콜라 스터비245 (120),245ml*24
31-04-01,코카콜라 500 (48/60),500ml*24
31-03,코카콜라 355/ 바코드O (88),355ml*24
31-04,코카콜라 300(pet),300(pet)*24
31-01-04,코카콜라 245ml (업소용)슬림(99),245ml*30
31-05-02,코카콜라 1.8,1.8L*12
31-05,코카콜라 1.5(40),1.5L*12
01-18,켈로그) 콘푸로스트600 (24)(20),600g*12
02-04,케라시스(볼륨)600*3,(600샴푸2+린스)*6
02-45,케라시스(모이스체)6644,6644*8
02-46.,케라시스(두피스케일링)800,800*8
02-41,케라시스(두피)600*3,(600샴푸2+린스)*6
02-44,케라시스(데미지)6644,6644*8
02-04.,케라시스(데미지)600*3,(600샴푸2+린스)*6
28-12-01,컨피던스 180ml,180*30
55-01-03,컨디션환스틱3g,3g*200
55-02-01,컨디션레이디100ml(10병),100ml*10병
55-13,컨디션CEO(쎄오) 150ml(6입),150ml*6입
32-50,캘리포니아레몬에이드,355ml*24
02-47,캐라시스(두피클리닉)800,800*8
31-11,캐나다드라이/토닉워터캔(99/132)코카,250ml*30
31-55,캐나다드라이/클럽소다(99/132),250ml*30
31-29,캐나다드라이/진저엘(99/132),250ml*30
27-45,칸타타프리미엄라떼 275(노랑) (121),275*20
27-44,칸타타프리미엄라떼 175 (노랑)(143),175ml*30
27-45-03,칸타타콜드브루블랙 275(132),275ml*20
27-45-04,칸타타콜드브루라떼 275,275ml*24
27-45-05,칸타타콘트라베이스 콜드브루 라떼 500ml,500ml*24
27-44-01,칸타타스위트아메리카노(빨강) 175(143),175ml*30
27-45-01,칸타타스위트아메리카노 275(빨강) (132),275*20
27-44-03,칸타타스위트아메리카 200ml,200ml*30
27-44-02,칸타타 프리미엄 200ml,200ml*30
27-45-09,칸타타 콘트라베이스 콜드브루블랙500(6입),500ml*6
27-45-06,칸타타 콘트라베이스 콜드브루 블랙500ml,500ml*24
27-45-08,칸타타 콘트라베이스 콜드브루라떼500(6입),500ml*6
27-45-10,칸타타 콘트라베이스 스위트블랙(6입),500ml*6
27-45-07,칸타타 콘트라베이스 콜드브루 스위트 블랙 500ml,500ml*24
27-45-02,칸타타 카라멜 마키아토 275,275ml * 20
32-37,칵테일샤인온더비치뚱캔340,340ml*24
24-49-06,카프리썬(페어리드링크)(378),200ml*10
24-49-01,카프리썬(오렌지망고)(378),200ml*10
24-49,카프리썬(오렌지)(378),200ml*10
24-49-05,카프리썬(알래스카아아스티)(378),200ml*10
24-49-02,카프리썬(사파리맛)(378),200ml*10
24-49-04,카프리썬(사과맛) (378),200ml*10
200-07,카드수수료,
27-01-01,칠성사이다캔250 (110),250ml*30
27-01,칠성사이다캔 190 (143),190ml*30
27-01-05,칠성사이다제로캔250,250ml*30
27-28-02,칠성사이다제로1.5,1.5L*12
27-18,칠성사이다pet 300,300ml*20
27-28-04,칠성사이다1.8(6입),1.8*6
27-25,칠성사이다 500(77),500ml*20
27-25-01,칠성사이다 500 (업소용) (77),500ml*20
27-16,칠성사이다 355업소용 (99),355ml*24
27-28-01,칠성사이다 1.5 (55),1.5L*12
27-28,칠성사이다 1.25 (업소용) (60),1.25L*12
27-46,칸타타프리미엄라떼 275*24,275*24
27-46-01,칠성)칸타타아메리카노275*24,275ml*24
27-46-02,칠성)칸타타(더치블랙)275*24,275ml*24
21-22,초코에몽팩180,180*24
29-13,초정탄산수캔라임/250,250*30
29-05,초정탄산수캔 250 (110),250ml*30
29-37,초정탄산수자몽350,350ml*20
29-36,초정탄산수자몽500,500ml*20
29-35,초정탄산수레몬500,500ml*20
29-34,초정탄산수라임500,500ml*20
29-05-02,초정탄산수350캔(100),350ml*24
29-38,초정탄산수(플레인)350,350ml*20
29-06,초정탄산수 500 (66),500ml*20
29-04,초정탄산수 1.5 (40),1.5L*12
29-05-01,초정 탄산수 190(132),190ml*30
23-19-01,초록매실캔180(90입) 48,180*(15*6)
62-01,청정원현미태양초찰고추장500g,500g*20
62-02,청정원현미매운태양초고추장500g,500g*20
62-03,청정원현미고추장2K(쌈장500+된장500),2K*6
01-17-08,청정원팜고급유NH-1호(3세트)-(BOX),(1*3set)
62-04,청정원태양초고추장1.5(+400g),(1.5kg+400g)*6
01-30,청정원초고추장1kg,1kg*12입
61-87,청정원양념장(소불고기),500g*15
61-79,청정원양념장(소갈비),500g*15
61-61,청정원양념장(돼지불고기),500g*15
61-86,청정원양념장(돼지갈비),500g*15
01-03,청정원쌈장P500g,500g*20
01-05.,청정원/진태양초고추장14kg,14kg
01-23.,청정원/재래식생된장14kg,14kg
15-52,청정원/우리쌀로만든태양초고추장2.5+450,(2.5kg+450g)4set
01-16,청정원/순창태양초찰고추장500,500g*24
01-05,청정원/순창태양초고추장3k,3k*4
01-22,청정원/순창된장2.8(통),2.8*4
62-08,청정원/순창고추장500g통,500g*20
62-09,청정원/순창고추장500g봉지,500g*24
01-19-04,청정원 고급유6호 / 8세트-(BOX)/24,(카놀라유500ml*2+요리유500ml*1)*8
01-19-02,청정원 고급유3호 /4세트-(BOX),(포도씨유500ml*1+올리브유500ml*1+카놀라유500ml*2)*4
01-17-05,청정원 NH-5호 / 3세트-(BOX),NH5호/3세트
01-17-03,청정원 NH3호 / 3세트-(BOX)/32,(카놀500ml*2+올리700g*1+식초470ml*1+잇츠팜*6)*3
01-17,청정원 스페셜 NH2호/3세트,NH2호 /3세트
41-50,청수국수 2.5kg,2.5kg*6
29-22-01,천연사이다캔 250 (씩스팩),250ml*30
29-10,천연사이다캔 160,160ml*30
29-24-01,천연사이다병 340 (42),340ml*24
29-39.,천연사이다공상자,
29-39,천연사이다공병,
29-23,천연사이다 500,500ml*20
29-04-02,천연사이다 350ml,350ml*24
29-22,천연사이다 250(110),250ml*30
29-10-01,천연사이다(업소용) 190(132),190ml*30
29-24,천연사이다 1.5L(40),1.5L*12
08-55,참튀김가루/큐원삼양(50),1kg*10
25-59-05,참조은겨 그랑프리737 (15입),119*15
35-09,참맑은홍삼골드 175ml,175ml*30
52-55.,참맑은알로에 175ml (156),175ml*30
35-07,참맑은 우리집식혜 175ml (156),175ml*30
35-27,참맑은복숭아175ml (156),175ml*30
35-14,참맑은복분자캔175ml (156),175ml*30
35-42,참맑은베아르시카푸치노캔150ml (168),150ml*30
35-41,참맑은베아르시카푸치노캔175ml (156),175ml*30
35-08,참맑은벌꿀175ml (156),170ml*30
35-10,참맑은망고175ml  (156),175ml*30
35-40,참맑은꿀수박175ml,175ml*30
35-05,참맑은홍차 175ml (156),175ml*30
35-06,참맑은헛개차 175ml (156),175ml*30
35-03,참맑은우롱차175ml(156),175ml*30
35-01,참맑은옥수수수염차175ml (156),175ml*30
35-02,참맑은보성녹차175ml(156),175ml*30
35-04,참맑은둥굴레차175ml (156),175ml*30
35-02-01,참맑은녹차두유175ml,175ml*30
35-16,참맑은 참대추175 (156),175ml*30
08-01,참그린녹차뽀드득1k(용기),1k*12
08-01-01,참그린 청귤산뜻설거지,970L* 10
54-07,짜파게티멀티 (8팩) (56),(5*8)
39-920,진짬뽕(32입)/오뚜기,4입*8
39-91-03,진진짜라 {멀티],5*8
13-12,진양죽순4호,400g*24
28-08,진로파렛트,
25-50-03,진로토닉워터애플(96),300ml*24
25-50-02,진로토닉워터깔라만시(96),300ml*24
25-50-06,진로토닉워터600 (54),600ml*20
25-50-01,진로토닉워터 300ml (104),300ml*24
25-11,진로 하이트제로355ml (100),355ml*24
25-22,진로/카린스300,300ml*24
81-34,진라면큰컵(순한맛)/90,12입
81-33,진라면큰컵(매운맛)/90,12입
39-94,진라면순한맛기획 20입(63),20입
81-16,진라면소컵(순한맛)/272,6입
81-15,진라면소컵(매운맛)/272,6입
39-93,진라면매운맛기획 20입(63),20입
39-91-01,진라면[순한맛]멀티팩40 (70),5*8
39-91,진라면[매운맛]멀티팩40 (70),(5*8)
36-69.,진골드고추장14K/청정원,14kg
03-16,진간장금F-3일반(샘표)930,930*12
52-01.,죽순(홀),3kg*6
27-64,조지아커피캔오리지날 175 (156),175ml*30
31-40,조지아카페라떼 240 (99),240ml*30
31-10,조지아오리지날 240 (99),240ml*30
31-40-10,조지아맥스캔240 (132),240ml*30
27-64-1,조지아라떼175,175ml*30
31-41-06,조지아고티카콜드브루스위트아메리카노265ml(스윗),265*18
31-41-01,조지아고티카콜드브루라떼 265,265*18
81-22,조지아 크래프트 밀크라떼470,470*24
31-41-05,조지아 고티카콜드브루아메리카노 265,265*18
50-60-02,조이웰 황도 백도345g 6입*4세트-(BOX),{345g* (황3+백3)*4세트}
50-60-03,조이웰 황도 백도 망고345g 8입*3세트-(BOX),{345g*(황2+백2+망4)*3세트}
50-60,조이웰 황도 백도 망고 345g 3입*4세트-(BOX),{345g*(황1+백도1+망고1)*4세트}
50-59,조이웰 한마음 선물세트345g 8입*3세트-(BOX),{345g* (황도4+백4)*3세트}
50-60-01,조이웰 망고345g 6입*4세트-(BOX),{(345g* 망6)*4세트}
11-510,정통불고기참치150g,150g*48
11-500,정통불고기참치100g,100g*60
55-12,정관장홍삼골드100ml,(10병*10set)
55-08,정관장 홍삼원50ml (32),(50ml+30p)*5
16-03,장조림(롯데)/72,135g*48
16-07,장조림(롯데),80*48
10-10,장려금(대체.통장),
39-84,잔치국수소면900g/면사랑,900g*15
39-83,잔치국수소면3kg/면사랑 (91),3kg*4
23-51,자연은행복세트(알토감+키친)(1.5*3)*3-(BOX),(1.5*3)*3+9키친
23-53,웅진 자연은요거풋풋사과펫340,340ml*24
23-54-01,웅진 자연은요거풋풋사과1.5 (48),1.5L*12
23-54,웅진 자연은요거상큼복숭아펫340,340ml*24
23-54-02,웅진 자연은요거상큼복숭아1.5(48),1.5L*12
23-54-03,웅진 자연은 요거새콤파인애플1.5 (48),1.5L*12
23-54-05,웅진 자연은 요거상큼코코앤복숭아뚱캔340,340ml*24
01-230,자연숙성진간장1.7+500(청정원),(1.7+500)*8
01-23,자연숙성진간장1.7*8(청정원),1.7*8
29-17-01,일화헛개꿀물캔 (132),175ml*30
29-17,일화 헛개차340 (144),340ml*20
29-33,일화프레주제주감귤1.5,1.5L*12
29-12,일화파렛트,
29-17-02,일화유자꿀물캔175,175ml*30
29-00,일화 옥수수수염차340 (144),340ml*20
28-13-03,일화배도라지175,175ml*30
60-10,일화반품,0
23-40,일화 맑은하늘도라지(빙그레) 500 (72),500ml*20
23-40.,일화 맑은하늘도라지(빙그레) 340 (105),340ml*20
12-62,일화냉장고,310*20
29-18,일화꿀물캔,175ml*30
29-18.,일화꿀물(병)170*48,170ml*48
29-31,일화/녹차두유175,175ml*30
29-14,일화 한라봉제주감귤 340 (80),340ml*20
29-51,일화 프레주한라봉제주감귤240(110),240ml*30
29-50,일화 프레주복숭아 240 (110),240ml*30
29-50-01,일화 프레주망고240(110),240ml*30
29-00-01,일화 옥수수수염차캔 340 (24입),340ml*24
30-00,일화 아임보리 410(77),410*20
29-11,일화 고려홍삼디캔175*30(132),175ml*30
20-00,일렉팟 오토캐치 자동 무선충전 거치대 EP-1100,1개*박스
27-02,롯데칠성 이프로캔제로 240 (121),240ml*30
27-02-01,롯데칠성  이프로350 (98),350ml*20
27-02-03,롯데칠성 이프로1.5(45),1.5L*12
15-97,이츠웰파인(청크),3kg*6
15-98,이츠웰파인,836*12
14-51,이동크리스탈 500 (119),500ml*20
14-52,이동크리스탈 2L,2L*6
63-01,의성농협 미(20kg),20kg
63-02,의성농협 미(10kg),10kg
37-09,유한펑크린1L(50),1L*12
37-06,유한펑크린 2L(60),2L*6
37-02,유한락스후레쉬1L(55),1L*12
37-02.,유한락스후레쉬 2L(50),2L*6
37-01.,유한락스레귤러2L(50),2L*6
37-01,유한락스레귤러1L(55),1L*12
37-08,유한락스(후로날)2L,2L*6
18-03,유성신창완두콩(大),3kg*6
18-09,유성신창완두콩 400g (100),400g*24
10-08-02,유동황도슬라이스400 (96),400g*24
10-40,유동천일염고등어,400g*24
10-21-02,유동순살왕꼬막매운맛 280,280g*24
10-21-04,유동순살왕꼬막&골뱅이 280,280g*24
10-21,유동순살왕꼬막 280,280g*24
10-29,유동번데기 280g(96),280g*24
10-07,유동번데기 130 (96),130g*48
60-01,유동반품,0
10-09,유동매운골뱅이300g,300g*24
10-14,유동뚝배기번데기탕(얼큰한맛) (96),280g*24
10-14-02,유동뚝배기번데기탕(구수한맛)(96),280g*24
10-31,유동나들이어묵280g(시원한맛),280*24
10-32,유동나들이어묵280(얼큰한맛),280*24
10-15,유동꽁치덕용 (40),1.88kg*6
10-04,유동꽁치 400(96),400g*24
10-06,유동구슬골뱅이(소),140*48
10-05,유동구슬골뱅이(대),400g*24
10,유동골뱅이400+황도400,황400+골뱅400
10-03,유동골뱅이3kg,3kg*6
10-00-02,유동골뱅이300(96),300g*24
10-01,유동골뱅이(中) 230(96),230g*24
10-02,유동골뱅이(小) 140(96),140g*48
10-00,유동골뱅이(大) 400 (88),400g*24
10-13,유동고등어,400g*24
24-04,웰치스포도1.5(72),1.5L*6
24-05,웰치스포도 355 (110),355ml*24
24-06,웰치스포도 250(120),250ml*30
24-04-01,웰치스청포도1.5(72),1.5L*6
24-05-02,웰치스청포도 355 (110),355ml*24
24-05-01,웰치스딸기 355 (110),355ml*24
23-32.,웅진홍삼꿀D100*100,100ml*100
23-35,웅진헛개차500 (72)(66),500ml*20
23-012,웅진하늘보리325 (112),325ml*20
23-18,웅진하늘보리 500 (72),500ml*20
23-17,웅진하늘보리 1.5(48),1.5L*12
32-35..,웅진코코몽포도200,200ml*24
32-33,웅진코코몽사과200,200ml*24
32-34,웅진코코몽딸기200,200ml*24
23-19,웅진자연은초록매실캔 180 (132),180ml*30
23-12,웅진자연은초록매실병 180,180ml*48병
23-08,웅진자연은초록매실 500 (72),500ml*20
23-07,웅진자연은초록매실 1.5 (48),1.5L*12
23-20,웅진자연은포도병180,180ml*(12*4)
23-38,웅진자연은포도 500,500ml*20
23-31,웅진자연은포도 1.5 (48),1.5L*12
23-03,웅진자연은토마토캔175,175ml*30
23-30,웅진자연은토마토병180,180ml*(12*4)
23-301,웅진자연은토마토340,340ml*24
23-28,웅진자연은토마토1.5(48),1.5L*12
23-29,웅진자연은토마토 500(72),500ml*20
23-31-01,웅진자연은청포도1.5,1.5L*12
23-101,웅진자연은종합병(알토망) (64),180ml*48병
23-10,웅진자연은제주감귤병180,180ml*(12*4)
23-10..,웅진자연은제주감귤500,500ml*20
23-10…,웅진자연은제주감귤340,340ml*24
23-10-01,웅진자연은제주감귤 1.5 (48),1.5L*12
23-33,웅진자연은오렌지병180,180ml*(12*4)
23-15-01,웅진 자연은상큼오렌지 1.5(48),1.5L*12
23-27,웅진자연은알로에병180,180ml*(12*4)
23..,웅진자연은알로에340,340ml*24
23-23-01,웅진자연은알로에 500 (72),500ml*20
23-23,웅진자연은알로에 1.5(48),1.5L*12
23-1,웅진자연은싱그런종합(오.포.알)180,180*48
23-42,웅진자연은석류병 180,(180ml*12)*2
23-49,웅진자연은석류1.5,1.5L*12
23-34,웅진자연은사과캔,175ml*30
23-34-03,웅진자연은사과병 180,180ml*(12*4)
23-34-01,웅진자연은사과 1.5 (48),1.5L*12
23-41,웅진자연은블루베리 1.5,1.5L*12
24-44,웅진자연은복분자병180,180*48
23-48.,웅진자연은망고캔180 (132),180ml*30
23-48,웅진자연은망고병 180,180ml*(12*4)
23-50,웅진자연은망고 1.5 (48),1.5L*12
23-43,웅진자연은당근병 180,180ml*(12*4)
23-45,웅진자연은당근 1.5,1.5L*12
23-36,웅진자연은내사랑알로에캔180(132),180ml*30
23-16,웅진자연은고칼슘오렌지캔180 (132),180ml*30
23-16-01,웅진자연은고칼슘오렌지병180,180ml*(12*4)
23-14-01,웅진자연은고칼슘오렌지500,500ml*20
23-15,웅진자연은고칼슘오렌지 1.5(48),1.5L*12
81-11,웅진자연은 타트체리펫1.5(48),1.5L*12
81-12,웅진자연은 샤인머스캣펫1.5(48),1.5L*12
23--34-02,웅진은자연은사과 500,500ml*20
23-45.,웅진유기농하늘보리 200,200ml*24
23-39-01,웅진옥수수수염차1.5 (48),1.5L*12
23-05,웅진 맑게우려낸 누룽지500 (72),500ml*20
23-11,웅진아침햇살병 180,180ml*(12*4)
23-13,웅진아침햇살 500 (72),500ml*20
23-09,웅진아침햇살 1.5 (48),1.5L*12
23-41-01,웅진블루베리180병,180ml*(12*4)
60-14,웅진반품,
23-02,웅진매실캔(90)선물용,180ml*90
23-19-02,웅진 초록매실 매실청 1.5 (48),1.5L*12
23-39.,웅진맑은땅옥수수수염차캔180,180ml*30
23-332-1,웅진내사랑포도팩185,185ml*24
24-46,웅진내사랑제주감귤,1.5L*12
23-332,웅진내사랑유자병180,180ml*(12*4)
23-330,웅진내사랑유자펫280,280ml*24
21-91,웅진꿀홍삼병180 (64),180ml*(12*4)
21-910,웅진꿀홍삼280펫,280ml*24
23-32,웅진꿀홍삼1.5,1.5L*12
21-91.,웅진꿀물헛개병 180,180ml*(12*4)
23-333,웅진결명자차500 (72),500ml*20
26-25,웅진815사이다캔250,250*30
26-27,웅진815사이다1.5,1.5*12
23-44,웅진[내사랑]토마토 1.5(48),1.5L*12
24-45,웅진[내사랑]알로에1.5(48),1.5L*12
23-01-01,웅진/아침햇살캔180,180ml*30
23-01,웅진/아침햇살캔(선물용)180 (48),180*(15*6)
26-27-03,웅진 티즐 제로 피치우롱티500 (80),500ml*20
26-27-02,웅진 티즐 제로 유자그린티500 (80),500ml*20
23-22,웅진 옥수수수염차500 (72),500ml*20
200-04,운임,
21-69,우엉차0.5/남양,500*20
36-69,우리쌀진골드초고추장14kg,14kg
15-87-01,올리고당1.2(요리)1.2*500*9,1.2*500*9
15-87,올리고당1.2(리뉴얼)1.2+500*9,1.2+500*9
42-77,온장고3단,
42-76,온장고2단,
54-20,오징어짬뽕멀티/농심(56),(5*8)
01-53,오션/크랜베리 3 L,3L*6
24-40,오션/크랜베리 1.89 L,1.89*8
24-40.,오션/루비레드(자몽) 1.89 L,1.89*8
28-24-01,오로나민C 10입*5개(64),120ml*(10입*5)
28-20,오란씨파인애플250,250ml*30
28-19,오란씨파인 500,500ml*20
28-15,오란씨파인 1.5 (40),1.5L*12
28-20-01,오란씨오렌지250,250ml*30
28-19-02,오란씨오렌지 500,500ml*20
28-09,오란씨오렌지 1.5,1.5L*12
28-20-02,오란씨깔라만시250,250*30
28-21,오란씨355*24(파인),355ml*24
39-25,오뚜기카레 약간매운맛 1kg,1Kg*10
39-26,오뚜기카레 순한맛 1kg,1kg*10
39-28,오뚜기카레 매운맛 1kg,1kg*10
39-03.,오뚜기중면900g(10입),900*10
39-03,오뚜기중면900g,900g*15
60-12,오뚜기제품반품,0
39-18,오뚜기식용유18L(60),18L
39-126-05,오뚜기밥210g(8입) 72,8입*3
39-126-04,오뚜기밥210g(6입),6입*4
39-126-03,오뚜기밥210g(4입),(4입*6)
39-29.,오뚜기밥210g 24입 (64),210*24
39-29..,오뚜기밥200g (10입)/56,10입*3
39-126-02,오뚜기밥 210g (3입),3입*8
39-126-06,오뚜기밥 210g (12입) (104)(120),(12입*210g)
39-39,오뚜기마일드참치 200*36,200g*36
39-07,오뚜기 옛날당면1kg,1k*10
39-27-01,오뚜기/참깨라면멀티 4입,4*8=32
39-93-02,오뚜기/참깨라면멀티,5*8
39-27,오뚜기/참깨라면기획(5+1),(5+1)*8
39-09,오뚜기/참기름350ml캔,350ml*12
39-06-01,오뚜기/자른당면500g,500g*20
39-100,오뚜기/옛날참기름병320,320*12
39-80..,오뚜기/옛날참기름450ml(102),450ml*12
39-102,오뚜기/옛날자른당면300g(20개입),300g*20
39-06,오뚜기/옛날당면500,500*20
39-101,오뚜기/옛날당면300g(20개입),300g*20)
39-05,오뚜기/옛날당면300g,300g*30
39-93-01,오뚜기/열라면멀티,5*8
39-10,오뚜기/알뜰당면1k,1k*10
39-17.,오뚜기/식용유1.8*8,1.8*8
39-01,오뚜기/소면3k,3k*4
39-02,오뚜기/소면(900*15) (70),900g*15
39-08,오뚜기/고소한참기름1000ml,1000*8*(80)
39-94-01,오뚜기 진비빔면 (84),4*8
39-09-01,오뚜기 옛날쌀떡국 108.6g*12,181.6g*12
39-95-01,오뚜기 김치라면멀티 (84),4*8
22-57,영진구론산 스파클링오리지날 150 ml*30(64),150*30
22-56,영진구론산 바몬드오리지날 150ml*30(64),150*30
25-59,여명1004 119ml(곽),(119ml*15병)
07-31-05,엘지쓰임가득16호(엘지3호)/6세트-(BOX),6세트
07-31-06,엘지쓰임가득16호(엘지3호)/1세트,1set
07-31-02,엘지쓰임가득 두배세트*6 -(BOX),6set
07-31,엘지 생활의감동y호/6세트(32),(샴푸2+바디워시1+치약2+비누2+페리오캐5)*6
07-32,엘지1호*6-(BOX),6set
40-12,에프킬라 에어로졸 킨500*24(48),500*24
36-112,에탄올워셔액(유니켐),1.8L*12
51-04,에어캪(小)뽁뽁이,50*50
81-02,에스 미라클 타이거 스네일 80 마스크팩 25ml,25ml*12
01-50,에비앙500 (96),500ml*24
11-15,양반김4D호,8*김*24
22-61,야쿠르트파렛트,
01-26,액츠(일반)3.0/용기,3.0*4
01-28,액츠(일반)2.0/리필,2.0*2*4
01-25,액츠(드럼)3.0/용기,3.0*4
01-29,액츠(드럼)2.0/리필,2.0*2*4
45-13,애경행복3-1*5-(BOX),(3-1*5세트
02-18,애경트리오400g,400g*30
02-59,애경울샴푸1.3(리필),1.3*9
45-20,애경사랑1호*7-(BOX),7set
45-42,애경브라보주방세제14L,14L
45-14,애경3호*6-(BOX),6set
02-29-03,애경2080미세모칫솔(5+5),(5+5)*8
02-29,애경2080( 탄력모)칫솔(5+5),(5+5)*8
31-47-08,환타밀크소다 500ml,500ml*24
31-28-02,암바사 1.5L,1.5*12
01-09,농심새우깡90g / 56,90g*20
54-02,안성탕면멀티/농심,(5*8)
26-15.,아주파렛트,
20-11.,아주광동파렛트,
27-100,아이시스300/롯데칠성 (152),300*20
65-04-03,아이스헤이즐넛향 230ml,230ml*10
65-04-06,아이스티복숭아230ml,230ml*10
65-04-01,아이스테디레몬밤 천도복숭아 230ml,230ml*10
65-04-02,아이스테디레몬밤 자몽230ml,230ml*10
65-04,아이스테디 레몬밤석류230ml,230ml*10
65-04-04,아이스아메리카노블랙 230ml,230ml*10
65-04-05,아이스스위트아메리카노 230ml,230ml*10
25-27,아몬드브리즈오리지날950ml/매일,950*10
25-29,아몬드브리즈언스위트950ml/매일,950*10
29-29-05,아망아망 물티슈캡형100매*20(72),100매*20
60-18,씨제이제품반품,
100-100,씨그램플레인 350(pet),350ml*24
100-100-02,씨그램레몬 350(pet),350ml*24
100-100-01,씨그램라임 350(pet),350ml*24
100-100-03,씨그램 워터 아티스트,500*20
32-15,썬키스트훼미리포도,180ml*30
32-16,썬키스트훼미리오렌지,180ml*30
32-24-05,썬키스트제주감귤180,180ml*30
32-16-04,광동 썬키스트 자몽소다뚱캔355 (110),355ml*24
32-24-03,해태과일촌우리배175,175ml*30
32-24-14,썬키스트옥수수180,180ml*30
32-24-13,썬키스트오렌지180,180ml*30
32-24,썬키스트알로에180,180ml*30
32-24-08,썬키스트석류180,180ml*30
32-16-12,썬키스트샤인온더비치뚱캔340,340ml*24
32-24-12,썬키스트사과 180,180ml*30
32-16-11,썬키스트블루하와이뚱캔340,340ml*24
32-24-06,썬키스트블루하와이180,180ml*30
32-16-13,썬키스트모히또뚱캔340,340ml*24
32-16-03,썬키스트멜론소다뚱캔355,355ml*24
32-24-01,썬키스트매실180,180ml*30
32-24-02,썬키스트망고180,180ml*30
32-40,해태 미닛메이드 레몬에이드뚱캔340,340ml*24
32-38-02,썬키스트드링크포도240,240*30
32-38-06,썬키스트드링크제주자몽240,240*30
32-38-05,썬키스트드링크제주감귤240,240*30
32-38,썬키스트드링크오렌지240,240*30
32-38-04,썬키스트드링크석류240,240*30
32-38-01,썬키스트드링크사과240,240*30
32-38-07,썬키스트드링크망고240,240*30
32-38-03,썬키스트드링크 머스캣240 (청포도),240*30
32-24-11,썬키스트 머스캣 180 (청포도),175ml*30
23-25-14,썬키스트 로보카폴리포도 210,210*20
23-25-15,썬키스트 로보카폴리사과 210,210*20
23-25-16,썬키스트 로보카폴리딸기 210,210*20
32-24-09,썬키스트 과일사이다 체리  380ml,380ml*24
32-24-10,썬키스트 과일사이다 딸기키위 380ml,380ml*24
32-24-07,썬키스트 과일사이다  파인애플 380,380ml*24
81-19,썬키스트 겨울왕국포도210,(210*20)
81-18,썬키스트 겨울왕국딸기210,(210*20)
36-01,썬연료부탄가스*28입 (80/70),4*7 (80/70)
32-35,써니텐포도250*30,250ml*30
32-51,써니텐포도1.5,1.5L*12
32-35.,써니텐파인250*30,250ml*30
32-52,써니텐파인1.5,1.5L*12
32-36,써니텐파인0.5*20,0.5*20
32-12,써니텐오렌지1.5,1.5L*12
27-03-01,실론티(업소)175(154),175ml*30
27-03,실론티 250 (121)(110),250ml*30
25-59-03,신형 여명808 (15*6곽),119ml*90
54-01,농심 신라면멀티 (56),(5*8)
54-04,신라면30입,30개
31-17,스프라이트캔 355(업소) (88/100),355ml*24
31-09-09,스프라이트제로1.5 (일반)/44,1.5L*12
31-09,스프라이트(일반) 1.5 (55),1.5L*12
31-09-01,스프라이트(업소) 1.5 (44)(40),1.5L*12
31-09-05,스프라이트 500(일반)/48,500ml*24
31-09-06,스프라이트 500(업소용)/48,500ml*24
31-17-01,스프라이트 250(99),250ml*30
31-17-02,스프라이트 190,190ml*30
31-09-02,스프라이트 1.5(일반)6입,1.5L*6
45-07-03,CJ특별한선택N호/4세트(24),(스팸클200g*7+참330ml*1+카놀500ml*2)*4
45-12,스팸특별한선택 N2호 / 4세트-(BOX)/24,스팸7+참기름1+식용유2
15-04,스팸클래식340(96),340g*20
15-22,스팸클래식200g(3입),200g*(3*8)
15-23,스팸기획클래식340g(4입),(340g*4)*8
15-03,스팸클래식 200 (160),200g*20
45-25,스팸복합NH호*4-(BOX),(스팸소6+카놀1+요리유1)*4set
45-27,CJ스팸복합2호 / 4세트(32),(스팸클200g*6+카놀라유500ml*3)*4
45-11,CJ스팸복합1호 / 5세트(24),(스팸클200g*6+카놀라유500ml*2)*5
15-04-03,스팸기획340(클3+마일드1)*8(56),(340g*4)*8
15-03-04,스팸기획200(클5+마1)*8,(클200*5+마200*1)*8
15-03-08,스팸기획200(클2+마2)*8,(2+2)*8
15-03-09,스팸기획200(클*3+마*1)*12 (56),(3+1)*12
45-21,CJ스팸8호 / 5세트 (40),(스팸클200g*9)*5
45-06,CJ 스팸8E호 / 5세트-(BOX) (40),클래식7EA+마일드2EA
45-05,CJ스팸6호/4세트(40),(스팸클래식200g*12)*4
45-09,스팸5호,대16소24
45-10-01,CJ스팸3호/4세트 (40),(스팸클200g*6+스팸클340g*6)*4
45-02,스팸2호*4세트(box),(340*12)*4
15-04-02,스팸마일드 25% 라이트 340(96),340g*20
15-03-03,스팸마일드 25% 라이트 200(160),200g*20
15-26.,스팸200기획 클래식(200*6)*6,(클래식200*6)*6
15-50,스팸200(클200g*4+마200g*2),(4+2)*6
45-08,CJ스팸1호/4세트(18),(스팸클래식340g*12)*4
15-27,스팸(클래식340*4+마일200*2),클래식340*16+마일드200*8
27-91..,스파클링유자뚱345,345ml*24
02-16,스파크R 5.5k(48),5.5k+3
02-17,스파크5k(지합)-카툰,5k*3
02-15,스파크3k(리필)(60),3k*4
02-13,스파크1kⓒ,1k*10
02-12,스파크 시그니처리필 9kg.,9kg*2
02-17.,스파크 시그니처리필 9kg,9kg*2
02-14,스파크 11 k,11k*2
200-05-01,스트레치랩(공업용),20t*500*4
24-704-03,동서스타벅스브렉퍼스트브렌드블랙275ml,(275ml*24)
24-704-06,스타벅스더블샷스파이크플레이스로스트블랙(캔)200ml(108),200ml*36
24-704-05,스타벅스더블샷아메리카노(캔)200ml(108),200ml*36
24-704-02,동서스타벅스 파이크플레이스로스트블랙275ml,(275ml*24)
24-704-01,스타벅스 시그니처초콜릿 275ml,(275ml*24)
24-704,동서스타벅스 더블샷 에스프레소&크림275ml,(275ml*24)
24-704-04,스타벅스 더블샷 에스프레소&크림(캔)200ml(108),200ml*36
39-91..,스낵면멀티40입/오뚜기(64),5*8
61-58-01,쉐프솔루션 황태국 1.2kg,1.2kg*8
61-58-04,쉐프솔루션 미역국 1.2kg,1.2kg*8
61-58-03,쉐프솔루션  소고기 해장국 1.2kg,1.2kg*8
61-58-02,쉐프솔루선 육개장 1.2kg,1.2kg*8
01-20.,순창현미태양초고추장2.8(500+450)*4,(2.8+500g쌈장+450g고추장)*4
01-20,순창현미고추장(2.8+450g)*4,(2.8+450g)*4
01-19..,순창초고추장500*15,500*15
07-22.,순창재래식된장500g봉지,500g*12
01-22.,순창재래된장 4.8,4.8*2
40-04,순샘베리1.2*10,1.2*10
27-05..,솔의눈1.5,15.m*12
27-05,솔의눈 240 (121),240ml*30
1000-04,손소독제알엑스,500ml*20
1000-02,손소독제마시멜로,500ml*20
60-32,세제제품반품,0
36-04,세이프부탄*28입 (64),4입*7
22-61-01,석수파렛트,
30-02,석수2L,2L*6
36-83-03,서연명품종이컵 (84),(6.5온스*20)
28-60,생생톤180ml*40/동화,180ml*40
28-60-02,생생톤100ml*100/동화,100ml*100
25-273,광동생강쌍화 120ml,120ml*100
03-17..,샘표진간장금S (2번들기획),1.8L*2*3=6
03-22-01,샘표진간장금F-3(금F3 1.7+금F3 500) (36),(금F3+금F3 500)*6
03-18-02,샘표진간장금F3 1.7+맛간장500M(36),1.8L*500*6
03-07,샘표진간장금F-3   1.8+조림500,1.8*6
03-17.,샘표진간장S(1.8+0.5),(1.8+0.5)*6
03-12,샘표양조간장501(930+3*4set),930+(3*4)
03-18-05,샘표양조간장501 1.7ML +양조간장930ml),1.7L*6
03-18-03,샘표양조간장501 1.8L+맛간장930ML(32),1.8L*930*6
03-18-04,샘표양조간장501 (930ml*2+맛간장930ml),(930*3)*4
03-18,샘표양조간장501 (930*12),930*12
03-18-06,샘표양조간장 701 1.8lML +701양조930,1.8*6
03-20, 샘표진간장1.7 금S (64),1.7*6
03-10,샘표금F3 1.8+국간장500,(1.8+500)*6
3-24,샘표/참숯깔끔한양조간장1.8,1.5L*6
03-18-01,샘표/양조간장501(1.8*6),1.8*6
55-11,새싹보리차500ml,500ml*24
25-17-01,상하목장 우유 125ml,125*3*8
19-20,삼포황도슬라이스 (80),400g*24
19-34,삼포황도3kg,3kg*6
60-23,삼포제품반품,0
19-17,삼포번데기 (80),130g*48
19-02,삼포골뱅이(소),140g*48
19-01,삼포골뱅이(大),400g*24
54-19,삼양불닭볶음탕면(4+1)멀티,(4+1)*8
54-11,삼양불닭볶음면(5+1) (48),140*48(5+1)
54-10,삼양라면멀티 (56),(5*8)
54-10-01,삼양라면기획(5+1)/(48),120*48(6*8)
18-01,삼아완두콩400g,400g*24
18-02,삼아베이크빈스400g (88),400g*24
60-33,삼아반품,0
200-06,삼성헛개모닝이중캡 100ml,100ml*100
25-40-02,삼성까스명수75(60입),75*60
25-40-01,삼성까스명수75(30입),75*30
25-40,삼성까스명수 (50),75ml*100
30-05-01,삼다수500(112)/16+4,500ml*20
81-32,삼다수330,330ml*20
30-04-01,삼다수2L(96)/5+1,2L*6
30-05,삼다수 500 (112),500ml*20
30-04,삼다수 2L (96),2L*6
22-07,산타페헤이즐럿 (156),175ml*30
22-03,산타페 오리지날 캔 175 (156),175ml*30
60-28,사조반품,0
15-36,사조마을태양초참맛고추장14kg,14kg
15-37,사조마을콩재래된장14kg,14kg
81-08-02,뿌요소다(파인)245(6입),(245*6)
81-07,뿌요소다(파인)245,(245*24)
81-08,뿌요소다(오렌지)245(6입),(245*6)
81-06,뿌요소다(오렌지)245,(245*24)
22-14-01,뽀로로홍삼쏙쏙오렌지,(100*10)*4
22-14-03,뽀로로홍삼쏙쏙(포도블루베리),(100*10)*4
22-14-02,뽀로로홍삼쏙쏙(사과매실),(100*10)*4
22-16-02,뽀로로워터젤리(포도),120ml*40
22-16-03,뽀로로워터젤리(복숭아),120ml*40
22-14,뽀로로샘물 250,250ml*20
22-16-05,뽀로로과일맛젤리(3입),150(3입)*24
22-11-01,뽀로로[사과](117),235ml*24
22-13,뽀로로[블루베리] (117),235ml*24
22-12,뽀로로[보리차] (117),220ml*24
22-10-14,뽀로로[바나나](117),235ml*24
22-11,뽀로로[밀크](117),235ml*24
22-10,뽀로로[딸기] (117),235ml*24
43-60-01,빙그레 보이차500mI(105),500ml*20
08-52,비트4.5k (64),4.5kg*3
08-48.,비트3kg*4,3kg*4
08-48,비트3k  (2*3),2*3=6
08-47.,비트3.2,3.2*4
08-47,비트2.7(80),2.7k*4
08-49,비트(드럼)2.8,2.8*4
08-51,비트(드럼)2.5리필,2.5*4
27-27,비타파워병100/롯데칠성,100ml*100
22-18,비락진홍삼 140,140ml*40
22-01-01,비락식혜캔(유통용) 238(40),238ml*72
22-01,비락식혜캔 (40),238ml*72
22-05,비락식혜350(단종),350*12
22-01-05,비락식혜340뚱캔(24입),340ml*24
22-01-04,비락식혜238 (24입)/120,238ml*24
22-05.,비락식혜 500(120),500ml*12
22-04,비락식혜 1.8 (48),1.8L*8
22-02,비락수정과캔,238ml*72*(40)
22-02-01,비락수정과 1.8 (48),1.8*8
22-30,비락수정과,952*12
22-06,비락생칡즙 100ml,100ml*40
22-08,비락밥알없는식혜 175 (143),175ml*30
22-01-02,비락바나나 식혜캔 238ml,238*72
30-12-01.,블랙보리제로라이트 520ml,520ml*20
30-12-03,블랙보리라이트캔 175 (144),175ml*30
30-12-01,블랙보리 520ml (72),520ml*20
30-12,블랙보리 340ml(104),340ml*20
30-12-02,블랙보리 1.5L (52),1.5L*12
77-01,부가세 10%,
29-29-02,보보레레 물티슈캡형(100매*20) (72),100매*20
29-29-01,보보레레 물티슈캡형 (100*30)(48),100*30
29-29-03,보보레레 물티슈 (100*10),110*10
81-14,베트남 스리라차칠리핫소스755g,755g*1EA
81-13,베트남 스리라차칠리핫소스510g,510g*1EA
15-46.,백설흰설탕5kg,5kg*4
15-42-02,백설하얀설탕3kg (64),3kg*6
15-40,백설하얀설탕1kg(88),1kg*16
15-44,백설하얀설탕15kg(84),15kg
08-25,백설프리미엄N호*5셋트,카놀+요리유+해바라기
08-25..,백설프리미엄14호-(set),1set
08-20-01,백설포도씨유500ml(108)- 24년 5/1일까지,500ml*12
08-26,백설포도씨유3호,500g*3*5
08-32,백설 포도씨유 900ml (70),900ml*12
45-19,백설특선2호,스팸소4카놀2참기름80*1천일염대1소2
45-12-04,CJ특별한선택골드라벨/3세트(20),(스팸클*12+카놀*2+요리올*1+프락토*1)*3
08-28,백설콩식용유1.8(40),1.8L*10
08-31.,백설콩식용유 900,900ml*20
08-42,"백설콩기름1,8 L(40)","1,8 L*12"
08-20,백설카놀라유500g(108)- 24년 5/1까지,500ml*12
08-31,백설옥수수유900,900*20
08-35.,백설옥수수기름1.8,1.8L*12
08-41,백설옥배유18L,18L
08-35,백설옥배유(1.8),1.8L*12
08-29,백설식용유5호*5-(BOX),(1.8*2set)*5
08-27,백설식용유2호,1.8*3*3
08-30,백설식용유18L,18L
08-33,백설식용유1.8g+500g*6,1.8+500*6
45-18-02,CJ 스팸8K호/5세트(40),클래식6+마일드3
61-58-06,백설비비고육개장500g(78),(500g*18)
61-58-10,백설비비고 콩나물 황태국500g (78),500g*18
11-56-02,백설비비고 전복죽450g,(450*21)
11-56-03,백설비비고 소고기죽450g,(450*21)
61-58-08,백설비비고 소고기장터국밥500g (78),500g*18
61-58-07,백설비비고 소고기미역국500g (78),500g*18
61-58-09,백설비비고 소고기무국500g(78),500g*18
61-58-11,백설비비고 설렁탕500g (78),500g*18
61-58,백설비비고 사골곰탕500g(78),500g*18
11-56-04,백설비비고 버섯야채죽450g,(450*21)
61-58-12,백설비비고 두부김치찌개460g (78),460*12
15-48,백설다시다2k  (72),2kg*6
15-46,cj제일제당 갈색설탕5kg,5kg*4
15-43-03,백설갈색설탕3kg*6(브라운)(64),3kg*6
15-40-03,백설갈색설탕1kg*16(88),1kg*16
15-45,백설갈색설탕15kg(78),15kg
08-32-02,백설 카놀라유 900ml(70),900ml*12
36-82..,백설/포도씨유+카놀라유(900+900)*6,(900+900)*6
08-36,백설/참진한 참기름병 320ml (90),320ml*12
08-37-01,백설/참진한 참기름400ml (144),400*12
08-37,백설 고소함가득 참기름330ml*39캔,330m*39캔
08-38,백설/진한참기름1000m,1000m*6
15-13.,백설/요리당 2.45kg,2.45*6
15-20,백설/ 쇠고기 다시다1kg,1kg*10
15-19,백설/ 쇠고기 다시다500g,500g*20
15-82,백설/ 쇠고기 다시다300g (49),(300g*10)*4
15-19.,백설/다시다25kg,25kg
15-17,백설/다시다100,100*80
81-17,CJ제당 제일제면소면3kg,3kg*4
15-87-03,백설 프락토올리고당1.2 (80),(1.2kg*9)
15-87-04,백설 요리올리고당1.2 (80),(1.2kg*9)
81-20,백설 따끈한밥200g (40),200g*(8*6)
14-56,백산수500ml,500*20*(64)
14-57,백산수2L,2.0*6
03-06,백광향락스2L,2L*6
03-05,백광트래펑2L(60),2L*6
03-05.,백광트래펑1L(50),1L*12
60-20,반품(태동유통한달반품),0
200-01,반품,
02-30,반려동물 칫솔 (핑크.블루),칫솔*1개
28-31-01,박카스맛 젤리50g,(50g*40)
28-30,박카스 F 120ml * 100병,120ml*100
27-04,밀키스캔250 (110),250ml*30
27-04-01,밀키스340ml뚱캔(99),340ml*24
27-04-03,밀키스1.5 (50),1.5L*12
27-04-02,밀키스 500 (84),500ml*20
200,미지원금액,
06-08.,미장센[안티]에이징680,680ml*6
06-20.,미장센[스칼프]케어680,680ml*6
06-20,미장센[데미지]케어680,680ml*6
06-09,미장센(안티에이징),(500*3)*6
38-05,미인활액 75ml,75ml*120
01-07.,미원500g봉지,500g*80*4봉
01-07,미원500g(포),500*40
01-11.,미원2kg봉지,2k*10
01-11,미원2k,2k*10
36-23.,미원25kg(s),25kg
01-10.,미원100g봉지,100g*20
01-10,미원100g(포),100g*20*10
36-23,미원(노말)25kg,25kg
28-53-03,미에로1.2L(기획증정용),(1.2L*12)기획증정
28-51,미에로(병) 210 / 현대 (56),210ml*40
28-50,미에로(병) 100 / 현대 (40),100ml*100
28-52,미에로 350 / 현대 (77)(70),350ml*24
81-26,미에로 1.2L(마트킹전용),1.2*12
28-53,미에로 1.2L일반(48),1.2L*12
27-14-02,미린다파인500,500ml*20
27-40-01,미린다1.25(파인),15*12
27-40,미린다1.25(오렌지),1.5L*12
52-11,미드미락교3kg,3kg*6
31-18-01,미닛메이드 시그니처 포도 350,350ml*24
15-08-01,미닛메이드포도 1.5,1.5L*12
15-08-03,미닛메이드토마토1.5,1.5L*12
31-91-04,미닛메이드조이사과195팩,(195ml*32)
31-19-01,미닛메이드조이오렌지195팩,(195ml*32)
15-08,미닛메이드 시그니처오렌지1.5,1.5L*12
31-18,미닛메이드 시그니처 오렌지 350,350ml*24
15-08-02,미닛메이드알로에1.5,1.5L*12
31-18-02,미닛메이드 시그니처 알로에 350,350ml*24
31-19,미닛메이드알로에 175 (126),175ml*30
31-19-08,미닛메이드매실캔175 (126),175ml*30
15-08-04,미닛메이드망고1.5,1.5L*12
15-08-05,미닛메이드 제주감귤1.5,1.5L*12
31-19-02,미닛메이드조이망고195팩,(195ml*32)
01-56,미니바설탕(일반)5kg,(5g*100)*10
05-51.,무궁화하얀비누,(230g*4)*8
05-57,무궁화표백비누230g,(230g*4)*8
05-51,무궁화세탁비누,(230g*4)*8
14-53-02,몽베스트2L*6(96),2L*6
14-52-01,몽베스트 500ℓ*20(119),500ml*20
14-52-02,몽베스트 330ml*20(170),330ml*20
14-53-01,몽베스트 1ℓ*12입 (98),1L*12
52-46-02,몰티져스버튼32g,32g*36봉
31-03-06,몬스터파이프라인펀치(진한핑크),355ml*24
31-03-04,몬스터파라다이스(녹색)355,355ml*24
31-03-01,몬스터 에너지울트라(흰색)355(108),355ml*24
31-03-02,몬스터 에너지그린(검정초록) 355(108),355ml*24
31-03-03,몬스터 에너지울트라시트라(노랑)355,355ml*24
23-85-01,목우촌캔햄(뚝심200),200g*24
23-85,목우촌뚝심300,300*24
23-84,목우촌뚝심(캔햄1호)(98),340g*24
28-63,모닝케어레이디,100ml*50
28-62,모닝케어강황,100*50
28-61,모닝케어/동아 (100),100ml*50
28-61.,모닝케어(낱병),낱병
52-004,명진)표고버섯(슬),3kg*6
39-84-06,명성곰표국수3kg,(3kg*6)
28-70,멕소롱 골드액 75ml,75ml*100
36-08,메가부탄4*7 (64),4*7
28-61-05,맨스킨(콘돔)10입*24,(10p*10)*24
28-61-06,맨스킨(콘돔)10입,(10p*10)
29-01-03,맥콜캔 350 (100),350ml*24
29-20,맥콜캔 160 (업소용)(143),160ml*30
29-01-01,맥콜250캔(씩스팩),250(6*5)
29-02-02,맥콜1.5 6입(72),1.5*6
29-03,맥콜 500 (66),500ml*20
29-01,맥콜 250 (110),250ml*30
29-19,맥콜 190 업소용(132),190ml*30
29-02,맥콜 1.5 (40),1.5L*12
24-31,맥심화이트골드50t(연아),50*18
24-59,맥심화이트골드230T,230T*4
24-14,맥심화이트골드180T(연아),(180+20)*4
24-28-02,맥심티오피스위트아메리카노 380ml(96),380ml*20
24-28-03,맥심티오피 더블랙 380ml(96),380ml*20
24-28-01,맥심티오피 마스터라떼 380ml(96),380ml*20
24-12-05,맥심부드러운블랙100T/모카 (60),100T*8
24-12-06,맥심부드러운블랙100T(오리지날),100T*8
24-12-07,맥심부드러운블랙100T(아라비카),100T*8
24-11-03,맥심모카골드기획(50T+20T),(50+20)*12
24-12,맥심모카골드90T(50+20+20),50*8
24-11,맥심모카골드50T*18(30),50T*18
24-11-02,맥심모카골드50T (2+1기획)(50t*2+50t)*6볼,(50t*2+50t)*6볼
24-71,맥심모카골드240T,240*4
24-15-03,동서맥심모카골드230T*4(30),230T*4
24-15-05,동서맥심모카골드22호(230T)가방형(30),230T*4
24-15-02,맥심모카골드210T,210T*4
24-15-01,맥심모카골드20호/4세트( 200T)-(BOX),200T*4
24-10,맥심모카골드20T(56),20T * 24
24-12-01,맥심모카골드100T (30),100T*8
24-12-08,맥심모카골드(기획)120T,{40*(2+1)}*6 (28)
24-11-04,맥심모카골드 90T+10,90T*8
24-15-08,맥심모카골드 250T,250T*4
24-12-10,맥심모카골드 180+20(36),(180*20)*4
24-12-09,맥심모카골드 150+20(30),(150T+20)*6
24-071-06,맥스웰콜롬비아나 마스터스위트블랙 500,500ml*20
24-071-07,맥스웰콜롬비아나 마스터블랙500,500ml*20
24-071-05,맥스웰콜롬비아나 마스터라떼500,500ml*20
24-16.,맥스웰커피믹스230T,230T*4
24-16,맥스웰하우스 커피믹스100T,1.2*8
24-01-02,맥스웰캔커피200 식스팩,200*36
25-07-01,매일두유 초콜릿 190ml,190*24
25-07-02,매일허쉬드링크초콜릿 235 (팩),(235ml*6)*4 (24입)
20-16,매일파렛트,
25-01,매일카페라떼마일드컵 (126),220ml*10
25-01-01,매일카페라떼마일드로어슈거,220ml*10
25-17-02,매일/멸균초코우유200,200ml*24
25-17-04,★면세★ 매일멸균우유 1L,1L*10
25-04,매일까페라떼카푸치노컵 220 (180)-단종,220ml*10
25-02,매일카페라떼카라멜마끼아또컵 (126),220ml*10
25-14-03,매일/뼈칼호두&땅콩미드팩190(16*4),190ml(16*4)
25-14-06,매일/뼈칼슘호두&땅콩미드팩190(24*3),190ml(24*3)
25-142,매일/뼈칼슘두유 헬리캡(담백한)(95),950*10
25-14-04,매일/뼈칼두유담백미드팩190(24*3),190ml(24*3)
25-14-01,매일/뼈칼두유담백미드팩190(16*4),190ml(16*4)
25-14-05,매일/뼈로가는고칼슘검은콩미드팩 단상자 190(24*3),190ml(24*3)
25-14-02,매일/뼈칼검은콩진미드팩 190(16*4),190ml(16*4)
25-08-03,매일/바리스타-카라멜딥프레소,250ml*10
25-08-01,매일/바리스타-에스프레소라떼,250ml*10
25-08-04,매일/바리스타-스모키,250ml*10
25-08-02,매일/바리스타-모카프레소,250ml*10
25-08-05,매일/바리스타-로어슈거,250ml*10
25-17,★면세★매일/멸균소화가잘되는우유 190,190ml*24
27-98,망고페트400/롯데칠성,300*24
01-12,맛소금500g포,500*40
01-12.,맛소금500g봉지,1봉지
01-14.,맛소금250g봉지,1봉
01-14,맛소금250g,250g*80
01-13.,맛소금1kg봉지,1kg*4
01-13,맛소금1k,1k*(5*4)=20
01-15,맛소금100g(포),100g*(20개*10봉)
01-15.,맛소금100g(봉지),100*20
27-33..,마운틴듀400/롯데칠성,400*20
27-330,마운틴듀355ml뚱캔 (99),355ml*24
27-33.,마운틴듀1.5,1.5L*12
27-91-02,립톤아이스티복숭아뚱캔355/99,355ml*24
30-29.,립톤복숭아캔240/롯데칠성,240*30
27-91,립톤복숭아500/롯데칠성,500ml*20
28-22-01,리뉴얼 오라떼피치캔(복숭아),240*30
28-22-02,리뉴얼 오라떼오렌지캔,
28-22-04,리뉴얼 오라떼애플캔,240*30
55-04-04,르블렌 자몽히비스커스 500ml*24BT,500ml*24
21-108-02,루카스 나인바닐라라떼 30T (84),30T*4
21-118,루카스나인돌체라떼 30T,30T*4
21-108-03,루카스나인그린티라떼 30T,30T*4
21-108-13,루카스나인 티라미수라떼30T,30t*4
21-108-04,루카스나인 스위트라떼 30T,30T*4
21-107-02,루카스나인 바닐라라떼10t,10*10
21-107-01,루카스 나인라떼10t,10*10
21-108-01,루카스 나인라떼 30T (30),30T*4
21-108-05,루카스 나인더블샷라떼 30T (30),30T*4
21-203,루카스 나인더블샷라떼 10T,10*10
36-99,롯데후르츠칵테일(3.05kg),3.05*6
60-21,롯데햄제품반품,0
36-93,롯데파인애플(슬)836g,836*12
36-98,롯데파인애플(3.05kg),3.05*6
27-50,롯데파렛트,
16-93,롯데콩식용유(18L),18L
60-05,롯데칠성반품,0
65-05,롯데에비앙330,330ml*24
38-08,롯데스위트콘(소)410g,410g*24
38-07,롯데스위트콘(대)2.85kg,2.95kg*6*(56)
16-24-01,롯데프리미엄 복합4호/3세트(BOX),런천200*12
16-31-02,롯데 프리미엄 런천미트2호/ 3세트 -(BOX)(42),200g*16*3set-(BOX)
16-06,롯데런천미트(小)200  (143),200g*24
81-23,롯데고향집식혜175,175ml*30
16-04-02,롯데고추장고기볶음80g,80g*48
27-75,롯데/제주감귤캔175(143),175ml*30
27-75-01,롯데/옥수수수염차175(143),175ml*30
27-77-01,롯데/오렌지175 (143),175ml*30
27-51-02,롯데/쌕쌕(포도)238ml,238ml*72
27-51,롯데/쌕쌕(오렌지)238ml,238ml*72
27-76,롯데/석류캔175(156),175ml*30
27-78,롯데/사과캔 175 (143),175ml*30
27-78-04,롯데/비타파워180,180ml*30
27-77,롯데/매실캔175 (143),175ml*30
27-751,롯데/망고캔175 (143),175ml*30
27-33,롯데/마운틴듀캔,250ml*30
27-42,롯데/델몬트제주감귤1.5 (44),1.5L*12
27-78-05,롯데/델몬트알로에180 (143),180*30
81-29,롯데 칸타타 아이스카라멜마끼아또 파우치230,230*(10*5)
81-30,롯데 칸타타 아이스헤이즐넛 파우치230,230*(10*5)
81-28,롯데 칸타타 아이스 스위트아메리카노제로 파우치230,230*(10*5)
81-27,롯데 칸타타 아이스블랙 파우치230,230*(10*5)
21-04-01,롯데 초가을우엉차500(50),
81-25,롯데 수미네잔치집식혜뚱340 (100),340ml*24
81-24,롯데 잔치집식혜240,240*30
16-01,로스팜 97%(마일드)340(91),340g*24
16-02,로스팜(마일드)200(143),200g*24
27-103-03,레쓰비카페타임모닝커피240/롯데칠성,240*30
27-103,레쓰비카페타임라떼240(110),240ml*30
27-103-05,레쓰비연유커피240,240*30
27-103-02,레쓰비아메리카노240,240*30
27-103-04,레쓰비솔트커피 240,240*30
27-07-05,레쓰비모카라떼175,175ml*30
27-07,레쓰비175(156)(143),175ml*30
27-07-01,레쓰비(업소용) 150(165),150ml*30
27-12-01,레쓰비 마일드 240,240ml*30
27-12,레쓰비 마일드 190 (144),190ml*30
27-106,레몬에이드캔240/롯데칠성,240*30
200-05,랩/아주,
60-30,라면제품반품,0
80-80-06,디스파서블 페이스  마스크,1곽*50입
38-11,동화지파크에너지드링크,250ml*30
38-09-05,동화 부채표쌍화원100ml(55),100*100
28-60-04,동화생생톤120ml(50병),120ml*(10병*5)
25-25,동화비타천플러스100ml,(100ml*10)*10
38-09,동화까스활액75ml(120입),75*120/50
38-09-02,동화까스활액75(40입),75*40
38-09-01,동화까스활액75(30입),75*30
38-09-03,동화까스활75ml (60입),75ml*60
38-10,동화/쌍화골드도라지,100ml*100
46-04,동표을지로골뱅이400g,400g*24
46-04-02,동표을지로골뱅이140g,140g*48
46-04-01,동표을지로골뱅이 230 (96),230g*24
46-01.,동표번데기탕130,130g*48
46-03,동표번데기280g(96),280g*24
46-01,동표번데기128g(단종),128g*48
60-50,동표반품,0
46-09,동표갯골뱅이400,400g*24
11-61,동원황도(슬라이스) (88),400g*24
11-60,동원황도(2절),400g*24
11-45,동원화끈한골뱅이400,400g*24
12-11,동원홍차순복숭아맛175 (144),175ml*30
50-23..,동원혼합46호-(set),(원소12+리챔소3)
12-20-01,동원헛개열매500,500ml*20
50-08,동원행호/3세트-(BOX),150g*30*3set
50-2911,동원행호-(set),1set
50-291,동원행호,30*3set
11-46,동원포도씨유참치250g,250g*36
11-52,동원포도씨유참치(중),150*48
11-47,동원포도씨유참치(소),100*60
11-32.,동원파인애플836g(24입)(48),836*24
11-31,동원파인애플234g,234*24
52-27,동원특15호/5세트-(BOX)/24,5set(참치150*6+카놀500*2)
12-34,동원쿨피스 파인애플뚱캔350,350ml*24
50-24-01,동원튜나런천67호 / 4세트-(BOX)/30,(살코기135g*12*런천200g4)*4
50-18,동원캔57호/4세트 (30),살코기150g*12+리챔200*4)*4
50-01,동원친호 / 6세트-(BOX)/40,참치150*12
50-03,동원친100호 / 6세트-(BOX),참치100*12
12-36,동원청매실병,180ml*48
11-01,동원참치살코기라이트(원소)100g,100g*60
11-02,동원참치살코기(원중)150g,150g*48
11-03,동원참치살코기라이트 200g,200g*36
11-04,동원참치마일드200g (104),200g*36
11-40-02,동원참치기획쿡담-3입(참치150*3)*12,(150*3)*12
11-40-08,동원참치기획쿡담3입(살코기135*3)*12,(살코기135*3)*12
81-21,동원참치기획DHA150(36입),(150*36)
11-40-03,동원참치기획(원중3+매운고추참치150 1),(3+1)*12
11-40-04,동원참치기획(원중2+DHA150 1+마일드150 1),4*12
11-40,동원참치기획(살코기100g*4+고추100g*4)*10 (80),(살코기100g*4+고추100g*4)*10
11-40-07,동원참치기획(뉴쿡담)-8입/(살코기150*6+DHA150*2)*6 (96),(살코기150*6)+(DHA150*2)*6
11-40-013,동원참치기획(LA 100*2+매운고추100*2)*20,(LA100*2+매운고추100*2)*20
11-40-05,동원참치기획(DHA100*2+매운고추100*2)*20,(DHA100*2+매운고추100*2)*20
11-05-10,동원참치기획 살코기(150*3)*12,(150g*3)*12
11-40-112,동원참치기획 고추150g*12캔(360),(고추참치 150g*12캔)
11-40-01,동원참치기획 (참치150*2+고추150*2),4*12
11-40-003,동원참치기획 살코기 150*12(360),(살코기 150*12)
11-40-06,동원참치기획 (뉴쿡담)-4입/(150*1+100*3)*12,(살150*1)+(살100*3)*12
50-39,동원참치10호/4세트-(BOX),150참치12*런천소4*4set
11-21-02,동원참치1.88(덕용) (80),1.88kg*6
11-61-02,동원지중해황도410g(176),410*12
11-61-05,동원지중해황도(슬)410g (176),(410g*12)
11-98,동원장려금,
60-03,동원음료반품,0
50-07,동원유호/8세트-(BOX)/42,150*9*8set
11-102,동원원(소)4+마일드(소)2,6*10
12-25,동원우롱차175*30(216),175ml*30
11-42,동원올리브참치(중),150*48
11-41,동원올리브참치(소),100*60
11-43,동원올리브참치(빅)250g,250g*36
50-15,동원올리브유2호,
50-20-01,동원올리브김식탁24P/3세트-(BOX) (24),8*3
50-16,동원올리브4호,올리브(선물용)
12-37-02,동원옥수수수염차350(24입)/91,350ml*24
12-12,동원옥수수수염175(144),175ml*30
10-01-03,동원 양반오미자500,500ml*24
60-02,동원에프앤비(참치)반품,0
11-08,동원야채참치150g,150*48
11-07,동원야채참치100g,100g*60
12-52,동원알로에1.5,1.5L*12
12-31,동원아침포도병,180ml*48
12-56,동원아침토마토1.5/단종17.2,1.5L*12
12-33,동원아침당근,180ml*48
12-29,동원식혜 238 (24入)(140),238ml*24
12-15,동원식혜 (상용3호) (50),238ml*72
12-15.,동원식혜 (단종),238ml*30
11*,동원식용유18리터 (60),18L
16-28-03,동원스페셜11호/4세트(참150*6.런200*3.요500*2),참150*3+런천200*3+요리500*2
11-13,동원스위트콘미국340(96),340g*24
11-12-02,"동원스위트콘덕용大(태국) 2,950g (56)","2,950g*6"
11-12,동원스위트콘大(미국) 2.1k,2.126*6
11-12-01,동원스위트콘340(프랑스)/144,340*12
11-70,동원순닭가슴살135g,135g*36
11-87,동원쇠고기육포(40g),40g*30
50-05,동원선호/4세트-(BOX)/32,참치150 *18/4set
12-04-02,동원샘물 아쿠아포레330(126),330ml*20
12-04-01,동원샘물 500 (112),500ml*20
12-04-03,동원샘물 300(140),300*20
12-04,동원샘물 2L(96),2L*6 (96)
12-51,동원상쾌한종합병(알.토.오.청매실)180ml,180*48 (56)
12-05,동원상쾌한아침홍삼병180ml(56),180ml*48 (56)
12-07,동원상쾌한아침토마토병180ml (56),180ml*48 (56)
12-06,동원상쾌한아침오렌지병180ml (56),180*48 (56)
12-08,동원상쾌한아침알로에병180ml(56),180ml*48
12-19,동원상쾌한아침꿀물병180ml(56),180ml*48
11-86,동원빵가루1k,1k*8
11-51,동원불고기(中),150-48
11-49-02,동원볶음짜장참치(중)150g,150g*48
11-49,동원볶음짜장참치(소)100g,100g*60
34-20-01,동원복숭아녹차 340 (104),340ml*20
12-01-04,동원보성홍차아이스티제로 복숭아 500ml (54),500ml*24
12-01-07,동원보성말차라떼500,500ml*24
12-01-02,동원보성말차500,500ml*24
12-01-06,동원보성녹차500,500ml*20
12-01-01,동원보성녹차 350ml/91,350ml*24
12-14,동원보성녹차 175 (144),175ml*30
12-01-03,동원보성꽃차,500ml*24
11-107,동원번데기130g(96),130g*48
11-60.,동원백도,400g*24
12-24,동원밥알을걸러맑은정식혜 230,230ml*30
12-39,동원미네마인스파클링워터500ml,500ml*20
12-39-01,동원미네마인스파클링 500ml 레몬맛,500ml*20
12-39-02,동원미네마인스파클링 500ml 라임맛,500ml*20
11-11-06,동원매운김치찌게참치(중)150g,150g*48
11-11-04,동원매운김치찌게참치 (소)100g,100*60
11-108,동원마일드150g*36,150g*36
11-06.,동원마일드 150g,150g * 48
12-21-02,동원리챔기획340(오리지날)(98),340g*(3*8)
11-44-02,동원리챔기획 200g,200g*(3*8)
50-32,동원리챔G9호(리챔6호)/5세트(BOX)(32),(리챔200*9)*5
50-31,동원리챔4호/4세트(BOX),340*9*4set
12-21,동원리챔340(91),340g*24
50-40,동원리챔2호/ 5세트(BOX)/32,(리챔200*12)*5
11-44,동원리챔(소)200,200g*24
34-20,동원레몬녹차 340 (104),340ml*20
11-100,동원런천미트 340 (대),340g*24
11-63,동원런천(소),200g*24
11-03..,동원라이트(원중),150g*3*12=36
50-21-01,동원들기름김식탁24P/3세트-(BOX)/24,8*3
11-66,동원 양반들기름12p,12P*10
12-17,동원둥굴레차175*30,175ml*30
50-02,동원단호 / 6세트-(BOX)/30,참치150*15
50-04,동원단100호/6세트-(BOX),참치100*15
12-02,동원보성녹차1.5(52),1.5L*12
12-13,동원꿀물캔175 (144),175ml*30
11-39-02,동원꽁치기획 400g,(2*12)set
11-39,동원꽁치400 (88),400g*24
11-68,동원꽁치1.88(덕용),1.88k*6
11-58,동원깐포도,400g*24
11-10,동원김치찌게참치(중)150g,150g*48
11-09,동원김치찌게참치(소)100g,100g*60
11-11-02,동원김치찌게참치(빅) 250g,250g*36
11-11,동원김치찌게참치 200g,200g*36
50-41,동원귀호/4세트-(BOX),150g*20*4set
50-41-01,동원귀호/3세트-(BOX),(살코기150*20)*3세트
11-16-02,동원골뱅이(中) 230(96),230g*24
11-16,동원골뱅이(小)140g,140g*48
11-17,동원골뱅이(대)400g(88),400g*24
11-13-02,동원저스트스위트콘340/미국 (96),340g*24
11-05-00,동원참치기획(살코기+고추) 90g,(살코기90g4+고추90g2)*10
11-05-08,동원고추참치기획 100g,(100g*3)*20(총60캔)
11-05-06,동원고추참치36입,150*36
11-05-02,동원고추참치150g,150g*48
11-05,동원고추참치100g,100g*60
11-05-04,동원고추참치(빅) 250g,250g*36
11-38,동원고등어 400(88),400g*24
11-20,동원DHA참치(중)150g,150g*48
11-19,동원참치DHA100,100g*60
11-21,동원DHA참치(빅) 250g,250g*36
50-25.,동원20호*6-(BOX),(라이트150*8+고추150*4)*5
50-43,동원11호(원중8+원소4)*5set,(원중8+원소4)5set-(BOX)
12-11-02,동원 쿨피스파인애플제로230,230ml*30
12-18,동원 쿨피스톡제로 복숭아펫340(77),340ml*24
12-11-01,동원 쿨피스복숭아제로230(120),230ml*30
12-09,동원/오렌지캔175*30,175ml*30
11-56,동원/양반해물죽,238g*24
11-26,동원/양반참치죽,285g*24
11-23,동원/양반전통잣죽(72),286g*24
11-22-01,동원/양반전복죽(파우치),420g*20
11-22,동원/양반전복죽 (72),285g*24
11-27,동원/양반야채죽 (72),285g*24
11-28-04,동원/양반쇠고기죽3*전복죽1기획(32),(285g*4)*6
11-28,동원/양반쇠고기죽 (72),285g*24
11-55,동원/양반삼계죽,285g*24
11-28-03,동원/양반밤단팥죽420g(파우치),420g*20
11-28-02,동원/양반밤단팥죽 (72),285g*24
11-69,동원/양반돌김 14호,14호*24
11-24,동원/양반단호박죽(72),285g*24
11-28-01,동원/쇠고기죽 420g(파우치),420g*20
11-24-01,동원/단호박죽420g(파우치),420g*20
11-30,동원 후르츠칵테일 (12입) 88,836g*12
11-32,동원 파인애플(12입)88,836g*12
12-18-03,동원 쿨피스 파인애플뚱캔350(126),350ml*12
12-18-02,동원 쿨피스 복숭아뚱캔 350(126),350ml*12
16-51-03,동원 친친오리지널 치즈 소시지80g,80g*10
11-79,동원 양반김치캔(썰은김치)160G,160*48
06-14,동원 순닭가슴살 기획 135g,(135g*3)*12
11-05-09,동원 뽀로로키즈참치 100g,100g*60
22-04-03,동원 배식혜500,500ml*24
22-04-02,동원 배식혜1.5,1.5L*12
22-02-05,동원 배수정과500,500ml*24
22-02-04,동원 배수정과1.5,1.5L*12
11-06-02,동원 매운고추참치150g,150g*48
11-06,동원 매운고추참치100g,100g*60
28-11,동아파렛트,
28-31,동아제약 박카스 F 120ml*50병(80),120ml*50
60-16,동아반품,0
24-52,동서커피믹스마일드(자판기용) 900(42),900g*12
24-02,동서제티초코 175 (168),175ml*30
24-702-01,동서스타벅스카라멜마끼아또(병) 281ml(112),(281ml*16)
24-701,동서스타벅스커피병281ml(112),(281ml*16)
24-702,동서스타벅스모카병281ml(112),(281ml*16)
60-08,동서반품,0
24-01-01,동서맥스웰커피캔200 (단종),200ml*30
24-27,동서맥스웰오리지날(자판기),1k*12
24-06-01,동서맥스웰스위트아메리카노캔200,200ml*30
24-86,동서맑은티엔보리410,410*20
01-18.,동서/콘푸라이트600 (36),600g*12
24-01,동서/맥스웰캔커피150업소용(168),150*30
52-25,동서/리치스피클/3kg,3*6
24-34,동서 레드불250 (128),250ml*24
17-12.,돌오렌지쥬스120ml(팩),120ml*32
17-12,돌파인쥬스100% (52),1000ml*12
17-08,돌칵테일,567g*12
27-116,델몬트포도병180/롯데칠성,180*30
27-21-01,델몬트포도1.5(6본),1.5L*6
27-29,델몬트파인쥬스 1.5,1.5L*12
17-04,델몬트파인애플(특대) (40),3050g*6
17-01,델몬트파인애플(40),836g*24
27-63,델몬트파인스퀴즈(캔),240*30
27-113,델몬트토마토병180/롯데칠성,180*48
27-22-03,델몬트토마토1.5(6본),1.5*6
27-22-02,델몬트토마토1.5,1.5*12
17-02,델몬트칵테일후르츠 (40),850g*24
17-05,델몬트칵테일(특대) (40),3.062kg*6
27-120,델몬트오렌지팩190,190*24
27-20-01,델몬트오렌지 1.5*6본,1.5L*6
27-115,델몬트오렌지병180/롯데칠성,180*30
27-112,델몬트알로에병180/롯데칠성,180*48
27-22-01,델몬트알로에1.5(6입),1.5*6
27-22,델몬트알로에1.5,1.5*12
27-77-03,델몬트스퀴즈오렌지240,240*30
27-32,델몬트스카시포도1.5원형,1.5*12
27-19,델몬트스카시오렌지1.5원형,1.5*12
27-43,델몬트석류병,180*48
27-22-04,델몬트석류1.5(6입),1.5*6
27-62,델몬트사과스퀴즈캔,240*30
27-114,델몬트매실병180/롯데칠성,180*48
27--22-04,델몬트매실1.5(6입),1.5*6
27-120-01,델몬트망고팩190,190*24
27-39,델몬트망고캔 로어슈거 240 (121),240ml*30
27-111,델몬트망고병180/롯데칠성,180*48
27-20-03,델몬트망고1.5(6본),1.5L*6
27-21,델몬트[포도] 1.5 (48),1.5L*12
27-20,델몬트오렌지 1.5 (44),1.5L*12
27-20-02,델몬트[망고] 1.5 /사각(44),1.5L*12
80-80-04,덴탈마스크 3충필터,3입*300세트
80-80,덴탈마스크 3중필터,3입*200세트
80-80-02,덴탈마스크 3중필터,1세트*3장
80-80-07,덴탈마스크 3중필터,50입
28-17,데자와250*30/동아,250ml*30
28-22-06,데미소다 청포도250,250ml*30
28-12-03,데미소다자몽250,250*30
28-12-02,데미소다오렌지250 (90),250ml*30
28-05,데미소다애플410,410*20
28-12,데미소다애플250 (90),250ml*30
28-22,데미소다복숭아250,250ml*30
28-18,데미소다레몬250,250ml*30
28-16,데미소다 오렌지 1.5,1.5*12
28-10,데미소다 애플 1.5,1.5*12
16-71,더바삭한김(25g*10매)*2세트-(BOX)/30,전장25g*10*2set
60-11,대일반품,0
36-18,대상) 미원맛소금1kg,1kg*20
36-19,대상) 미원맛소금2kg,2kg*6
14-27,대상꽁치 400*24,400g*24
36-20.,대상/청정원포도씨유기획900,(900*2)*12
36-20,대상/청정원포도씨유900ml,900*12
31-24,닥터페퍼 350 (88),(350ml*24)
04-22,다우니(피오니아)3L,3L*6
04-15,다우니(탱고)900g,900g*12
04-14,다우니(엘레강스)900,900g*12
04-21,"다우니(아로마,후로랄)2.8L",2.8L*6
04-12,다우니(아로마)900g,900g*12
04-13,다우니(루나)900g,900g*12
25-59-02,다미나 909,150*6*90
54-30,농심)튀김우동큰사발,1050*16
54-03-01,농심 너구리(얼큰한맛)5+1,(5+1)*8
54-24.,노래방새우깡400g(일반맛),400*6
54-24,노래방새우깡(매운맛)400g,400g*6
54-03,너구리(얼큰한맛)멀티/농심/(64),(5*8)
21-02,남양프렌치카푸치노컵 200 (빨강),200ml*10
21-108-110-07,남양프렌치카페커피믹스90+10 (30),(90T+10T)*8
21-108-110-10,남양프렌치카페커피믹스150+20 (40),(150T+20T)*4
21-108-110-08,남양프렌치카페커피믹스 100T,100T*8
21-20-01,남양프렌치카페카푸치노175 (빨강) (154),175ml*30
21-01,남양프렌치카페오레컵 200 (노랑)(192),200ml*10
21-20,남양프렌치카페오레마일드175 (노랑)(154),175ml*30
21-53,남양프렌치카페더블샷라떼 200,200T*30
21-108-110-05,남양프렌치카페커피믹스50+10,(50T+10T)*18
21-108-110-06,남양프렌치카페커피믹스아라비카(골드라벨)90+10 (30),(90T*10T)*8
21-108-110-04,남양프렌치카페커피믹스 50t,50T*18
21-108-110-01,남양프렌치카페 10t(증정),
21-02-02,남양프렌치카라멜마끼아또컵 200,200ml*10
21-20-02,남양프렌치카라멜마끼아또175캔 (154),175ml*30
21-03,남양프렌치벨벳비엔나모카컵 200,200ml*10
21-32.,남양프라우스파클링오렌지 390ml,390*20
21-32,남양프라우스파클링라임 390ml,390*20
21-50,남양파렛트,
21-98-03,남양킬링샷 아메리카노500,500ml*20
21-98-02,남양킬링샷 라떼500,500ml*20
21-34,남양츄파춥스 스파클링포도,345ml*24
21-35,남양츄파춥스 스파클링오렌지,345ml*24
21-33,남양츄파춥스 스파클링딸기,345ml*24
21-114,남양초코에몽캔175(132),175ml*30
21-24,남양천연수 500 (112),500ml*20
21-24-01,남양천연수 2L (88),2L*6
21-63,남양옥수수염차 1.5(48),1.5L*12
21-74,남양옥수수수염차500,500ml*20
21-73,남양옥수수수염차340 (104),340ml*20
21-90,남양에누리,
21-17,남양앳홈포도(병),180ml*48
21-58,남양앳홈포도 1.5,1.5L*12
21-26,남양앳홈토마토1.5,1.5L*12
21-94,남양앳홈오렌지340,340m*
21-16,남양앳홈오렌지(병),180ml*48
21-59,남양앳홈오렌지 1.5(48),1.5L*12
21-67,남양앳홈알로에병 180,180ml*48
21-05,남양앳홈알로에 1.5(48),1.5L*12
21-62,남양앳홈사과병,180ml*48
21-96,남양앳홈사과 1.5,1.5L*12
21-57,남양앳홈복숭아속살캔,238ml*24
21-23,남양앳홈복숭아속살병180,180*48
21-60,남양앳홈복숭아속살(pet) 1.5,1.5L*12
21-40,남양알로에캔,180*90
21-95,남양알로에생캔 180,180ml*30
21-06,남양알로에생500,500ml*20
21-28,남양알로에생 180,180ml*48
21-14-01,남양알로에생 1.5,1.5L*12
60-07,남양반품,
21-82,남양바닐라마끼아또캔 175,175ml*30
21-77,남양마일드17차 340,340ml*20
21-41,남양17차캔 240 (132),240ml*30
21-49,남양17차캔 180 (154),180ml*30
21-08,남양17차pet 500 (77),500ml*20
21-61,남양17차(병),180*48
21-07,남양17차 340 (104),340ml*20
21-09,남양17차 1.5 (48/52),1.5L*12
21-108-110-13,남양 프렌치카페커피믹스 180+20(40),(180T+20T)*4
21-108-110-09,남양 프렌치카페커피믹스 100T+10T(30),(100T+10T)*8
21-108-110-03,남양 프렌치카페커피믹스20+5,25t*24
21-108-110-02,남양 프렌치카페커피믹스 20t(52),20T*24
21-108-110-12,남양 프렌치카페커피믹스 160T+20T(40),(160T+20T)*4
21-13,남양 진콩두유190ml(162),190ml*24
28-24,나랑드사이다/동아(108),180ml*30
54-05-02,김치큰사발 소컵(86*24),86*24
50-99,기타제품[소분],
51-01,금성테이프(다C투명),48*40(다C)
51-01-01,금성테이프(다C미색),48*40(다C)
51-03,금성테이프(나B투명)거래정지,48*45(나B)
51-03.,금성테이프(나B미색),48*45(나B)
51-02,금성테이프(가A투명),48*50(가A)
51-02-01,금성테이프(가A미색),48*50(가A)
14-50,광천수500(98),500ml*20
14-50-01,광천수2.0(96),2.0*12
81-31,광동흑미차500,500ml*20
31-77-01,광동홍삼대추,100ml*100
20-12-02,광동홍삼꿀디100ml,100ml*100
20-15,광동헛개차캔 175 (154),175ml*30
20-20-02,광동헛개차500(24입),500ml*24
20-09,광동헛개차1.5L(60)(52),1.5L*12
20-08,광동헛개차 500 (72),500ml*20
20-07,광동헛개차 340 (104),340ml*20
20-11,광동파렛트,
20-13-05,광동진홍삼골드,100ml*100
60-19,광동반품,
61-77-02,광동 탐라는제주감귤(48),1.5L*12
20-12-01,광동위생천75ml,75ml*100
20-17,광동우엉차340,340ml*20
20-17-01,광동우롱차 500ml,500ml*24
20-18,광동옥수수염차캔 180 (168),180ml*30
20-02,광동옥수수수염차500ml (72),500ml*20
20-01,광동옥수수수염차 340 (120)(104),340ml*20
20-03,광동옥수수수염차 1.5 (60)(52),1.5L*12
20-09-04,광동옥수수수염500(24입),500ml*24
20-19,광동야왕(야관문)500ml,500ml*24
20-20,광동야왕(야관문)340 (120),340ml*20
20-10,광동쌍화골드 (40),100ml*100
25-271,광동생강쌍화,100ml*100
04-50,광동생강골드,4*14
20-06,광동비타500후레쉬/ 100ml(특판유통) (40),100ml*100
20-14,광동비타500파우치/250,250ml*30
20-14-02,광동비타500 240캔(30입) (132),240ml*30
20-05,광동비타500/180ml(64),180ml*40
20-04,광동비타500/100ml (40),100ml*100
20-10-01,광동복분자병170,170ml*40
20-12,광동복분자100,100ml*100
61-77,광동대추쌍화,150(10*4)
26-15..,광동아주파렛트,
21-003-02,과수원팩(청포도),190ml*24
21-003,과수원팩(사과),190ml*24
21-003-01,과수원팩(복숭아),190ml*24
31-39-02,고티카아로마블랙270ml,270*20
31-39-01,고티카스위트아메리카노270ml,270*20
31-39,고티카마스터라떼270ml,270*20
16-04,고추장 고기볶음(롯데),95g*48
25-15,계산착오분정산,180ml*30
27-06,게토레이캔 240 (121),240ml*30
27-24-02,게토레이레몬600 6입 (54),600ml*6
27-24,게토레이레몬 600 (66),600ml*20
27-06-02,게토레이뚱캔355,355ml*24
27-24-01,게토레이1.5 (36),1.5L*12
02-24,거래선정리,0
200-02,거래선DC,
32-18,갈아만든배24입/140,238ml*24
32-30-02,갈아만든배 사이다 355,355ml*24
32-30-01,갈아만든배 사이다 1.5,1.5L*12
01-94,각설탕1kg,1kg*20
26-08,가야포도농장 1.5 (48),1.5L*12
26-07,가야포도(병),180*24
26-19,가야파인애플펫1.0L*12,1.0*20
26-03,가야토마토병180 (63),180ml*48병
26-99.,가야토마토병(단종),180*24
26-12,가야토마토농장 500 (90),500ml*20
26-04,가야토마토농장 1.5 (48),1.5L*12
26-14,가야케이스,50*1
26-13,가야종합병180 (63),180ml*48병
26-21,가야제주감귤병180,180ml*24
60-04,가야웅진반품,0
26-20.,가야오렌지병180ml,180*24
26-20,가야오렌지병(24,180*12
26-01,가야알로에병180(63),180ml*48병
26-99,가야알로에병(단종?),180*24
26-11,가야알로에농장 500(90),500ml*20
26-02,가야알로에 1.5 (48),1.5L*12
26-22,가야사과병180ml/단종,180*24
26-10,가야사과농장 1.5 (48),1.5L*12
26-09-01,가야복숭아농장 1.5 (48),1.5L*12
26-09,가야복숭아(병),180*24
26-23,가야배농장병180,180ml*24
26-05,가야당근병180,180ml*48병
26-06,가야당근농장1.5 (48),1.5L*12
26-17,가야감귤1.5,1.5L*12
28-64-06,가그린제로기획(제로750ml+제로250ml),
28-64-05,가그린제로 750ml,750*12
28-64-03,가그린기획(750+250),(750ml+250ml)*12
28-64-01,가그린기획 (750ml+100ml*2)*12,(750ml*1+100ml*2)
28-64,가그린 오리지널 750ml,750*12
26-15,kPP파렛트,
21-101,GT맛두유팩(담백맛)190 (180),190ml*24
21-101-01,GT맛두유팩(달콤맛)190,190ml*24
21-100,GT맛두유고칼슘팩(검은콩.깨)190(180),190ml*24
21-101-02,"GT맛두유팩(검은콩,깨)190(64입)",190ml*64
21-103,GT두유검은콩깨병(고소한)/64,200*(10*3)
21-104,GT두유(순한맛)연두병(64),(200*10)*3
21-105,GT두유(달콤한맛)주황병 (64),(200*10)*3
11-012,(동원참치기획 살코기150*2)+(DHA150*2)*12,(살코기150g*2+DHA150g*2)*12세트
11-998,DHA100*2+마일드100*2,4*20
55-02,CJ헛개컨디션레이디100ml,100ml*50
55-03-02,CJ헛개수(특수유통용) 340(96),340ml*20
55-04,CJ헛개수 500 (72),500ml*20
55-03,CJ헛개수 340 (96),340ml*20
55-05,CJ헛개수 1.5,1.5L*12
55-01,CJ헛개 컨디션100ml(80),100ml*50
55-10,CJ헛개 컨디션 75ml,75ml*50
15-16.,CJ햇반 210g 12입(120),210g*12
15-16-01,CJ햇반 200g 12입 (104),200g*12
45-09-01,CJ풍성한S호/3세트(BOX)(20),(스팸클200g*12+카놀*2+요리올*1)*3
41-51,백설 올리브유900(60),900ml*12
15-01-05,CJ 제일N호/5세트,카놀1+해바라1+요리유1
45-07,CJ 스페셜 G호/3세트 (20),(스팸*6+카놀*2+참*2+사과식초*1+프락토올리고*1+소금*2)*3
08-47-03,CJ 백설[소불고기]양념장 500g(91),500g*12
08-47-01,CJ 백설 [소갈비]양념장 500g(91),500g*12
08-47-04,CJ 백설[돼지불고기]양념장500g(91),500g*12
08-47-02,CJ 백설 [돼지갈비]양념장 500g(91),500g*12
15-05-01,CIRIO치리오 황도슬라이스411g(160),411g*12입
56-03,AA복사용지A4500매,A4500매*5매
39-22,3분쇠고기[카레]200g (96),200g*24
39-23,3분쇠고기[짜장]200g (96),200g*24
02-35,2080칫솔(미세모)24입(재고O),12*2
02-34-01,2080치약(오리지날)140g,140g*(3*12)
02-34,2080치약(오리지날),150g*48
02-34-02,2080치약(구치케어)150g*48,150*48
02-38,2080어린이치약바나나80g,(80g*3)*18
02-39.,2080알파구치케어치약,140g*2*18=36
15-27.,200스팸클래식200*48,200g*48
61-01,0,50*18
52-27-02,★사용금지★ 동원특15호/5세트,5set(참치100*6+카놀500*2)
52-27-03,★사용금지★ [낱개]동원특15호(set),(참치100*6+카놀500*2)
80-26-02,★면세 류씨네 고추가루매운맛 김치용 (수입)2.5kg,2.5*4
80-26-04,★면세 류씨네 고추가루매운맛 중식용 (수입)2.5kg,2.5*4
80-26-06,★면세 류씨네 고추가루 중식용 (중국산)2.5kg,2.5*4
33-05,[하림]슬림닭가슴살(99) 135g,135g*36
39-78-01,[오뚜기]옛날참기름 500ml,500ml*12
24-02-01,[식스팩]제티초코175,175*(6*6)
15-07,사조 마일드참치200g(80),200g*36
08-45,[백설튀김]가루1k(70),1kg*10
08-46,[백설부침]가루1kg(70),1kg*10
08-39,백설 진한참기름500ml캔(96),500ml*12
16-05,[롯데]런천미트(大)/ (91),340g*24
46-07,[동표]황도슬라이스 (80),400g*24
11-64-01,[동원]일품당면500g(24),500g*20
12-10,[동원]알로에캔175*30 (144),175ml*30
12-16,[동원]밥알없는식혜 175(144),175ml*30
07-31-01,[낱개}엘지3호(쓰임가득N호)/세트,1set
42-75-03,[낱개]황지수 핸드 클린겔500(손세정제),500ml*1개
36-41-01,[낱개]환만식초 1.8*9입,1.8L
57-04-01,[낱개]한성런천미트 340g*24입,
55-07-03,[낱개]한뿌리홍삼120ml,10병
55-06-03,[낱개]한뿌리인삼120ml,10병
14-10-01,[낱개]펭귄황도(슬라이스) 400g*1캔,400g*1캔
14-04-01,[낱개]펭귄백도2절 400g*1캔,400g*1캔
14-01-02,[낱개]펭귄꽁치(한마리) 400g*1캔,400g*1캔
14-02-01,[낱개]펭귄고등어(신형) 400g*1캔,400g*1캔
50-441,[낱개]특19호 (set),참치150*6+카놀라유*2+런천200*3
15-60-01,[낱개]큐원하얀설탕 3K*1봉지,3k*1봉지
15-60-03,[낱개]큐원갈색설탕 3k*1봉지,3k*1봉지
15-47-03,[낱개]큐원갈색설탕 1kg*1입,1kg
01-17-04,[낱개]청정원NH-3호-set,1 세트
01-19-05,[낱개]청정원 고급유6호-set,1세트
11-62-03,[낱개]지중해 황도410g*1캔,410g*1캔
11-510-01,[낱개]정통불고기참치 150g*48입,
11-500-01,[낱개]정통불고기참치 100g*1캔,100g*1캔
39-83-01,[낱개]잔치국수소면 3kg/면사랑*4입,
10-08-01,[낱개]유동황도슬라이스 400g*1캔,400g*1캔
10-29-01,[낱개]유동번데기 280g*1캔,280g*1캔
10-07-01,[낱개]유동번데기 130g*1캔,130g*1캔
10-14-01,[낱개]유동뚝배기번데기탕(얼큰한맛) 280g*1캔,280g*1캔
10-14-03,[낱개]유동뚝배기번데기탕(구수한맛) 280g*1캔,280g*1캔
10-12,[낱개]유동꽁치 400g*1캔,400g*1캔
10-24-05,[낱개]유동꼬막골뱅이280g*1캔,280g*1캔
10-00-01,[낱개]유동골뱅이 400g*1캔,400g*1캔
10-01-01,[낱개]유동골뱅이 230g*1캔,230g*1캔
10-02-01,[낱개]유동골뱅이 140g*1캔,140g*1캔
10-13-01,[낱개]유동고등어 400g*24입,
12-12-01,[낱개]옥수수수염차캔/동원 175ml,175ml*30
39-86,[낱개]오뚜기옛날참기름 500*12입,500ml*12입
39-104,[낱개]오뚜기/특선16호-(set),1set
39-100-01,[낱개]오뚜기/옛날참기름병 320*12입,320ml
06-31,[낱개]아모레퍼시픽 종합 3호/6세트-(BOX),
25-59-04,[낱개]신형 여명808-[1set*15개],119ml*1set*15개
45-07-04,[낱개]스팸특별한선택N호(set),1set
45-12-01,[낱개]스팸특별한선택 N2호 -(set),1 set
45-27-01,[낱개]스팸복합2호 (set),스팸6+카놀라유3
45-11-01,[낱개]스팸복합1호 (set),스팸6+카놀라유2
45-21-01,[낱개]스팸8호 (set),클래식200*9
45-06-01,[낱개]스팸8E호(1set),클래식7+마일드2
45-05-01,[낱개]스팸6호(set),1set
45-10-02,[낱개]스팸3호-(set),(200*6)+(340*6)
45-08-02,[낱개]스팸1호(set),1세트
61-58-05,[낱개]쉐프솔루선 육개장 1.2kg,1.2kg*8
03-17-01,[낱개]샘표진간장S 1.8*6입,
19-05-01,[낱개]삼미번데기130g*1캔,
15-42-01,[낱개]백설하얀설탕 3kg*1봉지,3k*1봉지
15-40-01,[낱개]백설하얀설탕 1kg*1봉지,1k*1봉지
08-32-01,[낱개]백설포도씨유 900ml*1입,900ml*1입
45-12-99,[낱개]백설특별한선택골드라벨(set),1set
45-18-03,[낱개]백설스팸8k호(1set),클래식6+마일드3
08-39-01,[낱개]백설/진한참기름 500ml (캔)*1캔,500ml*1캔
28-32,[낱개]박카스 F 120ml*10입,120ml*10병
50-32-01,[낱개]리챔6호-(set),200g*9캔
50-40-01,[낱개]리챔2호-(set),리챔200g*9캔
16-15-01,[낱개]롯데로스팜복합1호-1set,
16-24…,[낱개]롯데로스팜4호-(set),1set
16-31-03,[낱개]롯데런천미트2호-(set),1 set
11-61-01,[낱개]동원황도슬라이스 400g*1캔,400g*1캔
52-27-01,[낱개]동원특15호-(set),참150*6+카500m*2+런천200g3
50-24-02,[낱개]동원캔67호-(set),1set
50-18-01,[낱개]동원캔57호(set),세트
11-30-01,[낱개]동원칵테일 836g*1캔,836g*1캔
50-01-01,[낱개]동원친호-(set),참치150g*12캔
50-03-01,[낱개]동원친100호(set),참치100*12
11-02-02,[낱개]동원참치살코기(원중)150g,150g*1캔
11-01-01,[낱개]동원참치살코기(원소)100g,100g*1캔
11-03-01,[낱개]동원참치살코기(빅) 200g*1캔,210g*1캔
16-227,[낱개]동원참치10호-(set),1set(150참치12+런천200*4)
11-21-03,[낱개]동원참치 1.88kg (덕용),1.88kg
50-07.,[낱개]동원유호-(set),1set
50-20,[낱개]동원올리브김식탁12P/(1세트),12p*1세트
11-08-01,[낱개]동원야채참치 150g*1캔,150g*1캔
11-07-01,[낱개]동원야채참치 100g*1캔,100g*1캔
11-13-01,[낱개]동원스위트콘(미국) 340g*1캔,340g*1캔
50-05-01,[낱개]동원선호-(set),참치150*18
16-71-01,[낱개]동원바삭한김(set),1세트
11-06-03,[낱개]동원매운고추150g*1캔,150g*1캔
50-21-02,[낱개]동원들기름김식탁12P/(1세트),12p*1세트
11-70-01,[낱개]동원닭가슴살 135g*1캔,135g*1캔
50-02-01,[낱개]동원단호-(set),150g*15캔
50-04-01,[낱개]동원단100호(1set),100g*15캔
11-39-01,[낱개]동원꽁치 400g*1캔,400g*1캔
11-10-01,[낱개]동원김치찌게참치(중) 150g*1캔,150g*1캔
11-11-01,[낱개]동원김치찌게참치(빅) 210g,
11-09-02,[낱개]동원김치찌개참치 (소)100g*1캔,100g*1캔
40-41-02,[낱개]동원귀호/1세트,
50-41-02,[낱개]동원귀호/1세트,
11-16-03,[낱개]동원골뱅이(中) 230g*1캔,230g*1캔
11-16-01,[낱개]동원골뱅이(小)140g*48입,140g
11-17-01,[낱개]동원골뱅이 400g*1캔,400g*1캔
11-13-03,[낱개]동원골든스위트콘 340/태국*24입,
11-05-05,[낱개]동원고추참치(빅)250g,250g*1캔
11-05-03,[낱개]동원고추참치 150g*1캔,150g*1캔
11-05-01,[낱개]동원고추참치 100g*1캔,100g*1캔
11-38-01,[낱개]동원고등어 400g*1캔,400g*1캔
11-06-01,[낱개]동원 매운고추참치 100g*1캔,100g*1캔
17-01-01,[낱개]델몬트칵테일후르츠 850*1캔,850*1캔
45-09-02,[낱개]CJ스팸풍성한S호1set,1set
15-15-05,[낱개] 햇반기획200g (8입*6) (40),(200g*8)*6
10-21-05,[낱개] 유동순살왕꼬막&골뱅이,280g
10-00-03,[낱개] 유동골뱅이300g,(300g*1)
07-31-03,[낱개] 엘지쓰임가득 두배세트,1세트
45-07-01,[낱개] CJ스팸 스페셜 G호(set),1세트
01-19-03,[낱개) 청정원고급유3호,1셋트
25-40-03,[1set]삼성까스명수 75ml*10병,75ml*100
38-09-04,[1set]동화까스활액(75ml*10병),75*120/50
28-61-01,[1set] 모닝케어/동아 (100ml*10병),
36-59,(샘)참진한고추장(14),14kg
01-17-06,(낱개)청정원NH-5호 / 세트,NH5호/1세트
01-17-01,(낱개)청정원NH-2호/세트,1 세트
15-71,(낱개)백설갈색설탕1k*20입,
15-29.,#스팸(클래식340*3+클래식200*2),(클래식340*3+클래식200*2)*8
15-26,#스팸(대)클래식32입,340*32
61-53.,순창재래식안심생된장2K,2kg*6
03-22,#샘표진간장금F-3  1.8 (52),1.8L*6
03-17,#샘표진간장[S] 1.8(52),1.8L*6
15-24,#[낱개]스팸클래식 340g*1캔,340g*1캔
15-22-01,#[낱개]스팸클래식 200g*1캔,200g*1캔
15-23-01,#[낱개]스팸마일드 340g*1캔,340g*1캔
45-15,#[낱개]스팸마일드 200g*1캔,200g*1캔
15-05,스팸1.81kg(덕용)/98,1.81kg*6
20-20-01,광동 돼지감자차 500ml,500ml*24
80-24,★면세 류씨네 볶음통참깨1kg(외국산),1kg*10
80-26,★면세 류씨네 고추가루 김치용 (중국산) 2.5kg,(2.5kg*4)
80-25,★면세 류씨네 건고추 (베트남)1kg,(1kg*5)
25-50-07,진로토닉워터제로 (104) 300ml,300ml*24
81-43,애경 울샴푸 1.4(리필),1.4*9
200-05-03,랩(산업용) (48),15*500*350
81-31-01,광동흑미차340,340ml*20
81-40,동아 모닝케어 D 100ml(신형),100ml*50
81-36,동원 식용유1.8L(64),1.8L*6
27-45-03/02,칸타타 콜드브루 블랙 275ml / 카라멜 마키아토 275ml,39
00,A타입 택배비-1970,
00-11,B타입 택배비-2570,
00-12,C타입 택배비-3000,
00-13,택배비-5000,
12-01,동원보성녹차 350 (88)/사용정지,350ml*20
12-37,동원옥수수수염차340 (99),340ml*24
15-03-06,스팸기획200(클4+마2)*8/56,(클200g*4+마200g*2)*8
15-60-04,큐원하얀설탕5K(42),5K*4
15-60-05,큐원갈색설탕5K(42),5K*4
21-03..,남양프렌치카페컵화이트컵,200ml*10
21-07-01,남양17차헛개340,340ml*20
25-59-01,여명캔808 (단종),119*96
26-04-01,가야토마토 1.5(정성담은),1.5*12
26-05-01,가야당근병180 24입,180*24
27-107-02,롯데 잔치집식혜340뚱,340*24
27-52,펩시콜라500,500ml*20
27-76-02,롯데/복분자175(143),175ml*30
27-78-02,롯데/고향집식혜175,175ml*30
27-91-01,립톤스파클링복숭아뚱캔340,340*24
29-06-01,초정탄산수 500*24입,500*24
31-01-11,코카콜라코크라이트250,250ml*30
31-28-06,암바사뚱캔 345,345ml*24
34-01,호연당 꿀물병 180 (56)-단종,180ml*48병
39-91-02,진비빔면 [멀티],
45-18,스팸8K호 / 5세트-(BOX),클래식6+마일드3
45-18-01,[낱개]스팸8K호(1set),클래식6+마일드3
55-02-02,헛개 컨디션 120ml,
55-06,한뿌리(인삼)120ml(60),(10*3set)
55-07,한뿌리(홍삼)120ml(60),(10*3set)
55-07-01,[낱개]한뿌리홍삼120ml,(10*1set)
81-35,가야알로에펫340,340ml*24
81-37,동서오레오딸기크림100g,(100g*24)
81-38,동서 오레오화이트크림100g,(100g*24)
81-39,동서 오레오쵸코크림100g,(100g*24)
81-42,가야 제주감귤340,340ml*24
81-44,★면세★ 백설 하선정멸치액젓 골드 2.5kg(52),2.5kg*6
81-45,동원 리챔트러플 300g,300g*24
81-46,해태 흑당밀크티270ml,270*24
81-47,해태 흑당 카페라떼270ml,270*24
81-48,엘지생활의품격Y호(엘지3호)/5세트(BOX)/32,1세트*5
81-49,매일두유99.9 190ml,190ml*24
81-50,매일/ 뼈로가는칼슘365두유190,190ml*24
81-51,매일/뼈로가는고칼슘검은콩두유190,190ml*24
81-52,매일/요미주스과일믹스125,(125ml*3)*8
81-53,매일/요미주스사과배125,(125ml*3)*8
81-54,매일/요미주스 사과배포도125,(125ml*3)*8
81-55,퍼실 젤컬러 3L(72),(3L*6)
81-56,해태아침에사과500,(500*20)
81-57,갈아만든배사이다 500,500ml*24
81-58,에탄올워셔액(유니켐) (60),1.8L*8
81-59,립톤500 (6본),500ml*6
81-61,초가을우엉차500(24입),500ml*24
81-62,오늘의차황금보리500(6입),500ml*6
81-63,해태 갈아만든배500,500ml*24
81-64,★면세★ 매일 상하목장유기농우유200ml,200ml*24
81-65,★면세★ 매일 상하목장유기농우유125ml,(125*4)*6
81-66,매일 두유고단백190ml,190ml*24
81-67,매일두유 오리지널190ml,190ml*24
81-68,매일 두유초콜릿190ml (단종),190ml*24
81-69,매일 두유검은콩 190ml,190ml*24
81-70,매일 아몬드브리즈언스위트 190ml,190ml*24
81-71,매일두유99.9 950ml,950ml*12
81-72,광동 타우린2000 120ml,120ml*100
00-14,택배비 도서지역-7000,
03-17-02,샘표진간장[S] 1.7(64),1.7L*6
03-18-07,★면세★ 샘표양조간장 701 1.7L (64),1.7L*6
08-28-02,백설콩식용유1.5L,1.5L*12
11-19-01,동원참치기획DHA100g(80입),(100g*4)*20
16-24-00,[낱개] 롯데 프리미엄 복합4호 (set),1set
22-13-01,뽀로로 샤인머스켓 (117),235ml*24
22-23-08,팔도 왕뚜껑 봉지(32입),130*32
22-70,오늘의차 아침헛개 500,500ml*20
24-11-01,맥심모카골드기획50T (3+1)*4 (50입 16케이스),(3+1)*4
25-17-05,★면세★ 매일/오리지널 멸균우유200,200ml*24
25-17-06,매일/멸균 딸기우유200,200ml*24
31-03-07,몬스터망고로코 (하늘)355,355ml*24
34-05,호연당 찰당면 500g/40,500g*20
34-05-01,호연당 찰당면 1kg/40,1kg*10
34-05-02,호연당 찰당면 13kg/40,13kg*1
36-83-04,우진종이컵 (72),(6.5온스*20)
41-18-01,해표 식용유 1.5L(48),1.5L*8
81-07-01,뿌요소다 (소다) 245,(245*24)
81-41,동아 모닝케어 D 1각(10병),(100ml*10병)
27-45-07-02,칸타타 콘트라베이스 디카페인 블랙500ml,500ml*24
81-73,★면세★ 수삼한채(750g),(750*1)
5,프렌치카페커피믹스 150T+20T(40),5
6,프렌치카페커피믹스 180T+20T(30),6
7,맥심 부드러운블랙 100T 모카,7
81-74,★면세★ 수삼두채/ 박스,(1.5*1)
81-75,★면세★ 수삼한채(750g)소/대난,(750*1)
80-06,칸타타 프리미엄라떼275(노랑)(99)/24입,(6본*4)
80-07,칸타타 스위트아메리카노275(빨강)(88)/24입,(6본*4)
80-08,칸타타 콜드브루블랙275(88)/24입,(6본*4)
80-09,칸타타 카라멜마끼아또275(주황)(99)/24입,(6본*4)
81-80,삼양불닭볶음면(멀티),(5입*8)
81-81,삼양까르보불닭볶음면(멀티),(4입*8)
81-82,샘표진간장금F-3 1.7L+금F-3 500ml,(금F31.7+금F3 500)*6
81-84,★면세★ 수삼2.2K중대,
08-37-02,백설 고소함가득 참기름 430ml (112),430ml*12
04-21-01,다우니(패션)2.6L*6,2.6L*6
04-21-02,다우니(엘레강스)2.6L*6,2.6L*6
22-04-01,비락식혜1.5 (48),1.5L*8
31-22-03,코카콜라제로190/126,190ml*30
81-22-01,조지아 크래프트 라떼470,470ml*24
81-22-02,조지아 크래프트 스위트블랙470,470ml*24
22-04-06,비락수정과 1.5 (8입),1.5L*8
11-38-02,동원고등어 300g(88),300g*24
28-13-05,현대약품 비타업100ml (40),100ml*100
27-15-10,칠성사이다 제로355 업소용,355ml*24
04-21-03,다우니(로맨스)2.6L*6,2.6L*6
27-07-02,레쓰비175업소(143),175ml*30
03-18-09,샘표양조간장501 1.7ML+양조500ML (36),1.7L*6
21-108-110-11,남양프렌치카페커피믹스 140+20(40),(140+20)*4
22-04-07,비락식혜500 (6입),500ml*6
27-37,펩시콜라제로라임향355 (업소용) (99),355ml*24
22-04-05,비락수정과238 (24입),238ml*24
20-123,광동 온더그린 400,400ml*24
22-36-01,꼬간초비빔면,145*32
22-36-02,꼬들김비빔면,140*32
15-63,큐원흑설탕1kg(42),1kg*16
27-39-01,델몬트망고캔 로어슈거180 / 롯데칠성,180ml*30
15-15-06,Cj 햇반200g(10입)/64,200g*(10입*3)
03-18-08,★면세★ 샘표양조간장501 1.7ML+양조간장 860ML,양조1.7+양조860*6
15-06-04,사조해표 살코기참치85g (144),85g*48
15-06-05,사조해표 고추참치85g(144),85g*48
31-03-08,몬스터제로슈가(검정파랑) 355,355ml*24
21-10,남양 주전자보리차500ml (72),500ml*20
24-09,웰치스제로 포도355,355ml*24
27-15-03,펩시콜라슬림245(업소용),(245ml*30)
08-37-03,백설 고소함가득 참기름330ml*34캔,330ml*34
20-124,광동 온더게임 400,400ml*24
08-37-04,백설 고소함가득 참기름330ml*27캔,330ml*27
27-37-01,펩시콜라제로500 (업소용),500ml*20
27-08-01,칠성사이다슬림캔245(업소) (110),245ml*30
28-24-02,나랑드사이다제로/동아 500,500ml*20
31-22-02,코카콜라제로 355 (업소용),355ml*24
01-19-06,청정원 L6호(4세트)-(BOX)/32,
24-703,동서스타벅스돌체(병)281ml(112),(281ml*16)
27-50-01,트레비자몽300(20입),300*20
35-16-01,참맑은 제주감귤175ml  (156),175ml*30
35-16-02,참맑은 파인애플175ml  (156),175ml*30
23-18-01,웅진 하늘보리180 (132),180ml*30
15-13-01,백설 요리당1.2,(1.2kg*9)
35-27-01,참맑은 매실175ml (156),175ml*30
11-01-02,동원 살코기참치 90g,(90g+60)
11-07-02,동원 야채참치 90g,90g*60
11-05-07,동원 고추참치 90g,(90g+60)
11-01-03,동원 살코기참치135g,135g*48
28-24-03,나랑드사이다파인제로 /동아 500,500ml*20
28-24-04,나랑드사이다 애플제로 /동아 500,500ml*20
26-27-04,웅진 티즐 제로 자몽블랙티500 (80),500ml*20
24-174,티오피 스위트아메리카노275(6팩)/110,275ml*24
24-175,티오피 더블랙275(6팩)/110,275ml*24
35-27-02,참맑은 비타엔175ml(156),175ml*30
23-05-01,웅진 맑게우려낸 누룽지 1.5 (48),1.5L*12
23-333-01,웅진결명자차1.5 (48),1.5L*12
23-35-01,웅진헛개차1.5 (48),1.5L*12
14-52-03,몽베스트 스파클링 라임 500ml,500ml*24
14-52-04,몽베스트 스파클링 레몬 500ml,500ml*24
21-91-01,웅진 달달하게 건강을 채우는 꿀물캔 180ml (132),180ml*30
81-55-01,퍼실 젤컬러 3L (Universal)(72),(3L*6)
01-18-02,켈로그) 아몬드푸레이크600 (36),600g*12
01-18-03,켈로그) 첵스초코570 (36),570g*12
01-18-04,켈로그) 첵스초코마쉬멜로400 (36),400g*12
01-18-05,켈로그) 크랜베리아몬드그래놀라500 (36),500g*12
01-18-06,켈로그) 리얼그래놀라400 (36),400g*15
25-08-06,매일/바리스타 마다바닐라빈라떼325,325ml*10
67-01,256 상아 키즈플러스 유산균120g  (유통기한 23년2월28일),(2g*60)
67-02,257 상아 키즈플러스 멀티비타민90g,"(1,500mg*60)"
67-03,260 상아 키즈플러스 비타민A 60g,(2g*30)
67-04,264 상아 키즈플러스 멀티비타민 젤리300g,(20g*15)
28-24-05,나랑드사이다 애플제로/동아 245캔,245ml*30
28-24-06,나랑드사이다 파인제로/동아 245캔,245ml*30
30-13,해양심층수 딥스그린500,500ml*20
28-23,데미소다 레드애플350,350ml*24
28-23-01,데미소다 망고350,350ml*24
200-08,★면세★ 반품,
36-83-05,컵스 프리미엄종이컵 (72),(6.5온스*20)
25-50-08,진로토닉워터 얼그레이홍차 300,300ml*24
88-05,샥즈 오픈런 골전도 이어폰 (인터넷전용),
67-01-01,256 상아 키즈플러스 유산균120g,(2g*60)
68-01,265 상아 녹용홍삼정,(240g*4병)*6세트
68-02,267 관절엔 상아 마디마디 MSM프리미엄,(500g*360정)*10세트
68-03,266 상아 공진보,(3.5g*100환)*10세트
68-04,286 상아 6년근 프리미엄 홍삼정 올데이케어,(10g*60포)*10세트
01-19,청정원 특선A호*3세트-(BOX),카놀3+올리고당1+잇츠팜12
50-00,동원 건강한49호/4세트-(Box),(참치100g*12+리챔120g*4)*4set
34-01-02,호연당 아카시아꿀물 파우치 (24/36),(150ml*15)*4
14-13-01,펭귄HC황도슬라이스400g(강구나루) (100),400g*24
31-47-06,환타 밀크소다 (암바사) 250,250ml*30
50-55,동원진호 3세트,살코기150*14+김치찌개150*4+고추참치150*4+야채참치150*4
35-18,참맑은 톡톡 오렌지185ml,185ml*30
35-18-01,참맑은 톡톡 포도185ml,185ml*30
35-18-02,참맑은 톡톡 파인애플185ml,185ml*30
35-18-03,참맑은 cool사이다175ml,175ml*30
82-05,아이뿌요 퍼플120ml,120ml*32
67-01-02,272 상아 올데이365 유산균120g,(2g*60)
27-37-03,펩시콜라제로355 (소매점용)(99),355ml*24
54-55,농심) 사리곰탕면 멀티,(5*8)
39-33,구포국수(방울이)3kg (60),3kg*6
27-17-04,트레비레몬 500 (6입),500ml*6
27-17-05,트레비자몽 500 (6입),500ml*6
27-17-06,트레비플레인 500 (6입),500ml*6
23-55,웅진 자연은 더말린 제로 자몽 500,500ml*20
23-56,웅진 자연은 더말린 제로 복숭아 500,500ml*20
23-57,웅진 자연은 더말린 제로 애플망고 500,500ml*20
27-16-01,칠성사이다355 (99) 일반용 바코드O,355ml*24
29-04-03,천연사이다 355ml (온라인),355ml*24
55-01-04,컨디션스틱 그린애플 18g,(18g*50)*4
55-01-05,컨디션스틱 컨디션맛 18g,18g*200
35-18-04,참맑은 오렌지쌕175ml,175ml*30
35-18-05,참맑은 토마토175ml,175ml*30
31-17-03,스프라이트캔제로 355 (업소),355ml*24
27-28-06,칠성사이다제로355(소매점용),355ml*24
11-73,라리 스위트콘덕용 2.95kg (64),2.95kg*6
90-75,동원 상상육포50g 30입,50g*30
12-18-11,동원 쿨피스 복숭아뚱캔 350 24입(90),350ml*24
69-01,상아 이츠리얼석류40g,40g*30p
27-04-05,밀키스제로500,500ml*24
26-27-05,웅진 티즐 제로 피치얼그레이500 (80),500ml*20
26-27-06,웅진 티즐 제로 라임민트티500 (80),500ml*20
11-05-71,동원 고추참치기획100g (10입),(100g*10)*10
10-19-02,테이프 투명(아크릴) 50입,48*50
81-20-01,백설 크레잇공깃밥(따끈한밥) 200g(40),200g*(8*6)
30-04-02,삼다수2L 무라벨 (96),2L*6
11-74,"동서 리치스홀커널스위트콘덕용 (태국) 2,950kg (42)",2.95kg*6
11-74-01,동서 리치스홀커널스위트콘 소 (태국) 425g (75),425g*24
11-41-04,동원참치기획 (LA150g*2+고추150g*2)*12,(LA150g*2+고추150g*2)*12
11-03-05,펭귄 살코기덕용참치1880g (88),1.88kg*6
11-74-02,동서 리치스후르츠칵테일850g (90),850g*12
11-74-03,동서 리치스후르츠칵테일3kg (48),3kg*6
11-74-04,동서 리치스파인애플(슬)836g (90),836g*12
11-74-05,동서 리치스파인애플프리미엄(슬)3kg (48),3kg*6
27-17-07,트레비라임 500 (6입),500ml*6
11-75-01,동서 리치스블랙올리브슬라이스3kg (42),3kg*6
11-75-02,동서 리치스블랙올리브홀 피티드3gk (42),3kg*6
11-75-03,동서 리치스블랙올리브슬라이스405g,405g*24
11-75-04,동서 리치스블랙올리브홀 피티드405g,405g*24
24-34-01,동서 레드불 슈가프리250 (128),250ml*24
22-13-02,뽀로로 누룽지차 (117),220ml*24
32-71,코코뿌요 복숭아맛280,280ml*24
32-72,코코뿌요 애플망고맛280,280ml*24
22-18-01,뽀로로 과일맛젤리 쁘띠,(18g*40)*6
11-41-05,동원참치기획 살코기90g,90g*80
23-35-02,웅진헛개차180(132),180ml*30
31-03-09,몬스터 선라이즈 (주황)355,355ml*24
32-26-03,코코팜탱글탱글포도300ml(펫),(300ml*24)
32-26-04,코코팜탱글탱글피치핑크300ml(펫),(300ml*24)
24-706,동서 스타벅스헤이즐넛향(병)281ml(112),(281ml*16)
24-704-07,스타벅스 더블샷바닐라(캔)200ml(108),200ml*36
12-01-05,동원보성홍차아이스티제로 레몬  500ml (54),500ml*24
08-71,★면세★ 해찬들 우리쌀 태양초 고추장 1kg(48),1kg*12
08-70,★면세★ 해찬들 우리쌀 태양초 고추장 500g(48),500g*20
27-04-06,밀키스제로250,250ml*30
81-90,씨제이 이츠웰 쫄깃한 소면국수900g (84),900g*15
81-91,씨제이 이츠웰 쫄깃한 소면국수3kg,3kg*4
21-101-03,GT맛두유팩 진검은콩깨190,190ml(24*3)
11-75-05,동서 리치스통단팥3kg(56),3kg*6
82-01,씨제이 이츠웰 살코기 덕용참치1.88kg,1.88kg*6
20-31,광동 비앙떼 허니유자 캐모마일500ml,500ml*20
20-31-01,광동 비앙떼 허니자몽 블랙티500ml,500ml*20
24-61,웅진 캐치티니핑 딸기200ml (104),200ml*24
24-62,웅진 캐치티니핑 사과200ml (104),200ml*24
24-63,웅진 캐치티니핑 복숭아200ml (104),200ml*24
24-64,웅진 캐치티니핑 유기농보리자200ml (104),200ml*24
24-65,웅진 캐치티니핑 유기농작두콩차200ml (104),200ml*24
31-47-07,환타 밀크소다345ml,345ml*24
35-18-06,참맑은 유자175ml (156),175ml*30
24-09-01,웰치스제로 샤인머스켓355,355ml*24
24-09-02,웰치스제로 오렌지355,355ml*24
27-23-01,델몬트알로에400,400ml*20
47-01,롯데 브레드이발소 오렌지망고,235ml*24
47-01-01,롯데 브레드이발소 포도사과,235ml*24
28-27,탐스 제로레몬355,355ml*24
28-28,탐스 제로사과키위355,355ml*24
28-29,탐스 제로오렌지355,355ml*24
31-13-04,파워에이드제로 600,600ml*20
31-47-09,환타 밀크소다 1.5,1.5L*12
27-15-05,펩시콜라제로250ml,250ml*30
28-52-01,미에로 스파클링제로 350,350ml*24
11-04-05,동원참치살코기(빅) 250g,250g*36
80-26-07,★면세 류씨네 한식용(중국산)2.5kg,2.5kg*4
20-04-01,광동비타제로블랙라벨500/100ml (40),100ml*100
13-73,보고잇수 500,500ml*20
13-74,보고잇수 330 (128),330ml*20
11-74-07,동서 리치스 파인청크3kg(48),3kg*6
39-308-200-02,오뚜기 팬더굴소스 2.27kg,2.27kg*6
13-73-01,보고잇수 500 (고급),500ml*20
13-74-01,보고잇수 330 (고급),330ml*20
15-15-07,햇반기획210g (8입*6) (48),210g*(8*6)
31-44-08,환타파인500ml(업소)(48),500ml*24
23-36-01,웅진자연은내사랑사과캔180 (132),180ml*30
28-25,나랑드 화이트콤부차제로 245캔,245ml*30
28-25-01,나랑드 화이트콤부차제로 400,400ml*24
11-39-03,동원꽁치400 6입,400g*6
23-36-02,웅진자연은내사랑토마토캔180 (132),180ml*30
50-71,동원스페셜21호/ 4세트(BOX),(살135g*6+카놀480ml*2+건강유480ml*1)*4
50-71-01,동원스페셜49호/ 6세트(BOX),(살90g*4+리챔더블라120g*4+참기름330ml*1)*6
50-72,동원참치M12호/ 5세트(BOX) (30),(살코기135g*8+살코기90g*4)*5
50-72-01,동원참치NS15호/ 6세트(BOX) (40),(살코기90g*10+고추90g*4)*6
50-72-02,동원참치V30호/ 5세트(BOX),(살코기150g*10+고추100g*5)*5
50-75,동원튜나리챔30호/ 5세트(BOX),(살코기90g*12+리챔더블라이트120g*3)*5
08-25-01,CJ 현명한선택FW호/ 5세트 (32),(스팸200*4+스팸120*4+발사믹식초500ml*1)*5
15-15-08,CJ 햇반210g (10입),(10입*3)
50-72-01-01,동원참치S14호/낱세트,
50-72-001,동원참치M12호/낱세트,
50-72-02-01,동원참치V30호/낱세트,
50-71-001,동원스페셜21호/낱세트,
50-71-01-03,동원스페셜49호/낱세트,
50-75-01,동원튜나리챔30호/낱세트,
68-05,상아 고려홍삼 절편삼20g,20g*8
81-57-01,갈아만든배 사이다제로 500,500ml*24
31-11-01,캐나다드라이/토닉워터300,300ml*24
31-24-01,닥터페퍼제로350(88),(350ml*24)
50-76,동원참치S12호/ 6세트(BOX),(살코기90g*12)*6
25-50-10,진로토닉워터 진저엘300ml,300ml*24
22-18-02,뿌요소다젤리,(52g*12)*4
81-44-01,★면세★ 백설 하선정까나리액젓 2.5kg(52) 골드,2.5kg*6
41-05,★면세★ 백설 하선정멸치액젓 골드 800g(60),800g*15
41-05-01,★면세★ 백설 하선정까나리액젓 800g(60) 골드,800g*15
08-20-02,백설 해바라기유500ml- 24년 3/1까지,500ml*12
08-20-03,백설 건강을생각한 요리유500ml,500ml*12
08-20-04,백설 바삭한 요리유500ml- 24년 7/24까지,500ml*12
08-20-05,백설 압착올리브유500ml,500ml*12
31-01-011,코카콜라제로190ml(업소),190ml*30
11-18,그린자이언트 니블렛 스위트콘340g,340g*24
12-01-10,동원보성홍차아이스티제로 복숭아 350ml (54),350ml*24
12-01-11,동원보성홍차아이스티제로 레몬 350ml,350ml*24
11-25,한성꽁치300g(80),300g*24
11-74-08,리치스 그린올리브 홀 피멘토캔 405g,405g*24
12-01-12,동원보성홍차아이스티제로 애플 500ml (54),500ml*24
12-01-13,동원보성홍차아이스티제로 샤인머스켓 500ml (54),500ml*24
50-75-02,동원튜나리챔77호(캔57호)/ 4세트 (BOX) (30),(살코기135g*8+고추135g*4+리챔200g*4)*4
24-49-07,카프리썬(정글)  (378),200ml*10
51-30,동원참치T12호/ 5세트 (40),(살코기135g*12)*5
51-30-01,동원참치T14호/ 5세트 (30),(살코기135g*10+고추135g*4)*5
51-30-02,동원참치T21호/ 3세트 (32),(살코기135g*10+고추135g*5+야채135g*3+찌개135g3)*3
51-31,동원참치S12호/ 6세트 (40),(살코기90g*12)*6
81-12-01,웅진 자연은샤인머스켓500ml,(500ml*20)
38-09-08,동화 부채표쌍화원100ml,(100ml*50)
11-39-05,동원꽁치300g (96),300g*24
00-15,택배비 - 3500,
32-16-08,해태 미닛자몽에이드탄산뚱캔355,355ml*24
28-24-07,나랑드사이다제로500 (24입),500ml*24
20-01-01,광동 옥수수수염차340 (104),340ml*20
2-01,해태 갈아만든배사이다210ml,(210ml*30)
22-16-07,뽀로로워터젤리(오렌지)120ml,(120ml*40)
31-31-01,킨사이다190ml,(190ml*30)
00-16,택배비 - 4000,
23-50-01,웅진 레몬셔벗에이드제로1.5 (48),(1.5L*12)
23-51-02,웅진 레몬셔벗에이드제로500,500ml*20
23-51-03,웅진 애플셔벗에이드제로1.5 (48),(1.5L*12)
23-51-04,웅진 애플셔벗에이드제로500,500ml*20
20-07-04,광동 헛개차340(104),340ml*20
20-01-02,광동옥수수340(특판),(340ml*20)
20-06-02,광동비타500칼슘100ml(인터넷용),(100ml*100)
20-90,광동 썬키스트 모과생강 280ml,280ml*24
20-90-01,광동 썬키스트 허니유자 280ml,280ml*24
20-90-02,광동 썬키스트 레몬에이드 500ml,500ml*24
25-50-11,진로토닉워터제로 솔 300ml,300ml*24
29-07-02,탑씨 블루레몬에이드 1.5 (40),1.5L*12
31-04-03,코카콜라500제로(업소)/48,500ml*24
12-41,동원 쿨피스 제로 테트라 복숭아 140 (216),140ml*24
12-41-01,동원 쿨피스 제로 테트라 자두 140(216),140ml*24
24-60,웅진 캐치티니핑 밀크200ml (104),200ml*24
23-40-04,일화차시 호박팥차500ml,(500ml*20
25-50-12,진로토닉워터제로 와일드피치300ml,300ml*24
21-03-01,남양프렌치카페 악마의유혹마일드라떼250ml,(250ml*10)
31-03-10,몬스터 에너지 피치킨(살구벚꽃)355,355ml*24
53-01,해표 식용유1.8L (32),1.8L*12
53-01-01,사조 콩기름0.5L,0.5L*30
53-01-02,사조 콩기름0.9L,0.9L*20
53-01-03,사조 옥수수유1.8L,1.8L*12
53-01-04,사조 올리브유900ml,900ml*12
53-01-05,사조 바삭요리유900ml,900ml*12
53-01-06,사조 깔끔요리유900ml,900ml*12
53-01-07,사조 카놀라유900ml,900ml*12
53-01-08,사조 포도씨유900ml,900ml*12
15-07-01,사조 살코기참치85g,85g*48
15-07-02,사조 찌개참치85g,85g*48
15-07-03,사조 통살참치 황다랑어100g,100g*48
15-07-04,사조 통살참치 마라100g,100g*48
15-07-05,사조 통살참치 트러플100g,100g*48
15-07-06,사조 통살참치 알바코100g,100g*48
15-07-07,사조참치 고추할라피뇨100g,100g*48
15-07-08,사조참치 간장버터100g,100g*48
15-07-09,사조참치 짜장100g,100g*48
15-07-10,사조참치 토마토커리100g,100g*48
15-07-11,사조 생생참치 레귤러115g,115g*24
53-02,사조 순창궁 초고추장320g,320g*20
53-02-01,사조 순창궁 초고추장530g,530g*20
53-02-02,사조 순창궁 초고추장170g,170g*24
53-02-03,사조 순창궁 새콤상큼초고추장1kg,1kg*12
53-03,사조 더고소한파래김16p,16p*8
53-03-01,사조 더고소한재래김16p,16p*8
58-01,사조 라이트팜200g,200g*48
58-01-01,사조 안심팜340g,340g*24
59-01,사조 고소한참기름320ml,320ml*12
59-01-01,사조 고소한참기름500ml,500ml*12
59-01-02,사조 고소한참기름55ml,55ml*30
59-02-01,사조 맛술800ml,800ml*15
15-09-01,사조 한알레시피 한우80g,80g*20
15-09-02,사조 한알레시피 해물80g,80g*20
15-09-03,사조 한알레시피 사골68g,68g*20
15-02-01,사조 부침가루1kg,1kg*10
15-02-02,사조 튀김가루1kg,1kg*10
53-04-01,사조 물엿1.2kg,1.2kg*12
53-04-02,사조 물엿700g,700g*20
53-01-09,사조 올리고당700g,700g*20
53-01-10,사조 올리고당1.2kg,1.2kg*12
53-01-11,사조 조청1.2kg,1.2kg*12
53-01-12,사조 양조식초1.8L,1.8L*8
53-01-13,사조 사과식초1.8L,1.8L*8
15-04-11,사조 고등어300g,300g*24
15-04-10,사조 꽁치300g,300g*24
79-01,사조 참치액900g,900g*10
79-01-01,사조 홍게액900g,900g*12
79-01-02,사조 프리미엄꽃게액550ml,550ml*12
79-01-03,사조 참육수 멸치다시마500g,500g*12
79-01-04,사조 프리미엄참치액550ml,550ml*12
79-01-05,사조 참치액 칼칼한맛900g,900g*10
79-02-01,사조 24/7뼈없는소갈비탕500g,500g*16
79-02-02,사조 24/7사골돼지국밥500g,500g*16
79-02-03,사조 24/7진한사골곰탕500g,500g*16
59-01-03,사조 참진한들기름320ml,320ml*12
38-01,사조 쫄깃한당면500g,500g*20
38-02,사조 볶음참깨180g,180g*20
48-01,사조 365.24오리지널육포30g,30g*30
48-01-01,사조 365.24오리지널구운육포30g,30g*30
64-01,사조 팝콘오리지널80g,80g*48
64-01-01,사조 팝콘버터맛80g,80g*48
64-01-02,사조 팝콘달콤한맛80g,80g*48
09-51,★면세★ 사조 순창궁태양초골드고추장 1.8kg+450g,(1.8kg+450g)*6
09-51-01,★면세★ 사조 순창궁태양초골드고추장500g,500g*20
09-51-02,★면세★ 사조 순창궁태양초골드고추장170g,170g*24
09-51-03,★면세★ 사조 순창궁우리햅쌀고추장170g,170g*24
09-51-04,★면세★ 사조 순창궁태양초골드고추장1kg,1kg*8
09-51-05,★면세★ 사조 순창궁우리햅쌀고추장500g,500g*20
09-51-06,★면세★ 사조 순창궁우리햅쌀고추장1kg,1kg*8
09-51-07,★면세★ 사조 순창궁매운햅쌀고추장500g,500g*20
91-51-08,★면세★ 사조 순창궁재래식된장500g,500g*20
91-51-09,★면세★ 사조 순창궁재래식된장1kg,1kg*8
91-51-10,★면세★ 사조 순창궁재래식된장170g,170g*24
91-51-11,★면세★ 사조 순창궁12가지양념쌈장170g,170g*24
91-51-12,★면세★ 사조 순창궁12가지양념쌈장500g,500g20
91-51-13,★면세★ 사조 순창궁12가지양념쌈장1kg,1kg*8
09-56-01,★면세★ 사조 완도미역100g,100g*30
09-56-02,★면세★ 사조 완도미역45g,45g*40
09-57-01,★면세★ 사조 멸치디포리 다시팩15g,(15g+10)*16
09-57-02,★면세★ 사조 새우해물 다시팩15g,(15g+10)*16
09-57-03,★면세★ 사조 야채 다시팩15g,(15g+10)*16
09-57-04,★면세★ 사조 얼큰 다시팩15g,(15g+10)*16
09-71-01,★면세★ 사조 찹쌀가루350g,350g*30
09-71-02,★면세★ 사조 중력밀가루1kg,1kg*10
09-71-03,★면세★ 사조 우리밀밀가루750g,750g*14
09-74-01,★면세★ 사조 꽃소금1kg,1kg*14
09-74-02,★면세★ 사조 꽃소금500g,500g*30
09-74-03,★면세★ 사조 천일염1.5kg,1.5kg*10
09-74-04,★면세★ 사조 천일염3kg,3kg*5
09-74-05,★면세★ 사조 순후추100g,100g*24
03-76-01,★면세★ 해표 진간장S 1.8L,1.8L*8
03-76-02,★면세★ 사조해표 국간장1.8L,1.8L*8
03-76-03,★면세★ 해표 양조간장1.8L,1.8L*8
23-76,가야웅진 깊을수록(무라벨)물 500ml (112),500ml*20
31-01-08,코카콜라제로245ml(업소용)슬림(99),245ml*30
22-04-00,비락식혜제로1.5 (48),1.5L*8
22-01-06,비락식혜제로238 (120),238ml*24
35-21,동원 순백보리차500ml,500ml*20
25-50-13,진로토닉워터제로 600ml,600ml*20
28-24-06-01,나랑드사이다제로245ml,(245ml*30)
28-24-08,나랑드사이다 파인제로500 (24입),500ml*24
39-34,씨제이 굿딜 구포국수3kg (60),3kg*6
35-18-07,참맑은 사과175ml (156),175ml*30
35-18-08,참맑은 배175ml(156),175ml*30
35-18-09,참맑은 머스캣175ml (156),175ml*30
24-704-08,동서 스타벅스 더블샷바닐라275ml,275ml*24
20-90-03,광동 썬키스트 오렌지소다 355ml,355ml*24
20-90-04,광동 썬키스트 오렌지소다 600ml,600ml*24
20-90-05,광동 썬키스트 오렌지소다 1.5L,1.5L*12
20-90-06,광동 썬키스트 자몽소다 355ml,355ml*24
20-90-07,광동 썬키스트 자몽소다 600ml,600ml*24
20-90-08,광동 썬키스트 자몽소다 1.5L,1.5L*12
21-004,사과야팩,190ml*24
21-004-01,청포도야팩,190ml*24
24-34-02,동서 레드불 퍼플에디션250,250ml*24
31-05-001,코카콜라제로(업소) 1.25(45),1.25L*12
38-09-09,동화 시원하게 비우는 배러라이트120g,120g*(10병*10)
38-09-10,동화 환하게 빛나는 배러라이트120g,120g*(10병*10)
20-07-05,광동옥수수수염차340 (80) (24입),340ml*24
27-331,마운틴듀 제로슈거355ml,355ml*24
12-15-01,해태 큰집식혜 72입,(238ml*72)
31-13-06,파워에이드 스칼렛스톰600,600ml*20
28-24-09,나랑드사이다 애플제로500 (24입),500ml*24
15-06-75,사조해표 마일드참치85g,85g*48
31-03-11,몬스터에너지 오지스타일 레모네이드(파랑노랑)355,355ml*24
22-13-03,뽀로로 복숭아 (117),235ml*24
32-13-01,해태 과일촌 배드링크175ml,175ml*30
32-13-02,해태 과일촌 과일믹스드링크175ml,175ml*30
35-18-10,참맑은 비스카페라떼175ml(143),175ml*30
24-173,티오피 마스터라떼275(6팩)/110,275ml*24
24-35-01,티오피 마스터라떼380(6팩)/80,380ml*24
24-35-02,티오피 스위트아메리카노380(6팩)/80,380ml*24
24-35-03,티오피 더블랙380(6팩)/80,380ml*24
55-01-06,컨디션스틱 자두맛 18g,18g200
55-01-07,컨디션스틱 망고맛 18g,18g*200
28-52-02,미에로 스파클링제로250ml (120),250ml*30
91-51-14,★면세★ 사조 태양초고추장1.9kg,1.9kg*(1.5kg+400g)*6
91-51-15,★면세★ 사조 맛있는양념쌈장진1.9kg,1.9kg*(1.5kg+400g)*6
15-04-14,사조 자연산골뱅이300g,300g*24
32-01-05,해태 봉봉 아이스티제로 복숭아500ml,500ml*24
32-01-06,해태 봉봉 아이스티제로 자몽500ml,500ml*24
31-50-04,코카콜라/토레타제로500,500ml*24
20-02-02,광동 옥수수수염차500ml(72),500ml*20
27-100-01,아이시스500/롯데칠성(96),500ml*20
27-15-06,펩시콜라 제로파인애플355ml,355ml*24
23-13-04,웅진아침햇살고구마 500,500ml*20
23-13-02,웅진아침햇살옥수수 500,500ml*20
81-12-02,웅진 자연은샤인머스켓캔180ml (132),180ml*30
20-09-01,광동헛개1.5(52),(1.5L*12)
12-15-02,해태 큰집식혜 24입,238ml*24
24-071-10,맥스웰 마스터블랙(6팩)500,(500ml*24)
24-071-08,맥스웰 마스터라떼(6팩)500,(500ml*24)
24-071-09,맥스웰 마스터스위트블랙(6팩)500,(500ml*24)
20-08-04,광동헛개500ml(72),500ml*20
20-03-01,광동 옥수수수염1.5(52),(1.5*12)
22-13-04,빅 뽀로로제로 밀크,360ml*24
22-13-05,빅 뽀로로제로 딸기,360ml*24
100-99,씨그램플레인 190,190ml*30
27-37-02,펩시콜라제로 라임355(소매점용)(99),355ml*24
31-48,환타파인제로 355,355*24
54-21-01,팔도비빔면 2 (32입),4*8
26-27-07,웅진 티즐 제로 딸기루이보스500 (80),500ml*20
23-58,웅진 자연은 더말린 제로 리치 500,500ml*20
12-37-03,동원헛개차350 (24입),350ml*24
45-10-05,Cj 스팸3k호/4세트(32),[(200g*6)+(300g*6)]*4
27-91-03,립톤복숭아제로뚱캔355,355ml*24
20-90-09,광동 썬키스트 포도주스1.5,1.5L*12
20-90-10,광동 썬키스트 사과주스1.5,1.5L*12
20-90-11,광동 썬키스트 감귤주스1.5L(48),1.5L*12
45-12-06,CJ 스팸특별한선택 H-2호 (32)/5세트,(스팸클120g*4+카놀라유2+올리고당1)*5
12-30,동원 양반 이천쌀 식혜238ml(140),238ml*24
34-21,동원 레몬녹차350  (24입),350ml*24
81-22-03,조지아 크래프트 블랙470,470ml*24
23-59,웅진 자연은 더말린 제로배500,(500ml*20)
04-01,성진켐 리오락스 1L,1L*12
04-01-01,성진켐 리오락스 2L(60),2L*6
16-32,신세계 파인애플슬라이스3kg,3kg*6
30-12-00,블랙보리누룽지 520ml,520ml*20
31-17-00,스프라이트슬림 245(업소용),245ml*30
67-73,우리곡물 크리스피롤23 크림치즈,500g*8
67-73-01,우리곡물 크리스피롤23 인절미,500g*8
32-01-01,해태포도봉봉제로340,340ml*24
36-83-06,태원종이컵 (72),(6.5온스*20)
08-37-05,백설 고소함가득 참기름 450ml,4540ml*12
31-07-01,태양의 마테차 500,500ml*24
23-34-05,웅진 자연은사과캔 180(132),180ml*30
31-48-01,환타오렌지제로 355,355ml/*24
23-19-05,웅진 초록매실스파클링제로펫350,(350ml*24)
50-71-02,동원스페셜5호/ 5세트(BOX)/32,(살코기90g*6+리챔120g*3+카놀*2)*5
50-71-03,동원프리미엄60호 / 5세트(BOX) (16),(살코기90g*9+참치액*1+참기름*2+요리유*2)
45-20-+01,애경사랑다온14호(5세트)(32),(1세트)*5
45-20-02,애경사랑19호(4세트)(24),(1세트)*4
51-30-03,동원참치T18호 / 3세트 (32),(살코기135g*18)*3
67-74,명가 꽈배기 참깨 (45),500g*16
67-74-01,명가 꽈배기 흑당 (45),500g*16
23-10-02,웅진 자연은달콤감귤 1.5 (48),1.5L*12
27-04-07,롯데 밀키스제로딸기바나나250,(250ml*30)
31-47-03,환타제로오렌지350ml,(350ml*24)
31-47-04,환타제로파인350ml,(350ml*24)
31-47-05,환타제로포도350ml,350ml*24
31-44-07,환타오렌지500ml(업소),(500ml*24)
31-43,환타오렌지190 (126),
31-42-01,환타파인250,
30-12-99,블랙보리누룽지 1.5L,1.5L*12
15-03-10,스팸클래식 300g (96),(300g*20)
15-02-11,스팸마일드 25% 라이트 300g,(300g*20)
15-03-11,스팸 마일드 25%라이트300g,(300g*20)
12-18-01,동원 쿨피스톡제로 파인애플펫340(77),(340ml*24)
21-003-03,과수원팩(오렌지),190ml*24
11-74-06,동서 리치스파인애플(슬)3kg (48),3kg*6
28-43,모닝케어 프레스온 양배추G(위)/56,106g*(10병*5)
28-43-01,모닝케어 프레스온 밀크씨슬H(간)/56,106g*(10병*5)
32-30-03,갈아만든배 사이다제로355,(355ml*24)
23-13-01,웅진아침햇살제로500,(500ml*20)
23-60,웅진 카무트현미차(아셉틱)500,(500ml*20)
23-19-06,웅진 초록매실스파클링제로캔350,(350ml*24)
66-07,선푸드 검은깨쌀누룽지칩,270g*10
66-01,선푸드 고소한 누룽지칩 콩,180g*20
66-01-01,선푸드 고소한 누룽지칩,180g*20
20-14-03,광동비타500 240캔(24입) (132),240ml*24
66-06,선푸드 미니오색뻥,130g*20
31-18-00,미닛메이드 쿠우오렌지 300,300ml*24
35-18-11,참맑은 비스더블랙175ml (156),175ml*30
29-16,일화 레몬녹차340 (144),340ml*20
27-15-07,펩시콜라제로 모히또355(소매점용),355ml*24
11-05-11,동원 고추참치기획135g(10입)/ 84,(135g*10)*6set)
27-25-02,칠성사이다제로500 (업소용) (77),500ml*20
31-16-01,파워에이드제로 1.5 (32),1.5L*12
20-13-02,피크닉젤리 사과 8입 (64),(45g+8)*5
20-13-03,피크닉젤리 청포도 8입 (64),(45g+8)*5
20-13-04,피크닉젤리 복숭아 8입 (64),(45g+8)*5
20-13-11,엔요 요구르트젤리 8입 (64),(45g+8)*5
20-13-12,엔요 요구르트젤리(딸기) 8입 (64),(45g+8)*5
30-12-05,블랙보리제로라이트1.5,(1.5L*12)
15-04-01,스팸기획클래식300g(3입) (72),(300g*3)*8
29-30-02,키위 에이드340,(340ml*24)
31-17-1,스피라이트제로chill350,(350ml*24)
31-17-08,스프라이트 제로 chill 아이스블라스트350,(350ml*24)
31-47-10,환타멜론350,(350ml*24)
31-47-11,환타 제로 상큼피치350,(350ml*24)
65-53,싱싱푸드 양파를 품은 메밀칩,160g*8
65-53-01,푸드킹 대파맛 메밀칩,160g*10
26-36,티도씨 자몽500,500ml*20
26-36-01,티도씨 체리500,500ml*20
30-13-01,티도씨체리500,(500ml*20)
55-72,새싹보리 블랙,500ml*24
55-38,티로그 애플청포도 아이스티 제로 500,500ml*24
55-38-01,티로그 루비자두 아이스티 제로 500,500ml*24
66-08,우리곡물23 크리스피롤 미니 초코,1kg*3
66-08-01,우리곡물23 크리스피롤 미니 치즈,1kg*3
12-01-09,동원 윤곽나인제로500/54,(500ml*24)
28-040-01,블랙빈테라티340,(340ml*20)
48-34,NINE 야채크래커,440g*18
48-69,아임에이드 블루레몬에이드,230ml*(10개*5곽)
48-69-01,아임에이드 블루베리에이드,230ml*(10개*5곽)
48-69-02,아임에이드 레몬에이드,230ml*(10개*5곽)
48-69-03,아임에이드 수박에이드,230ml*(10개*5곽)
48-69-04,아임에이드 망고에이드,230ml*(10개*5곽)
48-69-05,아임에이드 복숭아아이스티,230ml*(10개*5곽)
31-18-03,미닛메이드 시그니처토마토350,350ml*24
31-46-02,환타멜론600,(600ml*24)
31-17-09,스프라이트350,(350ml*24)
31-17-10,스프라이트제로350,(350ml*24)
29-67,일화 팅글 레몬애사비소다,250ml*30
65-01-01,페리에라임500ml,(500ml*24)
31-22,코카콜라제로250(99),
31-47-12,환타오렌지350,350ml*24
31-47-13,환타파인350,(350ml*24)
31-47-14,환타포도350,350ml*24
29-68,분다버그핑크그레이프푸르트375(110),(375ml*12)
28-06-01,화이브미니 (50입),100ml*50
23-19-09,웅진 초록매실스파클링제로캔350,(350ml*24)
01-19-10,청정원 스페셜S호/4세트(32),
IMADE10EA-48-69-09,아임에이드 블루레몬에이드 230ml*10 [IMADE10EA-48-69],
45-10-09, CJ 스팸12K호 (40) (4세트), 1세트*4
27-21-05,롯데칠성 델몬트오렌지드링크팩190,(190ml*32)
27-21-06,롯데칠성 델몬트사과드링크팩190,(190ml*32)
27-21-07,롯데칠성 델몬트망고드링크팩190,(190ml*32)
27-39-05,롯데칠성 쌕쌕오렌지240,(240ml*30)
27-75-06,롯데칠성 오늘의차 옥수수수염펫500,(500ml*24
27-21-08,롯데칠성 델몬트포도드링크팩190,(190ml*32)
27-04-04,밀키스제로500 (6입),500ml*6
20-67,광동 발효홍삼골드,100ml*(14*5)
20-67-01,광동 산삼배양근진액,100ml*(12*5)
27-24-03,게토레이 블루볼트600,(600ml*6)
28-13-36,현대약품 흑생,(75ml*10입)*5
00-01,택배비 - 2100,
45-28,CJ스팸복합100호 / 3세트(32),(카놀*2+스팸200g*8+340*2+120*2)
22-04-08,비락수정과1.5 (12입),1.5L*12
29-63,일화 6년근 통째로먹는 고려 홍삼정과,320g(40g*8입)*10
23-22-02,웅진 자색옥수수수염차500,(500ml*20)
23-39-02,웅진 자색옥수수수염차1.5,(1.5L*12)
23-50-05,웅진 자연은배1.5,(1.5*12)
27-12-05,롯데칠성 레쓰그란데라떼500(6입),(500ml*6)
28-24-10,나랑드사이다1.5,(1.5*12)
23-39..,웅진 옥수수수염차 1.5L 12개,
11-01-04,동원 고추참치135g,135g*48
31-24-05,닥터페퍼 제로 스트로베리크림350,(350ml*24)
27-014-02,핫식스 더킹 퍼플그레이프355,(355*24)
52-86,김소형 원방 흑염소 진액스틱,15g*100p
52-86-01,동의삼 침향기력보환,(3.75g*60)*10
45-12-05,CJ최고의선택 레드라벨/ 3세트,(스팸200g*8+스팸120g*5+카놀라*2)
27-75-08,롯데칠성 오늘의차 황금보리500,(500ml*24)
"24-173, 24-175","TOP(티오피) 마스터 / 블랙(275ml,24+24)[T]",
31-22-05,코카콜라350,(350ml*24)
31-22-06,코카콜라제로350,(350ml*24)
31-22-07,코카콜라제로레몬350,(350ml*24)
28-53-05,미에로 꿀모과배숙,(280ml*24)
11-40-002,동원참치기획100g(살3+고2),(살코기100g*3+고추100g*2)*20
36-50,모구모구 리치맛320ml,320ml*24
36-51,모구모구 피치맛320ml,320ml*24
36-52,모구모구 요거트맛320ml,320ml*24
36-53,모구모구 망고맛320ml,320ml*24
36-40,웰 바질시드 리치맛290ml,290ml12
36-41,웰 바질시드 망고맛290ml,290ml*12
36-42,웰 바질시드 백포도맛290ml,290ml*12
36-43,웰 바질시드 블루베리맛290ml,290ml*12
36-44,웰 바질시드 패션푸르트맛290ml,290ml*12
65-53-02,김에빠진 메밀칩,160g*8
18-03-20-01,삼아황도슬라이스,2.9kg*6
18-48-04-01,삼아키드니빈스400g,400g*24
18-131-30-01,삼아완두콩3kg,3kg*6
18-220-20-01,삼아밤감로자홀,2950g*6
18-216-20-01,삼아베이키드빈스2.6kg,2.6kg*6
18-48-20-01,삼아키드니빈스2.5kg,2.5kg*6
18-311-08-01,삼아파인원액,835ml*12
18-311-08-02,삼아키위원액,835ml*12
18-311-08-03,삼아오렌지원액,835ml*12
18-311-08-04,삼아딸기원액,835ml*12
62-39-01,튀룽 갈릭어니언맛,77g*20
62-39,튀룽 오리지널맛,77g*20
62-39-02,튀룽 매콤떡볶이맛,77g*20
62-39-03,튀룽 구운오징어맛,77g*20
96-177-05-01,대봉 삼색푸실리,500g*24
95-256-09-01,르씨엘 레몬후르츠쥬스,946ml*12
94-28-03-01,미드봉 크러쉬드레드페퍼 면세,340g*12
94-01-04-01,미드봉 흑후추 면세,400g*20
93-121-02-01,영흥 오토터키산 월계수잎,230g*6
92-288-20-04,정성 잡화꿀,2.4kg*8
36-152-20-02,대상 청정원 돼지불고기양념 2kg,2kg*8
15-244-10-01,백설 맛소금,1kg*10
18-294-10-01,네슬레 메기 치킨스톡,1.2kg*6
14-52-05,크리스탈무라벨 500ml (119),(500ml*20)
97-25-02-01,신영 페페로치노홀200g/면세,200g*12
98-40-05-01,토호 튀긴마늘슬라이스500g,500g*12
99-79-10-01,아담스 파마산치즈가루,1kg*10
16-300-20-12,롯데 데리야끼소스 스파우트,2kg*6
15-03-13,스팸기획 마일드200g(3입),(200g+3)*12
27-26-02,펩시콜라제로1.25(업소용)/60,(1.25ml*12)
68-205-01-02,천우 빙초산,180ml*20
20-90-00,광동 썬키스트 도라지꿀배280ml,280ml*24
42-36,진솔 꼬소명가 착한참기름350ml,350ml*20
42-36-01,진솔 꼬소명가 착한들기름350ml,350ml*20
27-02-04,롯데칠성  이프로제로500ml,500ml*24
21-15-08,펩시콜라 제로슈거 라임향제로카페인355,(355ml*24)
186-300-05-01,아메리칸가든 히코리 바베큐소스510g,510g*12
68-177-05-08,디벨라 페투치네12호,500g*24
11-138-20-02,화남 스위트콘2.84kg,2.84kg*6
86-66-05-0211,컨츄리타임레몬에이드 분말가루,538g*12
27-261-30-03,삼도 해울찬락교,3kg*6
195-178-02-01,에이원 크래프트 스테이크소스,283ml*12
128-300-30-01,위레스코 킴벨칠리소스,3kg*6
32-176-30-02,헌트 안젤라미아 스파게티소스,2.95kg*6
156-191-06-01,제니스 소가루 비프베이스,680g*24
11-89-20-01,화남 고흥꿀유자차,2kg*6
11-61-09-01,화남 시바스케이퍼,1kg*6
92-288-20-03,정성 잡화청,2.4kg*8
97-42-20-01,무띠 토마토홀,2.5kg*6
86-66-05-02,청우 더진한캡사이신소스,550g*12
BT10EA-28-43-01,[낱개]모닝케어 프레스온 밀크시슬H 106g ㅁ10개 1곽ㅁ],
CMN200T1EA-21-108-110-13,[낱개][남양 프렌치카페커피믹스 (180+20)T ㅁ1개ㅁ],
09-04,퍼실(리필),2.1*6
28-29-02,탐스오렌지600,(600ml*20)
28-29-03,탐스파인제로600,(600ml*20)
144-288-20-01,청림/잡화꿀/청(대),2.4kg*8
98-303-10-02,토호/하나타카나,1kg*10
98-303-10-01,토호/하루타카나(매운맛),1kg*10
98-261-150-01,토호/락교/통/15kg,15kg
97-93-10-01,신영/짬뽕분말,1kg*12
97-59-04-01,신영/코리앤더분/450g,450g*12ea
97-52-04-02,신영/큐민홀,400g*12
97-52-04-01,신영/큐민분,450g*12
97-52-01-01,신영/큐민씨드45g,45g*12
97-46-03-01,신영/타임분/350g,350g*12
97-46-01-01,신영/타임홀,150g*12
97-44-05-01,신영/터머릭분-강황,500g*12
97-44-02-01,신영/터머릭(강황)250g,250*8
97-42-30-01,삼양/토마토홀/무띠,3kg*6
97-41-20-01,무띠/파인리챱/토마토/2.5kg,2.5kg*6ea
97-40-05-01,신영/튀긴마늘슬라이스/500g,500g*10
97-40-04-01,신영/튀긴마늘후레이크/420g,420g*12
97-35-02-02,+신영/파슬리(200g),200g*10
97-35-02-01,+신영/파슬리/250g,250g*10
97-35-01-03,+신영/파슬리(100g),100g*12
97-35-01-02,+신영/파슬리11g,11g*12
97-35-01-01,+신영/파슬리(70g),70g*12
97-329-02-01,신영/가람마살라/250g*8,250g
97-321-04-01,신영/계피분/400g,400g*12
97-321-02-01,신영/계피가루200g,200g*8
97-32-04-01,신영/파프리카씨즈닝/450g,450g*12
97-32-02-01,신영/파프리카시즈닝/230g,230g*8
97-31-02-01,신영/스타아니스200g,200g*12
97-31-01-01,신영/스타아니스100g,100g*8
97-282-05-01,신영/넛맥분말,500g*12
97-28-05-01,+신영/케이엔페퍼500G,500g*12
97-28-03-01,+신영/크러쉬드레드페퍼,340g*12
97-254-02-02,신영/로즈마리홀,200g*12
97-254-02-01,신영/로즈마리분,250g*12
97-25-01-01,+신영/페페로치노홀18g,18g*12
97-248-05-01,신영/마늘분(80),500g*12
97-24-03-01,신영/펜넬씨드/300g,300g*12ea
97-221-05-01,신영/베질럽드/500g,500g*10ea
97-221-03-01,신영/베질분,300g*12
97-221-01-01,신영/베이질홀,150g*12
97-208-04-01,신영/비프스파이스/456g,456g*40
97-195-04-01,+신영/생강분/400g,400g*12
97-187-10-02,신영/히말라야핑크솔트/고운1.5k,1.5kg*12
97-187-10-01,신영/히말라야핑크솔트/굵은,1.5kg*12
97-187-05-03,신영/핑크솔트/500g,500g*8
97-187-05-02,신영/핑크솔트/고운/500g,500g*8
97-187-05-01,신영/히말라야락솔트/500g,500g*8ea
97-187-01-01,신영/핑크솔트/110g/그라인더,110g*12
97-17-50-01,삼양/피자소스/무띠,4.1kg*3
97-172-05-01,신영/양꼬치시즈닝500g,500g*12
97-149-04-01,+신영/양파후레이크/430g,430g*12
97-144-05-01,신영/오레가노럽드/500g,500g*10ea
97-144-03-01,신영/오레가노분,350g*12
97-144-01-01,신영/오레가노홀,150g*12
97-14-10-01,신영/피클링스파이스/1kg,1kg*12
97-14-04-01,신영/피클링스파이스/450g,450g*12
97-14-01-01,신영/피클링스파이스/45g,45g*12
97-121-09-01,신영/월계수잎/90g,90g*24
97-121-02-01,신영/월계수잎(대),230g*4
97-121-01-01,신영/월계수잎(미니),25g*8
97-01-04-03,+신영/굵은후추(400g),400g*12
97-01-04-02,+신영/흑후추분말/450g,450g*12
97-01-04-01,+신영/흑후추/홀/450g,450g*12
97-01-02-02,+신영/흑후추/210g,210g*8
97-01-02-01,+신영/흑후추분(중)220G,220g*8
97-01-01-01,+신영/통흑후추그라인더55g,55g*12
96-324-10-01,대봉/건포도S1Kg,1kg*10
96-216-20-01,대봉/베이키드(대),2600g*6
96-216-04-01,대봉/베이키드빈스,420g*24
94-49-03-01,미드봉/클로브홀/350g,350g*12
94-35-02-01,+미드봉/파슬리후레이크/200g,200g*15ea
94-35-01-01,+미드봉/파슬리/70g,70g*24ea
94-254-02-01,미드봉/로즈마리홀 200g,200g*12
94-25-02-01,+미드봉/페페로치노홀,200g*12
94-221-01-01,미드봉/베질홀150g,150g*12
94-144-01-01,미드봉/오레가노홀/120g,120g*12
94-14-04-01,미드봉/피클링스파이스,400g*12
94-121-02-01,미드봉/월계수잎/230g,230g*6ea
94-01-10-01,+미드봉/흑후추/90%/1kg,1kg*15
94-01-05-01,+미드봉/흑후추/원두/500g,500g*30
94-01-04-07,+미드봉/흑후추/90% 면세,400g*20
94-01-04-06,+미드봉/백후추/원두/400g 면세,400g*20
94-01-04-05,+미드봉/백후추(90%),400g*20
94-01-04-04,+미드봉/굵은흑후추/크렉 면세,400g*20
93-327-50-01,+영흥/생추왕간장/4.9L,4.9L*2
93-327-20-01,+영흥/노추왕간장2.1K(1.75L),2.1k*6
93-327-05-01,+영흥/생추왕간장500ml(면세),500ml*12
93-326-200-01,영흥/감자전분100%,20kg*1
93-326-10-02,영흥/감자전분1kg(15入)/국산,1kg*15
93-326-10-01,영흥/감자전분/1Kg/수입,1kg*15
93-300-03-01,영흥/엑스오(XO소스)/오토,350g*12
93-273-10-01,영흥/오토/한식당면/1kg,1kg*10
93-141-200-01,영흥/오토미(핵산)/20Kg,20kg
93-100-20-02,영흥/오토/죽순채,2840g*6
93-100-20-01,영흥/오토/죽순편,2840g*6
93-01-10-01,+영흥/흑후추분/1kg,1kg*15
93-01-04-01,+영흥/흑/순후추분/95%,450g*24
93-01-02-01,+영흥/후추분/코메코/200g,200g*50
92-288-20-02,정성/아카시아청/꿀/2.4kg,2.4kg*8
92-288-20-01,+정성/천연아카시아꿀/청/2.4kg,2.4kg*8
92-288-200-01,+정성/사양벌꿀/25k,25kg*1
92-288-10-01,정성/잡화꿀/청(1.2K),1.2kg*15
92-288-05-01,정성/아카시아청/꿀/500g,500g*30
86-96-20-01,청우/가쓰오진국/2.1kg,2.1kg*8
86-96-10-01,청우/해물맛진국/1kg,1kg*12
86-66-05-01,청우/캡사이신액상,550g*12
86-66-04-01,청우/캡사이신분말,400g*12
86-39-50-01,청우/치킨튀김가루5kg,5kg*2
86-327-10-01,청우/마늘간장소스,1.05kg*12
86-321-03-01,청우/계피분,300g*12
86-300-20-11,청우/핫바베큐소스/2.05Kg,2.05kg*8
86-300-20-10,청우/캡사이신소스(2.1K),2.1K*8
86-300-20-09,청우/꼬지소스/매운맛/2.1k,2.1kg*8
86-300-20-08,청우/꼬지소스/순한맛/2.1k,2.1kg*8
86-300-20-07,청우/닭강정소스/매운맛/2.1kg,2.1kg*8
86-300-20-06,청우/닭강정소스/순한맛/2.1kg,2.1kg*8
86-300-20-05,청우/모밀소스/2.1kg,2.1kg*8
86-300-20-04,청우/무침양념소스/2.2kg,2.2kg*8
86-300-20-03,청우/케이준드레싱소스,2kg*10
86-300-20-02,청우/치킨소스2L/매운맛,2L*8
86-300-20-01,청우/치킨소스2L/순한맛,2L*8
86-300-10-04,청우/탕수육소스/1.9kg,1.9kg*8
86-300-10-03,청우/돈까스소스/1.9kg,1.9kg*8
86-300-10-02,청우/만능파절이소스1.9kg,1.9kg*8
86-300-10-01,청우/만능비빔무침양념소스1.1kg,kg*12
86-300-100-06,청우/닭강정매운맛소스/10kg,10kg
86-300-100-05,청우/닭강정순한맛소스/10kg,10kg
86-300-100-04,청우/치킨소스/매운맛,10kg
86-300-100-03,청우/꼬지소스/매운맛/10kg,10kg*1
86-300-100-02,청우/꼬지소스/순한맛/10kg,10kg*1
86-300-100-01,청우/치킨소스/순한맛,10kg*1
86-283-08-01,청우/해파리겨자냉채/880g,880g*12
86-243-20-01,청우/요리맛술/2.1kg,2.1kg*8
86-180-20-01,청우/스위트칠리2kg,2kg*8ea
86-152-20-04,청우/쭈.낙볶음양념2.1kg,2.1kg*8
86-152-20-03,청우/떡볶이양념 2KG,2Kg*10
86-152-20-02,청우/매운닭발양념 2kg,2kg*8
86-152-20-01,청우/만능불볶음양념2kg,2kg*8
86-152-10-01,청우/떡볶이양념분말/1kg,1kg*10
86-116-20-01,청우/8배고농축냉면육수/2.1kg,2.1kg*8ea
86-116-10-03,청우/더진한찐멸치육수/1.95kg,1.95kg*6
86-116-10-02,청우/멸치육수진국/1kg,1kg*12
86-116-10-01,청우/더진한찐멸치육수/1kg,1kg*12
86-116-100-01,청우/만능멸치육수/10kg,10kg
86-06-20-01,청우/우동다시,2.1kg*8
81-88-10-01,이츠웰/참기름,1.8L*6
81-69-30-01,이츠웰/칵테일1호,3kg*6
81-69-08-01,이츠웰/칵테일2호(12입),836g*12
81-33-30-02,이츠웰/파인애플1호,3kg*6
81-33-30-01,이츠웰/파인청크/3kg,3kg*6
81-33-08-01,이츠웰/파인애플2호,836g*12
81-313-140-01,+이츠웰/고추장/14kg(면세),14kg
81-300-20-01,이츠웰/탕수육소스(광동),2kg*5
81-273-10-01,이츠웰 자른당면,1kg*10
81-253-01-04,이츠웰/롤팩(미니)17cm,17cm*25cm
81-253-01-03,이츠웰/롤팩(소)25cm,25cm*35cm
81-253-01-02,이츠웰/롤팩(중)30*40cm,30cm*40cm
81-253-01-01,이츠웰/롤팩(대)33*45cm,33cm*45cm
81-227-200-01,이츠웰/쇠고기진한다시다/25kg,25kg
81-213-10-01,이츠웰/부침가루,1kg*10
81-154-10-01,*하선정/까나리액젓(1kg),1kg*12
81-139-200-01,이츠웰/옥수수전분,20K
81-119-01-01,이츠웰/위생백/중,25*35cm*100입
81-06-20-01,이츠웰/진한다시/2kg,2kg*6
68-75-04-01,디벨라/칙피스/영인,400g*24
68-71-30-01,천우/카라멜3.5kg,3.5kg*4
68-71-20-01,천우/카라멜2.7kg/5입,2.7kg*5
68-71-200-01,천우/카라멜/20kg,20kg*1
68-54-04-01,디벨라/버터빈스,400g*24
68-41-20-01,디벨라/토마토(홀)/영인,2.5kg*6
68-36-10-01,디벨라/영인/리조,1kg*10
68-300-01-01,천우/카라멜소스/190ml,190ml*40
68-221-05-01,디벨라/베질패스토,500g*6
68-22-05-01,+디벨라/폴렌타,500g*16
68-205-200-01,천우/빙초산/말통,20kg*1
68-205-10-01,천우/빙초산/1.5L,1.5L*12
68-205-04-02,천우/빙초산400ml,400ml*40
68-205-04-01,천우/빙초산/450ml,450ml*25
68-205-01-01,천우/빙초산180ml(pet),180ml*40
68-177-05-07,디벨라/스파게티니(9번)/영인,500g*24
68-177-05-06,디벨라/스파게티/8번/영인,500g*24
68-177-05-05,디벨라/링기니/14번/영인,500g*24
68-177-05-04,디벨라/까펠리니/500g,500g*24
68-177-05-03,디벨라/스파게티니(36입)9번,500g*36
68-177-05-02,디벨라/스파게티(36입)8번,500g*36
68-177-05-01,디벨라/링기니/14번/36입,500g*36
68-169-01-04,천우/색소(노랑)30g,11g*30개/팩(30g)
68-169-01-03,천우/색소(적색)30g*10,1g*30개/팩(30g)
68-169-01-02,천우/색소/녹색/초록,1g*30개/팩(30g)
68-169-01-01,천우/식용색소(분홍),30g*10
68-133-02-01,천우/지요다와사비/200g,200g*10*4팩/박스
66-167-50-01,위레스코/발사믹식초/5L,5L*2
62-167-180-01,청정원/현미식초/18L,18L
54-304-01-01,농심/사리면/40입,40입*박스
54-300-10-01,농심/가락모밀소스 1.8,1.794L
54-294-05-01,농심/건더기스프,500g*12
54-126-10-01,농심/가락우동국물/업소용,1.8*6
52-60-30-01,하인즈/케찹,3.3kg*6
52-60-150-01,하인즈/볼팍케찹/15kg,15kg
52-43-30-01,하인즈/페이스트,3.15kg*6ea
52-41-20-01,하인즈/토마토다이스/2.89k,2.89kg*6
52-300-20-01,하인즈/토마토소스,2.92kg*6
52-300-03-02,하인즈/우스타소스,340ml*12
52-300-03-01,하인즈/불스아이 오리지널 소스,355g*6
52-272-30-01,하인즈/데미그라스,3kg*6
52-272-08-01,하인즈/RTS데미그라스,830g*12
52-238-03-01,하인즈/옐로우머스타드(14oz),396g*12
52-176-30-01,하인즈/비프스파게티소스(와티),3kg*6
52-176-20-01,하인즈/화이트스파게티소스,2.9K*6
52-17-20-01,하인즈/피자소스,2.92kg*6
52-167-03-01,하인즈/와인식초/레드,355ml*12
52-167-01-01,하인즈/화이트식초,1gal*6
480-177-10-01,풀무원/바닐라스파게티/12입,1kg*12ea
45-308-20-01,씨제이/해천굴소스캔/2.27kg,2.27kg*6ea
45-265-10-01,씨제이/크레잇 남도떡갈비,1.05kg*8
45-260-120-01,애경/락스/12L,12L
45-246-10-01,씨제이/비비고/왕교자,1.365kg*6
45-233-200-01,씨제이(백설)/하이당물엿R/24kg,24kg*1ea
45-217-10-01,씨제이/크레잇/도톰베이컨/1kg,1kg*6ea
45-192-180-02,애경/부라보/식기린스/18.75L,18.75L
45-192-180-01,애경/부라보/식기세제/18.75L,18.75L
45-192-120-01,애경/부라보/세제/12L/말통,12L*1
45-168-180-01,씨제이/식용유/골드후라잉,18L
45-152-100-01,씨제이/돼지갈비양념,10kg
45-111-01-01,씨제이/위생장갑,200매
41-327-10-01,+해표/조림간장/1.8L(면세),1.8L*8
41-300-20-01,해표 돈까스소스 2kg,2kg*8
41-190-10-01,+해표/꽃소금1kg/수입,1kg*14
39-99-30-01,오뚜기/중면3kg,3kg*4
39-98-20-02,오뚜기/해선장(대),"2,270*6"
39-98-20-01,오뚜기/해선장(스파우트팩)2kg,2kg*6
39-98-02-01,오뚜기/해선장(소),240g*12
39-94-10-01,오뚜기/짜장/1kg,1kg*10
39-88-10-03,오뚜기/고소한참기름1.8L/A급,1.8L*6
39-88-10-02,오뚜기/참기름1.8L/오쉐프,1.8L*6
39-88-10-01,오뚜기/오쉐프/옛날참기름/1L,1L*8ea
39-88-04-01,오뚜기/옛날참기름/450ml,414g*12ea
39-72-180-01,오뚜기/카놀라유/18L,18L*1
39-70-10-03,오뚜기/카레1kg/매운맛,1kg*10
39-70-10-02,오뚜기/카레1kg/순한맛,1kg*10
39-70-10-01,오뚜기/카레1kg/약간매운맛,1kg*10
39-68-09-01,오뚜기/옛날칼국수,900g*15
39-60-30-02,오뚜기/케찹스파우트팩,3.3K*4
39-60-30-01,오뚜기/케찹3.3kg/캔,3.3kg*6
39-60-100-01,오뚜기/케찹10kg,10kg
39-60-08-01,오뚜기/케찹800g,800g*12
39-60-01-01,오뚜기/토마토케찹/1회용/1000EA,1000ea*9g
39-47-03-01,오뚜기/타바스코(대),350ml*12ea
39-47-01-02,오뚜기/타바스코(중),150ml*12ea
39-47-01-01,오뚜기/타바스코(소),60ml*12ea
39-39-10-02,곰표/튀김가루/1kg,1kg*10
39-39-10-01,오뚜기/튀김가루/1kg,1kg*10
39-323-03-01,오뚜기/겨자분(300g),300g*12
39-323-02-01,오뚜기/겨자분,200g*20
39-308-200-01,오뚜기/팬더굴소스/20kg/BIB,20kg*1
39-304-01-01,오뚜기/사리면/개별/110g,110g*48
39-300-20-06,오뚜기/스테이크소스,2.1K*6
39-300-20-05,오뚜기/돈까스소스/2.1kg,2.1kg*6
39-300-20-04,오뚜기/스위트칠리소스,2.1kg*6
39-300-20-03,오뚜기/우스타소스/2.1kg,2.1kg*6
39-300-20-02,오뚜기/델리야끼소스,2K*6
39-300-20-01,오뚜기/불고기버거소스,2kg*6
39-300-11-01,오뚜기/멜젓소스,1125g*12
39-300-10-03,면사랑/가쓰오우동소스/1.8L,1.8L*6
39-300-10-02,면사랑/우동소스/1.8L,1.8L*6
39-300-10-01,오뚜기/하이라이스소스1kg,1kg*10
39-277-01-01,오뚜기/뉴슈가(100입),100g*100
39-273-140-01,오뚜기/알뜰당면14kg,14kg*1
39-273-10-02,오뚜기/자른당면(국내)1kg,1kg*10
39-273-10-01,오뚜기/알뜰당면1kg,1kg*10
39-272-30-01,오뚜기/데미그라스3kg,3kg*6
39-270-10-01,오뚜기/참깨드레싱,1kg
39-249-04-01,오뚜기/마가린/450g,450g*20
39-247-30-02,오뚜기/마요네즈 은박/3.2kg,3.2Kg*4
39-247-30-01,오뚜기마요네즈스파우트팩/3.2kg,3.2kg*4
39-247-100-01,오뚜기/마요네즈10K,10K*1
39-247-08-01,오뚜기/마요네즈800g/골드,800g*12
39-245-10-01,오뚜기/옛날고추맛기름/1.5L,1.5L*12ea
39-238-20-01,오뚜기/허니머스타드,2kg*6
39-238-01-01,오뚜기/허니머스타드/1회용,12g*200
39-233-10-01,오뚜기/물엿1.2kg,1.2kg*15
39-228-01-01,+오뚜기/자른미역/50g,50g*30
39-226-180-01,오뚜기/미향18L,18L
39-226-150-01,오뚜기/미향15L/,15L*1
39-226-10-01,오뚜기/미향(1.8L),1.8L*6
39-223-20-03,+곰표/밀가루/박력2.5k,2.5k*6
39-223-20-02,+곰표/밀가루/중력2.5k,2.5kg*6
39-223-20-01,+곰표/밀가루 강력2.5,2.5kg*6
39-223-200-03,+곰표/중력밀가루(독수리)2등급,20Kg
39-223-200-02,+곰표/중력밀가루/20kg,20kg*1
39-223-200-01,+곰표/밀가루/20kg/고급제면1호,20kg*1
39-223-100-01,+곰표/밀가루/피자용,10kg
39-218-01-01,오뚜기/버터/10g/1회용*480,10g
39-213-10-01,곰표/부침가루/1kg,1kg*10
39-204-10-01,오뚜기/빵가루,1kg*6
39-203-05-01,오뚜기/사골분말,500g*12
39-189-30-02,오뚜기/소면/3kg,3kg*4
39-189-30-01,오뚜기/알뜰소면/3kg,3kg*4
39-189-10-01,오뚜기/소면1.5kg,1.5kg*9
39-176-30-01,오뚜기/스파게티소스/3kg,3kg*6
39-176-06-01,오뚜기/스파게티소스(프레스코),600g*8
39-174-10-02,오뚜기/옥수수스프,1kg*10
39-174-10-01,오뚜기/크림스프,1Kg*10
39-17-30-01,오뚜기/피자소스/오쉐프,3kg*6
39-167-180-08,오뚜기/화이트식초,18L
39-167-180-07,오뚜기/현미식초(18L),18L
39-167-180-06,오뚜기/2배양조식초/bib,18L
39-167-180-05,오뚜기/2배양조식초/18L,18L
39-167-180-04,오뚜기/2배사과식초18L,18L
39-167-180-03,오뚜기/양조식초BIB/18L/파우치,18L*1
39-167-180-02,오뚜기/양조식초/18L,18L*1
39-167-180-01,오뚜기/사과식초18L,18L*1
39-167-150-02,오뚜기/사과식초(15L),15L
39-167-150-01,오뚜기/양조식초15L,15L*1
39-167-10-07,오뚜기/화이트식초,1.8L*6
39-167-10-06,오뚜기/현미식초1.8,1.8L*6
39-167-10-05,오뚜기/양조식초1.8L,1.8L*6
39-167-10-04,오뚜기/사과식초1.8L,1.8L*6
39-167-10-03,오뚜기/3배사과식초1.8L,1.8L*6
39-167-10-02,오뚜기/2배양조식초/1.8L,1.8L*6
39-167-10-01,오뚜기/2배사과식초/1.8L,1.8L*6
39-167-09-01,오뚜기/사과식초,900ml*15
39-138-20-01,오뚜기/옥수수/미국산,2.12Kg*6
39-136-50-01,오뚜기/올리고당5kg,5kg*3
39-116-10-03,면사랑/오뎅육수,1.8L
39-116-10-02,면사랑/바지락육수,1.8l*6
39-116-10-01,면사랑/멸치육수/전문용,1.8L*6
39-110-01-01,오뚜기/딸기쨈/1회용/디스펜팩,12g
39-08-180-01,오뚜기/현미유,18L
39-03-30-01,오뚜기/황도1호,3Kg*6
39-01-200-01,+오뚜기제유/흑후추(미분),20kg
39-01-10-01,+오뚜기/순후추/파우치,1kg*10
39-01-04-02,+오뚜기/흑후추분/450g,450g*20
39-01-04-01,+오뚜기/흑후추/450g,450g*20
39-01-02-01,+오뚜기/순후추/파우치/240g,240g*20
37-260-150-01,유한/락스/15L,15L*1
37-232-01-01,유한크린타올/물티슈,250*250(400매)
36-42-20-01,대상/라벨라토마토홀/2.5kg,2.5kg*6
36-313-140-01,+대상/청정원/고추장/진골드(면),14kg
36-294-08-01,대상/치킨부용베이스,800g*12
36-244-20-01,대상/맛소금,2Kg*6
36-244-10-01,대상/맛소금/1kg,1kg*20
36-23-200-01,대상/포도당,20K
36-227-30-01,대상/미원3K/노말,3kg*6
36-227-20-03,대상/미원2kg/아미노산,2kg*10
36-227-20-02,대상/중화미원/2kg,2kg*6
36-227-20-01,대상/맛나/쇠고기/2kg,2kg*6
36-227-200-02,대상/미원아미노산A-9/20kg,20kg*1
36-227-200-01,대상/미원25kg/스몰,25kg*1
36-227-10-02,대상/해물감치미/1kg,1kg*10
36-227-10-01,대상/미원노말/1Kg,1kg*20
36-217-10-01,대상/청정원/고소바삭베이컨,1kg*5
36-212-01-01,썬/부탄가스,28EA/BOX
36-176-20-01,대상/스파게티미트소스,2kg
36-174-10-01,대상/청정원/양송이스프/1kg,1kg*10
36-173-10-02,대상/슈가카페시럽/흰색,1.5*6ea
36-173-10-01,대상/카페시럽/브라운,1.5L*6ea
36-167-150-01,대상/화영식초15L,15L*1
36-167-10-01,대상/화영/양조식초/1.8L,1.8L*6
36-158-200-01,대상/아세틸아디핀산전분/20kg,20kg
36-154-90-01,*대상/청정원/멸치액젓(진)9kg,9kg*1
36-152-20-01,대상/소갈비양념/2kg,2kg*8
36-129-20-01,대상/요리당,2.45kg
32-43-30-01,헌트/페이스트,3.15kg*6
32-43-03-01,헌트/페이스트(소),340g*24
32-42-30-01,헌트/토마토홀,2.89kg*6
32-41-30-01,헌트/토마토퓨레,3kg*6
32-176-30-01,헌트/스파게티소스,3kg*6
32-17-30-01,헌트/피자소스,3kg*6
310-173-10-06,1883/케인슈가시럽,1L*6
310-173-10-05,1883/헤이즐넛시럽,1L*6EA
310-173-10-04,1883/카라멜시럽,1L*6EA
310-173-10-03,1883/스트로베리(딸기)시럽,1L*6EA
310-173-10-02,1883/바닐라시럽,1L*6EA
310-173-10-01,1883/레몬시럽,1L*6EA
309-250-04-01,colgin/리퀴드스모크,472ml*6
308-167-120-01,HK/골드순창식초/12L,12L
307-35-01-01,+ISFI/파슬리(소),12g*24
307-28-01-01,+ISFI/블랙페퍼(홀),45g*24
307-221-01-01,ISFI/베질(소),18g*24
307-144-01-01,ISFI/오레가노홀/12g,12g*24
306-69-30-01,S&W/칵테일1호,3.062kg*6
306-69-08-01,S&W/칵테일(소)/12입,850g*12
306-33-30-02,S&W/파인청크,3.2K*6
306-33-30-01,S&W/파인애플1호,3kg*6
306-33-08-01,S&W/파인애플2호/12입,836g*12ea
305-59-04-01,TRI/코리앤더분,450g*12
305-59-03-01,TRI/코리엔더홀,300g*12
305-52-04-02,TRI/큐민홀,400g*12
305-52-04-01,TRI/큐민분,450g*12
305-49-03-01,TRI/클로브홀/정향,350g*12
305-46-01-01,TRI/타임(홀),180g*12
305-44-05-01,TRI/터머릭분말,500g*12
305-35-02-01,+TRI/파슬리(200g),200g*10
305-35-01-02,+TRI/파슬리100G,100g*12
305-35-01-01,+TRI/파슬리(70g),70g*12
305-321-04-01,TRI/계피분말,400g*12
305-32-04-01,TRI/파프리카씨즈닝,450g*12
305-282-05-01,TRI/넛맥,500g*12
305-28-03-02,+TRI/크러쉬드레드페퍼,340g*12
305-28-03-01,+TRI/케이엔페퍼분,350g*12
305-268-04-01,TRI/딜씨드,400g*12
305-26-02-01,+TRI/페페로치노,200g*12
305-254-02-01,TRI/로즈마리(홀),200g*12
305-248-10-01,TRI/마늘분(80)/1kg,1kg*16
305-248-05-01,TRI/마늘분,500g*12
305-24-03-01,TRI/펜넬(홀),300g*12
305-221-03-01,TRI/베질(분),300g*12
305-221-01-01,TRI/베질(홀),150g*12
305-149-10-01,TRI/양파분,1kg*16ea
305-149-05-01,TRI/양파분,500g*12
305-144-01-01,TRI/오레가노홀,150g*12
305-14-10-01,TRI/피클링스파이스1Kg,1kg*12
305-14-04-01,TRI/피클링스파이스450g,450h*12
305-121-09-01,TRI/월계수잎90g,90g*24
305-121-02-01,TRI/월계수잎,230g*6
305-104-04-01,+TRI/조분가루/400G,400g*12
305-01-04-01,+TRI/흑후추크렉,400g*12
304-14-10-01,TW(태원)/피클링스파이스,1kg*10
303-110-30-01,가림/사과쨈,3kg*6
302-110-30-01,가림/딸기쨈,3kg*6
301-233-90-01,강남/물엿/9kg,9kg*1
300-107-10-01,경주법주/정종(1.8L*6),1.8L
299-127-08-01,고려/우골농축액,840g*12
298-214-10-01,고우/노미트햄(B급)6입,1.8kg*6
297-256-09-01,골든크라운/레몬쥬스,946mL*12
296-325-10-01,굿넛/건조크런베리/1kg,1kg*10ea
296-159-10-02,+굿넛/아몬드(홀)/1kg,1kg*10
296-159-10-01,+굿넛/아몬드슬라이스/1kg,1kg*10ea
295-264-01-01,글로벌/또띠아(12in)/냉동,12장*10팩
294-168-180-01,글로브(G1)/식용유/18L,18L
293-90-10-01,기꼬만혼쯔유/코이다시/1L,1L*12
292-266-10-01,깐땅콩/1kg(20입),1kg*20ea
291-57-04-01,꼬미다/코코넛(분말)/30입,400g*30
291-183-30-01,꼬미다/슈가파우더,3kg*8
291-183-05-01,꼬미다/슈가파우더/500g,500g*40ea
290-89-10-10,꽃샘/한라봉차,1kg*8ea
290-89-10-09,꽃샘/청귤차,1kg*8ea
290-89-10-08,꽃샘/꿀레드자몽,1Kg*8ea
290-89-10-07,꽃샘/유자차,1Kg*8ea
290-89-10-06,꽃샘/생강차,1kg*8ea
290-89-10-05,꽃샘/사과차,1Kg*8ea
290-89-10-04,꽃샘/모과차,1kg*8ea
290-89-10-03,꽃샘/매실차,1kg*8ea
290-89-10-02,꽃샘/레몬차,1Kg*8ea
290-89-10-01,꽃샘/대추차,1kg*8ea
290-288-20-01,꽃샘/꿀유자차S/2kg,2kg*6ea
289-318-10-01,네오스/고구마무스/냉동*1kg*10,1kg
288-286-10-04,+뉴뜨레/냉동블루베리IQF,1Kg*12ea
288-286-10-03,+뉴뜨레/냉동무가당(홀)딸기12입,1kg*12ea
288-286-10-02,뉴뜨레/냉동가당딸기(중국),1kg*15ea
288-286-10-01,뉴뜨레/냉동가당딸기(국산)80%,1kg*15ea
288-285-10-01,+뉴뜨레/냉동망고(베트남)-우양,1kg*10ea
288-267-10-01,+뉴뜨레/무가당딸기(홀)/중국산,1kg*12
288-155-10-01,+뉴뜨레/애플망고/1kg,1kg*12ea
27-82-10-02,+삼도/해울찬(홍)/초생강(면세),1.3kg*10
27-82-10-01,+삼도/해울찬(백)/초생강(면세),1.3kg*10
277-315-30-01,늘푸른/썬고추/3kg,3kg*2
277-15-30-02,+늘푸른/오이피클(홀)(면세),3kg*6
277-15-30-01,+늘푸른/오이피클(렐리쉬)(면세),3kg*6
277-15-200-01,+늘푸른/피클렐리쉬20k(면세),20kg*box
277-12-30-01,+늘푸른/할라피뇨(면세),3kg*6
276-290-10-05,+다들림/들깨가루(거친)/1kg*10,1kg(거친)
276-290-10-04,+다들림/박피들깨(기피)/1kg*10,1kg(기피)
276-290-10-03,+다들림/청정들/참깨/홀/1kg,1kg*10
276-290-10-02,+다들림/청정들/흑깨분,1Kg*10
276-290-10-01,+다들림/청정들/흑깨,1Kg*10
275-300-01-01,다빈치/소스펌프/정품,30ml
274-245-10-01,다인/산농/맛기름/1.8L,1.8L*10
27-40-05-01,삼도/튀긴마늘후레이크,500g*12
273-326-200-01,대명/감자전분/20kg,20kg
27-328-05-03,+삼도/가스오부시/B급/500g,500g*10ea
27-328-05-02,+삼도/하나가스오부시/A급,500g*4
27-328-05-01,+삼도/이도가스오부시/500g,500g*4
27-315-40-01,*삼도/해울찬/산고추/4kg,4kg*4
27-315-05-01,+삼도(해울)/산고추(면세),500g*20
27-310-10-01,델몬트/망고쥬스/1.5L,1.5L*6
27-261-30-02,삼도/프리미엄/락교/sss,3kg*6
27-261-30-01,삼도/프리미엄/락교/ss,3kg*6
272-271-10-02,대왕/된장/은화//적/아와세,1kg*10
272-271-10-01,대왕/된장(고시고지)은화/백색,1kg*10
272-270-09-01,대왕/참깨드레싱900ml,900ml*15
272-127-08-01,대왕/하나/우골농축액,840g*12
27-156-09-02,립톤(레몬)/907g,907g*12
27-156-09-01,립톤(복숭아)/907g,907g*12
27-156-01-01,립톤/아이스티(복숭아),32oz*12
271-34-05-02,대한제당/호니베어블루베리,595g*12
271-34-05-01,대한제당/체리베리,595g*12
271-23-200-01,대한제당/함수포도당(CN/DADI),20kg
271-193-30-02,대한제당/황설탕3kg,3kg*8
271-193-30-01,대한제당/백설탕3kg,3kg*8
271-193-150-01,대한제당/설탕/15kg/정백당,15kg*1
271-159-10-01,+대한제당/아몬드(슬)/kg,1kg*10
270-177-05-01,대한제분/펜네/,500g*20
270-175-05-04,대한제분/스파게티/보가사리,500g*20
270-175-05-03,대한제분/스파게티/라폰테,500g*20
270-175-05-02,대한제분/마카로니/보가사리,500g*20
270-175-05-01,대한제분/마카로니/라폰테,500g*20
269-98-04-01,대화/하하/두반장/12입,450g*12
269-150-02-01,대화/양장피채,200g*30
268-292-10-01,더조은/김가루,1Kg*4
267-50-10-01,데빅/휘핑크림/듀오휩/1L,1L*6
266-42-20-01,데체코/롱고바디/토마토홀,2.55kg*6
266-177-10-03,데체코/스파게티니/11번/(가늘다,1kg*12
266-177-10-02,데체코/스파게티12번/(굵다),1kg*12
266-177-10-01,데체코/링기니(7번)/1Kg,1kg*12
266-177-06-01,데체코/메크레마콘타르투포,660g*6
266-177-05-07,데체코/파케리/500g,500g*12
266-177-05-06,데체코/페투칠레,500g*24
266-177-05-05,데체코/카사레치아,500g*24
266-177-05-04,데체코/리가토니,500g*24
266-177-05-03,데체코/라자냐,500g*24
266-177-05-02,데체코/까펠리니/500g/9번,500g*24
266-177-05-01,데체코/파파델리,500g*8
265-12-30-01,델솔 할라피뇨 슬라이스,3kg*6
264-276-10-01,씨엘 동경단무지(슬),1kg*10
263-177-05-08,동남/산타루치아/스파게티,500g*24
263-177-05-01,동남/파르팔레/리본/500g,500g*24
262-125-02-01,동성식품(사누끼우동면),230g*5=8입
261-288-10-01,+두레원/사양벌꿀/1kg,1kg*12ea
260-168-180-01,디딤돌/식용유/18L,18L
259-85-30-01,+뚜레반/찹쌀가루/3kg/국산,3kg*4
259-85-10-01,+뚜레반/찹쌀가루/국산,1kg*10
259-55-10-02,뚜레반/콩가루/볶음/1kg,1kg*10
259-55-10-01,+뚜레반/날콩가루1kg,1kg*10
259-326-30-01,뚜레반/감자전분(수입)/3kg,3kg*4
259-326-10-01,뚜레반/감자전분/국산100%/1kg,1kg*10
259-278-10-01,뚜레반/뉴슈가/1kg,1kg*10
259-229-10-01,뚜레반/미숫가루/17곡/1kg,1kg*12ea
259-223-200-01,뚜레반/메밀가루/20kg,20kg
259-165-10-01,+뚜레반/쌀가루,1kg*10
259-145-10-01,뚜레반/엿기름가루(복합),1kg*10
259-139-30-01,뚜레반/옥수수전분/3kg,3kg*4
259-139-10-01,뚜레반/옥수수전분 1kg,1kg*10
258-54-05-01,라코스테냐/홀 핀토빈스 560g,560g*12
258-295-20-01,라코스테냐/그린토마틸로,2.8k*6
258-28-20-01,라코스테냐/치포틀레페퍼/2.8Kg,2.8kg*6
257-147-10-01,런던브릭스/청포도에이드,1.5L*6
256-159-10-01,+로럭스/아몬드파우더(분말),1kg*10
255-177-05-01,로리/스파게티,500g*24
254-84-05-01,리고/체리가루,539g*12
254-300-01-01,리고/핫소스/수입(미국),177ml*24
254-257-05-01,리고/레몬가루/국내산,530g*12
254-256-09-01,리고/레몬쥬스/엘막/946ml,946ml*12
254-215-05-01,리고/복숭아가루/국내산,530g*12
254-173-01-02,리고/쵸코시럽,20oz*12
254-173-01-01,리고/딸기시럽,20oz*12
254-147-09-01,리고/오렌지마말에이드/폴란드산,907g*6
254-110-10-01,리고/땅콩버터/1kg,1kg*6
254-110-05-02,리고/땅콩잼(파랑크리미)/510g,510g*12
254-110-05-01,리고/땅콩잼(빨강크런키)/510g,510g*12
254-110-04-01,리고/땅콩잼(미국)청키,462g*12
253-78-30-01,리코스나초치즈/파우치/3.11kg,3.11kg*4
253-300-30-02,리코스/나초치즈소스/3.033kg,3.033kg*6
253-300-30-01,리코스/살사소스,3.74kg*4
253-287-04-01,리코스/나초칩/454g,454g*12
252-41-2000-01,마르게리타/다이스토마토/210KG,210Kg*1ea
252-41-100-01,마르게리타/다이스토마토/10kg,10kg*1ea
25-210-200-01,+매일/전지분유/20kg,20kg*1
251-327-130-02,+마산/순간장/13L,13L*1
251-327-130-01,+마산/몽고진간장,13l*1
250-214-10-02,마제스티/부대햄/A급/6입,1.81kg*6
250-214-10-01,마제스티/부대햄/B급,1.8kg*6
249-92-20-01,맛찬들 쫄면/냉동,2kg*10
248-223-200-01,+맥선/박력밀가루/다목적A/20kg,20kg
24-78-20-01,동서/크림치즈,2kg*8
247-237-02-01,면메이트/280g*30,280g*30ea
246-95-10-01,+명진/짜사이채/1kg/코끼리,1kg*20
246-95-05-01,+명진/짜사이/코끼리,500g*40
246-307-01-01,명진/금가루/0.3g*10/국산,0.3g*10
246-306-30-01,명진/밀감1호/코끼리,3kg*6
24-63-05-01,맥스웰/화인커피분말,500g*12ea
24-63-01-01,맥심/모카골드/210T+10T,210T+10T*4
246-279-02-01,명진/누룽지/코끼리,284g*36
246-219-30-03,명진/표고버섯(홀)/코끼리,3kg*6
246-219-30-02,명진/표고버섯(채)/코끼리,3kg*6
246-219-30-01,명진/초고버섯(대)/코끼리,3kg*6
246-219-04-01,명진/초고버섯/코끼리,400g*24
246-186-01-01,명진/송화단,60g*10ea(16곽)
246-171-02-01,명진/시치미/240g*50,240g*50
246-151-30-02,명진/양송이특편,3kg*6
246-151-30-01,명진/양송이(홀)/코끼리,3kg*6
246-151-20-01,명진/양송이(슬)/코끼리,2.84K*6
246-150-04-02,명진/양장피/수제작업/코끼리,400g*20
246-150-04-01,명진/양장피/기계작업/코끼리,400g/곽*20
246-138-04-01,명진/영콘,400g*24
246-108-20-01,명진/적체리(大)중국,2kg*6
246-108-10-01,명진/적체리(꼭지)/대,1988g*6
246-108-04-02,명진/적체리(소)/중국,400g*12
246-108-04-01,명진/적체리(小)꼭지/중국,400g*12
246-100-30-04,명진/동죽순/코끼리,3kg*6
246-100-30-03,명진/죽순(채)/코끼리,3kg*6
246-100-30-02,명진/죽순(편)/코끼리,3kg*6
246-100-30-01,명진/죽순홀/코끼리,3kg*6
246-06-10-01,명진/혼다시/다시노모도(계성),1kg*10
245-327-10-01,+모노/사시미타마리간장(면세),1.8L*6
24-53-08-01,동서/초코쿠키(파우더)800g,800g*10ea
244-89-07-01,모닌/엘더플라워,700ml*6ea
244-173-10-12,모닌/자몽(핑크그레이프)시럽/1L,1L*6
244-173-10-11,모닌/오렌지시럽,1L*6
244-173-10-10,모닌/헤이즐넛시럽,1L*6EA
244-173-10-09,모닌/패션후르트시럽,1L*6ea
244-173-10-08,모닌/카라멜시럽,1L*6EA
244-173-10-07,모닌/초콜렛시럽,1L*6EA
244-173-10-06,모닌/스위트앤샤워시럽,1L*6ea
244-173-10-05,모닌/블루큐라소시럽/1L,1L*6ea
244-173-10-04,모닌/바닐라시럽,1L*6EA
244-173-10-03,모닌/모히또시럽,1L*6EA
244-173-10-02,모닌/레몬시럽,1L*6EA
244-173-10-01,모닌/그린애플시럽,1L*6EA
244-173-07-01,모닌/라임시럽,700ml*6
243-73-30-02,몬/똠양꿍/칠리페이스트/3kg,3kg*6
243-73-30-01,몬/볶음/칠리페이스트/3Kg,3kg*6
243-73-04-02,몬/칠리페이스트/똠양/454g,454g*12
243-73-04-01,몬/칠리페이스트/볶음/수리/454g,454g*12
243-64-04-03,몬/수리옐로우커리페이스트/400g,400g*24
243-64-04-02,몬/수리레드커리페이스트,400g*24
243-64-04-01,몬/수리 그린커리페이스트,400g*24
243-58-20-01,몬/코코넛밀크/2.9L,2.9L*6
243-58-04-01,몬/코코넛밀크,400ml*24
243-50-05-02,몬/발사믹크림/A급,500ml*6
243-50-05-01,몬/발사믹크림/B급,500ml*6
243-304-04-01,몬/홍콩면 에그누들454g,454g*24
243-304-02-02,몬/멍빈누들(대,200g*50
243-304-02-01,몬/버미셀리,250g*24
243-300-50-05,몬/Squid휘시소스,4.5L*3
243-300-50-04,몬/피넛월남쌈소스/4.8L,4.5L*3
243-300-50-03,몬/블랙빈소스5L/수리,5L*4
243-300-50-02,몬/스위트칠리소스(5ℓ),5L*4
243-300-50-01,몬/팟타이소스/5L,5L*4ea
243-300-20-01,몬/월남쌈소스/2L,2.32kg*6
243-300-04-01,몬/호이신소스(해선장)/튜브,435ml*12
243-300-03-02,몬/Squid휘시소스/300ml,300ml*12
243-300-03-01,몬/칠리샤브수끼소스/300ml,300ml*12
243-300-02-12,몬/쌀국수칠리소스,230g*12
243-300-02-11,몬/월남쌈소스/230G,230g*12
243-300-02-10,몬/피넛월남쌈소스,230g*12
243-300-02-09,몬/해선장소스(소)/호이신,260g*12
243-300-02-08,몬/볶음/쌀국수소스/295ml,295ml*12
243-300-02-07,몬/블랙빈소스295ml/수리,295ml*12
243-300-02-06,몬/수리휘시소스,295ml*12
243-300-02-05,몬/스위트칠리소스(295ml),295ml*12
243-300-02-04,몬/씨푸드망고칠리소스,295ml*12
243-300-02-03,몬/월남쌈소스/295ml/몬,295ml*12
243-300-02-02,몬/파인애플 월남쌈소스/,295ml*12
243-300-02-01,몬/팟타이소스/295ml,295ml*12
243-294-02-02,몬/타마린/227g,227g*100
243-294-02-01,몬/비프스파이스믹스/228g,228g*12
243-294-01-01,몬/isfi/시나몬파우더,40g*24ea
243-28-01-01,+몬/isfi핑크페퍼홀/80g,80g*12
243-242-05-01,몬/망고(슬),565g*24
243-238-50-02,몬/르네 디존머스타드,5kg*2
243-238-50-01,몬/르네 홀그레인머스타드/5L*2,5L*2
243-238-08-02,몬/홀그레인머스타드,820g*6
243-238-08-01,몬/디존머스타드,850g*6
243-238-01-01,몬/홀그레인머스타드(소),190g*12
243-224-30-01,몬/민트젤리/3Kg,3kg*6
243-224-02-01,몬/민트젤리,290g*6
243-180-20-01,몬/스위트칠리/2L,2.38kg*6
243-180-04-01,몬/스위트칠리/435ml,435ml*12
243-180-02-01,몬/스위트칠리 240g,240g*12
243-167-05-03,몬/와인식초(화이트),500ml*12
243-167-05-02,몬/와인식초(레드),500ml*12
243-167-05-01,몬/발사믹식초500ml,500ml*12
243-164-04-02,몬/쌀국수5mm/스틱,400g*30
243-164-04-01,몬/쌀국수3mm/스틱,400g*30
243-164-02-04,몬/쌀국수5mm,250g*24
243-164-02-03,몬/쌀국수3mm,250g*24
243-164-02-02,몬/쌀국수1mm,250g*24
243-164-02-01,몬/쌀국수10mm,250g*24
243-163-50-01,몬/쌀국수장국4.5kg/몬,4.5kg*3
243-163-02-01,몬/쌀국수장국/220g,220g*12
243-160-50-01,몬/쓰리라차5L,5L*4
243-160-04-01,몬/쓰리라차(튜브)칠리,435ml*12
243-160-02-02,몬/쓰리라차칠리,295g*12
243-160-02-01,몬/화끈하게매운/쓰리라차,295ml*12
243-15-02-02,몬/레드칠리피클/수리/227g,227g*24
243-15-02-01,몬/그린칠리피클/수리/227g,227g*24
243-120-05-01,몬/뉴월남쌈/짜조피/22cm/원형,500g*24
243-120-03-03,몬/뉴월남쌈(원형16cm),300g*24
243-120-03-02,몬/월남쌈(사각)/16cm/300g,300g*24
243-120-03-01,"몬/뉴월남쌈(원형,18cm",300g*24ea
243-120-01-01,몬/월남쌈(원형16cm)/100g,100g*48
243-106-01-01,몬/ISFI/정향,30g*24
242-327-130-03,+몽고국간장(13L)/부천(면세),13L
242-327-130-02,+몽고죽품간장/부천(면세,13L
242-327-130-01,+부천 몽고진간장(13L),13L*1
242-327-10-01,+몽고간장(1.8L)/부천(면세),1.8L*8
24-173-10-01,동서/슈가시럽,1.5ㅣ*6
24-15-30-01,+동서/오이피클/리치스(면세),3kg*6
241-134-50-01,파티니 올리브오일퍼머스,5L*4
240-300-20-01,미담채/일식돈까스소스/2kg,2kg*8ea
240-172-05-01,미담채/크림버터마늘맛시즈닝,500g*10
239-294-05-01,미시시피/바베큐/오리지널/510g,510g*6
238-135-09-01,미치오/시실리/그린올리브,900g*9
237-227-200-01,미풍/25(K),25K
236-322-10-01,믹스넛/안주마을,1.5Kg*6
235-124-10-01,+밀키스마/멸균유,1L*12
234-107-10-01,백화수복/정종,1.8L*8
233-177-05-01,버락/스파게티,500g*20
232-61-09-01,+베스트/케이퍼(면세),960g*6
231-50-10-01,베스트로/민락골드/휘핑크림,1L*12
230-38-01-01,베티나르디/페파민트삼각티백,30T/B*20EA
229-326-05-01,별미/감자전분/98%,500g*30
229-313-170-01,+별미/국화고추장(면세),17kg
229-271-140-01,+별미/된장/14kg(면세),14kg*1
229-233-50-01,별미/이온물엿5kg,5kg*3
229-101-01-01,별미/종이컵,50ea*20줄
228-233-150-02,별표/조청물엿(황),15kg
228-233-150-01,별표/이온물엿/15kg,15kg
227-30-07-01,+보겔/렌지팝콘/B,700g*12
226-294-03-01,보라/봉골레파우더/300g,300g*6
226-190-10-01,+보라/볶음소금/1kg,1kg*20
225-284-10-01,보라티알 냉동/수지탈시금치뇨끼,1kg*10
225-135-30-01,보라티알/그린올리브/이바라,3kg*6
224-243-180-01,보해/매향/18L,18L
224-240-10-01,보해/매원,1.5L*8
223-213-09-01,+봉평/메밀부침가루(31%)/900g,900g*10ea
222-171-02-01,부강/시치미,240g*50
222-114-10-01,부강/마쓰야 모로미 미소1kg,1kg*10
222-06-10-01,부강/다시노모도,1kg*10
221-328-05-03,+부건/하나가스오부시 / 면세,500g*4
221-328-05-02,+부건/이도가스오부시,500g*4
221-328-05-01,+부건/가스오부시/500g(국물)8입,500g*8
220-207-04-01,부국/빙수제리/450g,450g*20
219-276-05-01,+부농원/단무지500g/압축(면세),500g*20
218-111-01-03,비욘드/니트릴장갑/L/파랑/100매,1box*10ea
218-111-01-02,비욘드/니트릴장갑/M/파랑/100매,1box*10ea
218-111-01-01,비욘드/니트릴장갑/S/파랑/100매,1box*10ea
217-197-10-01,사지앙/새우칩/1kg,1kg*12ea
216-190-10-01,산내들/구운소금/1kg,1kg*10
215-300-01-01,삼미/살사소스,1gal*4
215-287-04-01,삼미/나초칩,453g*12
215-238-10-01,삼미/허니머스타드(대),1.8L*6ea
215-238-09-02,삼미/디존머스타드/大,907g*6
215-238-09-01,삼미/홀그레인머스타드,963g*6
215-238-01-01,삼미/머스타드(대),1gAL*4
215-05-09-01,삼미/홀스레디시(6입),907g*6
214-79-10-01,삼조/파마산치즈가루,1kg*10
214-79-02-01,삼조/파마산치즈가루(중),227g*12
214-300-20-01,삼조/갈릭디핑소스/2kg*5,2kg
214-248-06-01,+삼조/마늘가루/그레뉼/650g,650g*6
214-203-10-01,삼조/비셰프사골분말,1kg*10
214-19-20-01,삼조/프리믹스-H/,2kg*10ea
214-181-10-01,삼조/스위트샤워믹스/1kg,1kg*10ea
214-149-05-01,+삼조/그레뇰레이티드양파/비셰,580g*6ea
213-161-05-01,상기/쌍노두(12입),500ml*12
212-314-30-01,새댁/고추씨기름/3.4L,3.4L*4
212-314-10-01,새댁/고추씨기름/1.5L,1.5L*8
211-314-150-01,새댁표/고추씨기름(말통),15L
210-240-10-01,생초당/산매실1.5L,1.5L*12
209-78-170-01,샤푸토/모짜렐라/17kg,17.85kg
208-146-05-01,+서강 연유크리밀/ 면세,500g*20
207-78-10-02,서울/업소용체다슬라이스치즈,1.8kg*4ea
207-78-10-01,서울/베이커리 롤치즈,1kg*5ea
207-78-01-01,서울/1800멀티치즈1,(25매*4팩)*4ea
207-50-10-01,서울/쿠킹크림1000,1L*12ea
207-218-04-02,서울/고소한버터450,450g*20ea
207-218-04-01,서울/곽버터/무염/450g20각,450g*20곽
207-210-10-02,+서울/탈지분유,1kg*10ea
207-210-10-01,+서울/전지분유/1kg,1kg*10ea
207-146-200-01,+서울연유말통,24kg
207-146-10-01,서울/연유블렌드/1.25kg,1.25kg*12
207-146-05-01,+서울/연유(튜브),500g*20ea
207-146-03-01,+서울연유/캔/375g,375g*30
206-90-10-02,선도/모밀쯔유,0.9L*10
206-90-10-01,선도/사누끼쯔유/1.8L,1.8L*8
205-325-10-01,선인/건조크랜베리/1kg,1kg*10ea
204-42-30-01,선한/토마토홀,3kg*6
204-167-50-01,선한/발사믹식초5L/레드/오탈리,5L*2
204-167-05-02,선한/와인식초(레드),500ml*12
204-167-05-01,선한/발사믹식초500/레드/오탈리,500ml*12
204-135-03-01,선한/그린올리브/병,300g*12
204-134-50-01,선한/주스올리브5L(버진),5L*4
204-134-10-02,선한/주스올리브1L포머스/터키,1L*12
204-134-10-01,선한/주스올리브1L(버진)/12입,1L*12입
203-319-30-01,설정/고구마다이스/3kg,3kg*6
203-202-30-01,설정/사과다이스,3kgx6
202-182-10-02,세미/망고스무디,1.81kg*6ea
202-182-10-01,세미/키위스무디/1.8k,1.8k*6
202-130-10-01,세미/요거트파우더,1kg*10
201-326-05-01,소연/감자전분/500g,500g*20
-201-10-01,칠성사이다1.25*12,1.25L*12
200-323-02-01,솔표/겨자,200g*50
200-321-02-01,솔표/계피,200g*50
200-199-01-01,솔표/산초/40g*100개,40g*100ea
200-133-02-01,솔표/와사비,200g*40
200-01-02-01,+솔표/후추,200g*50
199-92-10-01,송학/쫄면/판(냉장),1kg*10
19-86-10-01,삼포/참치1.8k,1.8kg*6
198-270-20-02,쉐프원/크리미양파드레싱/2kg,2kg*5
198-270-20-01,쉐프원/허니유자드레싱,2kg*5
198-168-180-01,쉐프원/식용유(18L),18L*1
197-35-01-01,+스위트웰/파슬리/100g,100g*12
197-25-02-01,+스위트웰/페페로치노홀,200g*12
196-309-10-02,스위트컵/레몬퓨레,1.8kg*6
196-309-10-01,스위트컵/청포도,1.8kg*6ea
196-280-10-01,스위트컵/오렌지농축액,1.8kg*6ea
194-133-07-01,승진/생와사비303/750g*12,750g*12ea
193-37-05-01,시아스/파기름,500ml*6
19-291-04-01,삼포/깐포도4호,400g*24
192-04-05-01,시아스/화유,500ml*6ea
191-151-20-01,시하/양송이특편,2840g*6
19-03-04-01,삼포/황도4호(슬),400g*24
190-15-30-01,신세계/생오이피클,3kg*6
189-190-200-01,+신안/굵은소금20kg/천일염,20kg*1
188-12-30-01,신화/할라피뇨,3kg*6
187-69-08-01,썬초이스/칵테일2호/12入,836g*12
187-33-08-01,썬초이스/시즌/파인애플2호,836g*12
185-300-01-01,아하/나초치즈소스,142g*2/24
185-287-04-01,아하/나초칩,453g*12
18-43-30-01,네슬레/토마토 수고/페이스트,3kg*6
184-218-04-01,앵커버터/무가염,454g*20
18-41-30-01,네슬레/쿨리토마토,3kg*6
183-172-10-01,양념감자시즈닝/치즈맛,1kg*20
18-300-10-01,네슬레/스촨소스(액상),1kg*6
18-298-08-01,네슬레/메기 씨즈닝,810ml*6
18-297-55-01,네슬레/메기치킨(액상)/5.5kg,5.5kg*2
18-297-10-01,네슬레/매기콘센트치킨(액상),1.2K*6
18-294-10-02,네슬레/메기비프/1.2kg,1.2kg*6
18-272-20-01,네슬레/메기데미글라스,2kg*6
182-203-05-01,양지뜰/사골분말,500g*10
181-148-05-01,어묵국물/스프,500g*20
180-217-10-01,에쓰푸드/베이컨스타일탑핑,1kg*10ea
180-13-01-01,+에쓰푸드/하몽/세라노슬라이스,120g*40
179-216-04-01,에이스/베이키드/아티아네,400g*24
178-164-04-01,에이치디/쌀국수1mm/스틱/장미,400g*30
177-311-02-01,엘막/레몬원액,200ml*30
17-69-30-01,돌(dole)/칵테일3K*6,3kg*6
176-67-200-01,+열매마을/캐슈넛(생)/인도산,22.68kg
176-209-10-02,+열매마을/호두분태,1kg*10
176-209-10-01,+열매마을/호두1/4태,1kg*10
176-159-10-02,+열매마을/아몬드(홀),1kg*10
176-159-10-01,+열매마을/아몬드슬라이스,1kg*10ea
175-311-02-01,영남레이지/라임원액/200ml/15입,200ml*15
175-310-10-01,영남/라임쥬스(레이지),1L*6
175-256-10-01,영남/레몬쥬스(레이지),1L*6
175-255-02-01,영남/레이지레몬/200ml,200ml*15
174-72-180-01,영미/카놀라유,18L
174-314-150-01,영미/고추씨기름15L/말통,15L
174-314-10-01,영미/고추씨기름1.8L,1.8L*8
174-300-20-01,영미/떡볶이소스,2kg*6
174-189-30-01,영미/소면/큰댁/3kg,3kg*4
174-134-02-01,영인/화이트트러플올리브,250ml*12
173-80-20-01,영화홀춘장,2.5kg*4
17-33-30-02,돌(dole)/파인애플3K*6,3062g*6
17-33-30-01,돌(dole)/파인청크대3K*6,3kg*6
173-06-05-01,영화/짬뽕다시,500g*10
172-217-10-01,오뗄/베이컨스타일칩/1kg,1kg*10ea
171-310-10-01,오션/스프레이루비레드 자몽쥬스,1.89L*8
171-310-01-01,오션/크런베리쥬스,3*6
170-60-01-01,오쉐프/토마토케찹(200입)9g,9g*200
170-300-100-01,오쉐프/닭강정소스/10kg,10kg
170-273-140-01,오쉐프/쫄깃한당면/14kg,14kg
170-204-80-01,오쉐프/빵가루,8kg*1
169-138-20-01,오씨아니/라리/옥수수3kg,2.95kg*6
168-97-05-01,오토/진강향초/500ml,500ml*12
167-328-05-01,+우도/이도가스오부시,500g*4
166-110-50-01,우림/사과쨈/5kg/파우치,5kg*3
166-110-30-02,우림/사과쨈,3kg*6
166-110-30-01,우림/딸기쨈,3kg*6
165-81-20-02,움트리/양념초장2.04kg,2.04kg*6
165-81-20-01,움트리/회초장/2kg,2kg*6ea
165-81-130-01,움트리/실장님회초장/13kg,13kg*1
165-327-10-01,움트리/실장님회간장,1950g*6
165-327-100-01,움트리/실장님회간장(10Kg),10kg*1
165-327-01-01,움트리/초밥간장/4g,4g*200*10
165-323-04-01,움트리/강겨자/튜브,410g*12ea
165-323-02-01,움트리/강겨자분,200g*40
165-300-09-01,움트리/해파리소스930,930g*10
165-139-30-01,움트리/옥수수전분/3kg,3kg*4
165-133-07-01,움트리/생와사비700g/냉동,700g*12
165-133-02-01,움트리/강와사비,200g*10*4
165-133-01-01,움트리/생와사비/1회용,(3g*200)*10
165-01-04-01,+움트리/백후추분,450g*20
164-192-180-01,웅진/오븐크리너,18kg
163-276-10-01,*원효/유자단무지(면세),1kg*10
163-200-40-01,원효/산고추/4Kg,4kg*5
163-200-05-01,원효/산고추/500g,500g*24
16-300-20-01,롯데/델리야끼소스,2kg*6
16-258-10-01,롯데/포크런천미트大/1.81kg,1810g*6
16-230-180-01,롯데 미림18L,18L*1
16-230-10-01,롯데/미림1.8L,1.8L*6
162-270-01-01,위시본/이탈리안드레싱,16oz*12
161-98-20-02,이금기/두반장/캔,2.04kg*6
161-98-20-01,이금기/해선장/병행,2.27kg*6
161-98-10-01,이금기/두반장/스파우트,1.9kg*6
161-98-03-02,이금기/두반장/병,368g*12
161-98-03-01,이금기/황두장,368g*12
16-168-180-01,롯데/식용유,18L
16-167-150-01,롯데/환만식초15L/말통,15L*1
16-167-10-01,롯데/환만식초/1.8L,1.8L*9
161-308-20-04,이금기/팬더굴소스캔2.27kg,2.27kg*6
161-308-20-03,이금기팬더굴소스2.4kg(pe),2.4kg
161-308-20-02,이금기/팬더굴소스/스파우트,2kg*6
161-308-20-01,이금기/프리미엄굴소스/파우치,2kg*6
161-308-05-02,이금기/프리미엄굴소스(중),510g*12
161-308-05-01,이금기/팬더굴소스(병)/510g,510g*12
161-308-02-02,이금기/프리미엄굴소스캔,2268g*6
161-308-02-01,이금기/프리미엄굴소스/255g,255g*12
161-300-05-01,이금기/쌍노두소스,500g*12
161-300-03-01,이금기/검은콩소스,368g*12
161-300-02-04,이금기/중화XO소스,220g*12
161-300-02-03,이금기/고추마늘소스,226g*12
161-300-02-02,이금기/마늘콩소스,226g*12
161-300-02-01,이금기/중화매실소스,260g*12
161-281-05-01,이금기/프리미엄 노추/500ml,500ml*12
161-227-10-01,이금기/치킨파우더/1kg,1Kg*12
160-74-03-01,이슬나라/칠리파우다/350g,350g*12
160-66-04-01,이슬/화이트캡사이신분말,400g*12
160-35-09-01,+이슬나라/파슬리/90g,90g*12
160-32-04-01,이슬/파프리카분말/400g,400g*12
160-301-04-01,이슬나라/스모크향분말,400g*12
160-300-100-03,이슬나라/떡갈비소스/10kg,10kg*2
160-300-100-02,이슬나라/바베큐소스/10kg,10kg*2
160-300-100-01,이슬나라/델리야끼소스/10kg,10kg*2ea
160-248-10-01,이슬나라/마늘가루/1Kg,1kg*10
160-248-04-01,이슬나라/마늘가루450g,450g*12
160-195-04-01,이슬/생강가루,450g*12
160-149-04-01,이슬나라/양파가루,450g*12ea
160-105-04-01,이슬나라/젤라틴,420g*24
160-01-04-01,+이슬나라/백후추분말/400g,400g*12ea
159-90-10-01,이엔/가쓰오풍쯔유,1.8*6
159-87-10-01,이엔/참치액,1.8L*6
159-82-10-03,이엔/초생강/적,1.3kg*10
159-82-10-02,이엔/초생강/백,1.3kg*10
159-82-10-01,이엔/적초생강(채),1.3kg*10
159-328-05-02,+이엔/가스오부시,500g*10
159-328-05-01,+이엔/하나가스오부시,500g*6
159-328-01-01,+이엔/하나가스부시/50g,50g*12
159-327-10-02,이엔/회전용간장,1.8kg*6
159-327-10-01,이엔/일식튀김용간장소스/1.8L,1.8L*6
159-327-01-03,이엔/미니회간장/5.6ml,5.6ml*160*10ea
159-327-01-02,이엔/미니만두초간장,5.6ml*185*10
159-327-01-01,이엔/미니간장,5.6ml*185*10
159-323-01-01,이엔/미니겨자소스,3g*200*10봉
159-300-140-01,이엔/참맛소스/14L,14L*1
159-300-10-03,이엔/돈부리타레소스1.8L,1.8L*6
159-300-10-02,이엔/메밀소바소스/1.8L,1.8L*6
159-300-10-01,이엔/초밥소스,1.8L*6
159-286-09-01,+이엔/냉동은행,900g*10
159-276-10-03,+이엔/단무지(홀)/압축/1kg(면세,1kg*10
159-276-10-02,+이엔/단무지(알밥용)(면세),1kg*10
159-276-10-01,+이엔/단무지(슬)압축/1kg(면세),1kg*10
159-261-30-03,이엔/락교SS-1/3kg,3kg*6
159-261-30-02,이엔/락교ss,3kg*6
159-261-30-01,이엔/락교/sss,3kg*6
159-261-20-01,이엔/락교/파우치,2.4kg*6
159-261-150-01,이엔/락교/SSS/15K,15kg
159-20-05-01,+이엔/풋콩/520g(면세),520g*15
159-171-02-01,이엔/시치미/240g*30,240g*30
159-167-01-01,이엔/미니식초소스,6g*200*10
159-133-07-01,이엔/905생와사비(국산)/냉동,700g*16
159-133-02-01,이엔/강와사비,200g*10*4
159-133-01-01,이엔/905/미니생와사비/냉동,(3g*200)*10
159-116-140-01,이엔/샤브샤브맛내기육수14L,14L*1
159-02-05-02,이엔/가스오후리가께(500g)/파랑,500g*10
159-02-05-01,이엔/노리후리가께(500g),500g*10
159-02-01-03,이엔/가스오후리가께(매운)/50g,50g*10*6
159-02-01-02,이엔/가스오후리가께50g/파랑,50g*60
159-02-01-01,이엔/노리후리가께50g,50g*60
15-88-10-01,사조/해표/재래압착참기름/1.8L,1.8L*8
15-87-10-01,사조/참치액/1.8L,1.8L*8ea
15-86-10-01,사조/참치1.88K,1.88K*6
158-276-10-01,+일미/쫄깃치자단무지(슬)(면세),1kg*6
158-15-30-01,+일미/오이피클(슬)델리원(면세),3kg*6
15-72-180-01,큐원/올바른콩식용유,18L*1
157-177-05-03,자라/링기니/500g,500g*20
157-177-05-02,자라3번/스파게티,500g*20
157-177-05-01,자라4번/스파게티,500g*20
156-300-20-01,제니스/레벤핫칠리소스,2kg*8
156-300-10-01,제니스/레벤우스타소스/1.8L/8입,1.8L*8ea
156-300-09-01,제니스/스테이크소스,930g*12
156-300-05-01,제니스/핫소스(510g)/大,510*20
156-300-02-01,제니스/스테이크소스/260g,260g*12
156-300-01-01,제니스/핫소스180ml/小,180ML*24
156-274-50-01,제니스/닭가루/20Kg,5kg*4ea
156-274-06-01,제니스/닭가루,680g*24
156-191-50-01,제니스/소가루(20K),5kg*4
156-06-10-01,제니스/레벤/혼다시,1kg*10
155-15-30-02,+제이쿱/오이피클/3kg(면세),3.1kg*6
155-15-30-01,제이쿱/오이피클/3Kg,3kg*6
155-131-30-01,제이쿱/아띠/완두콩/3kg,3kg*6
155-131-04-01,제이쿱/완두콩/400g,400g*24
154-98-20-01,중찬명가/볶음춘장/2.27K,2.27kg*6
154-98-140-01,중찬명가/춘장/14kg,14k*1
154-98-100-01,중찬명가/볶음춘장10kg,10kg*1
154-98-01-01,중찬명가/꼬마춘장/6g*500ea,6g*500ea
15-39-200-01,백설/튀김가루/20kg,20kg
153-78-20-01,쥬코/모짜렐라치즈/2.5kg,2.5kg*4
15-320-200-01,백설/고과당/25kg,25kg
153-146-05-01,쥬코/메디밀/연유,500g*20ea
15-314-10-01,사조해표/고추씨기름1.8L,1.8L*8
15-313-50-01,사조/고추장1회용/5kg,5kg*1(10g*500개)
15-308-20-01,사조/굴소스/2kg,2kg*8
15-300-20-03,사조/우동다시소스,2.15kg*8
15-300-20-02,사조/데리야끼소스/2kg,2kg*6ea
15-300-20-01,사조/스위트칠리소스/2kg,2kg*6ea
15-300-08-01,백설/비빔면소스/890g,890g*8
15-293-01-03,사조/김/미니도시락용/24팩,(10개*1팩)*24팩
15-293-01-02,+사조/김/전장김/10*100,10*100
15-293-01-01,사조/김밥김,10매*100개
15-269-10-01,사조/해표/들기름/1.8L/100%,1.8L*8ea
15-258-10-01,사조/런천미트쿡/1.8kg,1.8kg*6
15-252-01-01,백설/롱슈가,(5g*100)*10
15-245-150-01,사조/해표/고추맛기름/15L,15L*1
15-244-50-01,백설/맛소금/5kg*4,5kg*4
15-244-20-01,백설/맛소금2kg,2kg*6
15-239-10-01,백설 매실청 1kg,1kg*9
15-233-50-02,백설/맥아물엿/5k,5kg*3
15-233-50-01,사조/물엿5kg,5kg*3
15-233-20-01,사조/물엿2.4kg,2.4kg*6ea
15-233-200-01,백설/맥아이온물엿24kg,24kg*1
15-233-180-01,백설/맥아물엿/18kg,18kg
15-233-10-01,백설/맥아물엿(1.2kg),1.2kg*12
15-227-10-02,백설/조개다시다/1Kg,1kg*10
15-227-10-01,백설/멸치다시다/1kg,1kg*10
15-227-05-01,백설/조개다시다,500g*20
152-262-07-01,지록스/라임쥬스/750ml,750ml*12
15-223-30-01,+백설/중력1등급밀가루/3kg,3kg*6
15-223-20-01,+백설/찰밀가루,2.5K*6
15-223-200-02,+백설/중력밀가루20Kg,20kg
15-223-200-01,+큐원/밀가루(제빵전용),20K
15-223-10-02,+백설/밀가루/중력/1kg,1kg*10
15-223-10-01,+백설/밀가루/박력1등급/1kg,1kg*10
152-173-07-01,지록스/그라나딘,750ml*12
15-213-200-01,백설/부침가루/20kg,20kg
15-213-10-01,백설/부침가루,1kg*10
15-204-10-01,백설/빵가루/1kg,1kg*10
151-98-03-01,진미/춘장,300g*30
15-193-30-02,백설/황설탕3Kg/6入,3kg*6
15-193-30-01,큐원/황설탕3kg/8入,3kg*6
15-193-150-02,큐원/황설탕/15kg,15k*1
15-193-150-01,백설/황설탕15kg,15k*1
15-193-10-04,백설/자일로스 갈색설탕,1kg*12ea
15-193-10-03,백설/흑설탕16입,1kg*16
15-193-10-02,백설/백설탕(16입),1kg*16
15-193-10-01,큐원/황설탕(1Kg),1kg*20
15-190-30-02,+백설/천일염(3kg),3kg*4
15-190-30-01,*백설/꽃소금/3kg,3kg*6
15-190-10-01,+백설/꽃소금/1kg,1kg*10
15-187-01-01,백설/허브맛솔트/순한맛/100g*24,100g
15-168-10-01,사조해표/식용유/1.8L,1.8L*12
15-168-05-01,백설/식용유/500ml,500ml*20
15-162-140-01,+사조순창궁양념쌈장(면세),14kg
15-157-20-01,백설 아이미,2K*6
15-152-100-02,백설/소불고기양념,10kg
15-152-100-01,백설/돼지불고기양념,10kg
15-152-08-01,백설/소갈비양념(840g),840g*12
15-129-200-01,백설/요리당/25kg,25kg
15-128-30-01,사조/요리플러스/3kg,3kg*5
151-162-140-01,+진미/쌈장/14kg(면세),14kg
15-109-200-01,백설/저당/24kg,24kg
15-103-90-01,사조/조정(황엿)9kg,9kg*2
15-102-50-01,사조/조청(황엿)5kg,5kg*3
15-10-10-01,백설/핵산2.5%,1Kg*20
150-110-30-01,진산/살구쨈/3kg*6,3kg*6
150-07-30-01,진산/호박다이스(국산),3kg*6
149-206-30-01,진양/빙수팥,3kg*6
149-15-30-01,+진양/오이피클(면세),3kg*6
149-100-30-01,진양/죽순1호,3kg*6
149-100-04-01,진양/죽순4호,400g*24
148-81-130-01,진조미초장/13k,13k*1
147-233-80-01,참고을/야무진/맥이온물엿/8k,8k*1
146-311-10-02,참다음/매실원액/1.5L,1.5L*8
146-311-10-01,참다음/복분자원액/1.5L,1.5L*8
146-194-10-01,참다음/순석류,1.5L*8
146-166-10-01,참다음/식혜(1Kg),1kg*10
146-142-10-01,참다음/오미자/파낙스,1.5L*8
146-117-10-01,참다음/유자청,1.5L*8
146-112-10-01,참다음/로쏘189 자몽,1L*12
145-44-05-01,청담/터머릭,500g*12
145-275-08-01,청담/달팽이,850g*12
144-288-20-02,청림/아카시아꿀/청/2.4k,2.4K*8
143-55-10-01,청솔/볶은콩가루100%,1kg*10
143-311-10-01,청솔/오미자원액,1.5L*6ea
143-311-08-02,청솔/키위원액,835ml*12
143-311-08-01,청솔/오렌지원액,835ml*12ea
143-240-10-01,청솔/황금매실/1.5L,1.5L*6
143-229-10-01,청솔/미숫가루20곡(골드)/1kg,1kg*10
143-117-10-01,청솔/유자청/1.5kg,1.5kg*6
142-06-10-01,청수우동다시,1.8kg*8
141-269-10-01,청정들/들기름,1.8L*10
141-245-10-01,청정들/참맛기름,1.8L*10
140-93-10-01,초담원/짬뽕의신,1kg*12
140-90-10-01,초담원/모밀쯔유/1.8L,1.8L*8
140-83-10-01,초담원/유자초대리,1.1kg*12
140-327-100-01,초담원/무궁화간장10kg,10kg
140-300-20-04,초담원/불닭소스2.2kg,2.2kg*8
140-300-20-01,초담원/나가사끼짬뽕소스/2kg,2kg*8
140-300-10-01,초담원/우동소스(쯔유)/1.8L*8,1.8L*8
140-116-10-01,초담원/멸치육수1.8L,1.8L*8
140-06-10-01,초담원/오뎅다시,1.8L*8
139-89-20-01,초록원/유자차,2kg*6
139-89-10-11,초록원/꿀생강차,1kg*12ea
139-89-10-01,초록원/유자차/1Kg,1kg*12
138-248-04-01,초야/마늘가루/400g(70%),400g*20
138-199-01-01,초야/산초/40g*100개,40g*100개
138-195-04-01,초야/생강가루400g/70%,400g*20
137-184-20-01,칠갑/감자수제비,2kg*6
136-304-10-01,칠갑산/메밀면/1kg,1kg*15
135-302-04-02,카보트그라운드미트/민찌,450g*30
135-302-04-01,카보트그라운드비프/민찌/B,450g*30
134-134-10-01,카스텔로/올리브오일/버진1L,1L*12
133-79-10-01,칸스타/파마산치즈가루/kg,kg*10
132-78-20-03,코다노/피자치즈(레이),2.5Kg*4
132-78-20-02,코다노/피자치즈(DMC1)/50%/냉동,2.5kg*4
132-78-20-01,코다노/엔젤헤어모짜F/2kg,2kg*4ea
131-82-10-03,코우/초생강/채/적,1.3kg*10
131-82-10-02,코우/초생강/백/1.3kg,1.3kg*10
131-82-10-01,코우/초생강/채/백,1kg*10
131-40-05-01,코우/튀긴마늘슬라이스/500g,500g*12
131-328-05-02,+코우/하나가스오부시,500g*4
131-328-05-01,+코우/이도가스오부시,500g*4
131-328-02-01,+코우/하나가스오(중)200g,200g*10
131-328-01-01,+코우/하나가스오/60g,60g*20
131-327-01-01,+코우/붕어모양간장/4g(면세),4g(500ea)*6
131-300-10-01,코우/유타카 돈부리/1.8L,1.8L*6
131-271-10-01,코우/미소된장/적/아와세,1Kg*10
131-261-30-01,코우/락교3S파우치/3kg*4,3kg*4
131-153-04-01,+코우/야마고보(중국)면세,400g*20
131-149-04-01,코우/양파후레이크/400g,400g*10
131-133-07-01,코우/생와사비,750g*20
131-125-02-01,코우/히모카와우동면/넓적면,200g*20개
131-114-10-01,코우/신슈/고시고지(백색),1kg*10
131-113-10-01,코우/복신지/1kg,1kg*10
131-06-10-01,코우/혼다시/시마야,1kg*10
130-77-10-01,크노르치킨부용/유니레버,1K*6
130-76-10-01,크노르치킨파우더/유니레버,1K*6
130-300-10-01,크노르/홀란다이즈 소스,1L*6
130-235-10-01,크노르/몬다민루(화이트),1kg*6
127-300-60-01,타이시아/스위트칠리소스/6kg,6kg*3ea
126-327-10-01,+태명/야마사국간장/우스구찌(면,1.8L*6
126-296-10-01,태명/오꼬노미파우더/1kg,1kg*10
125-327-01-01,태산/미니간장/1회용,200ea*6
125-323-01-01,태산/1회용겨자/3g,200ea*6팩
125-190-01-03,태산/맛미니소금,3.5g*100ea*20봉
125-190-01-02,태산/순대소금/1회용,3.5g*200*10봉
125-190-01-01,태산/깨맛소금/1회용,3.5g*200*20봉
125-167-01-01,태산/맛미새코미/1회용/식초,5g*200개*6팩
125-01-10-01,+태산/흑후추분/1kg,1kg*15
125-01-100-01,+태산/백후추분/20Kg,10kg*2
125-01-04-04,+태산/흑후추홀(원두)/400g/SA,400g*20
125-01-04-03,+태산/흑후추분/400g,400g*20
125-01-04-02,+태산/백후추분/70%,400g*20
125-01-04-01,+태산/백후추/원두/400g,400g*20
125-01-02-01,+태산/흑후추분/200g,200g*50
124-111-01-08,태화/니트릴장갑/L/검정/100매,1box*10ea
124-111-01-07,태화/니트릴장갑/L/파랑/100매,1box*10ea
124-111-01-06,태화/니트릴장갑/M/검정/100매,1box*10ea
124-111-01-05,태화/니트릴장갑/M/파랑/100매,1box*10ea
124-111-01-04,태화/니트릴장갑/S/검정/100매,1box*10ea
124-111-01-03,태화/니트릴장갑/S/파랑/100매,1box*10ea
124-111-01-02,태화/라텍스장갑L/아이보리100매,1box*10ea
124-111-01-01,태화/라텍스장갑S/아이보리100매,1box*10ea
123-135-30-01,+토렌트/블랙올리브/슬(면세),3kg*6
122-214-10-01,튤립/촙트부대햄(A)/6입,1.8kg*6
121-214-10-01,튤립/런천부대햄B급/6입,1.81kg*6
120-326-200-01,티제이푸드/감자전분20kg/수입산,20kg*1
119-192-20-01,파트너/퐁퐁,2Kg*6
118-180-100-01,판타이/스위트칠리13.5kg,10L*1
117-326-200-01,팬다/감자전분/20kg,20kg
11-69-30-01,리치스/칵테일1호,3kg*6
11-69-08-01,리치스/칵테일2호/12入,12入*836g
116-278-01-01,풍전(아기표)/뉴슈가60G,60g*10*20
115-111-01-01,프레시원/위생장갑(200매),200매*40
114-134-50-01,프리모/포머스/올리브유(혼합),5L*4
113-50-10-01,프리츠/민락골드/휘핑크림,1L*12
11-305-50-01,라리/혼합유(5L),5L*4
11-259-05-01,라리/스파게티/오씨아니,500g*20
11-222-30-01,화남/밀감1호/3kg,3kg*6
11-222-08-01,화남/밀감2호/850g,850g*12
112-218-120-01,프리페어드에더블펫버터/PEF,12.5kg*1
11-206-30-01,리치스/빙수팥,3kg*6
111-91-10-01,+하나/쯔보즈케/1kg(면세),1kg*10
11-179-10-01,리치스/냉동스위트콘,1kg*10
11-167-50-01,라리발사믹식초/5L,5L*2
11-138-30-01,화남/옥수수3kg/태국산,3kg*6
11-138-20-01,리치스/옥수수1호,2.95K*6
11-138-04-02,화남/옥수수425g/태국산,425g*24
11-138-04-01,리치스/옥수수4호,425g*24
11-138-03-01,동원/옥수수4호/태국산,340g*24
11-135-30-01,리치스/그린올리브(홀),3kg*6
11-135-03-01,리치스/그린올리브/병,365g*12
11-134-10-01,라리/올리브유(버진),1L*12
111-300-10-01,하나/돈까스소스/1.8L,1.8L*9
111-196-10-01,+하나/샌기리다이꽁/알밥(면세),1kg*10
111-113-10-02,하나/시바스케/가지절임,1kg*10
111-113-10-01,하나/후쿠진스케/복신지,1kg*10
11-03-30-01,화남/황도1호(그리스)/3kg,3kg*6
11-03-08-01,화남/황도2절/그리스/820g,820g*12
11-03-04-01,화남/황도410g(슬)/그리스,410g*24
110-185-07-01,하늘청/수정과,790ml*10
110-166-07-01,하늘청식혜790ml,790ml*10
109-89-20-01,하루/유자차/고흥산,2kg*6
109-89-05-01,하루야마녹차파우다/500g,500g*20ea
109-40-05-01,하루튀긴마늘슬라이스,500g*12ea
108-192-180-01,하이/오븐크리너,18L
107-87-50-01,한라/참치액/5L,5L*1
107-87-10-01,한라/참치액(1.8L),1.8L*8
107-87-05-01,한라/참치액/500ml/20입,500ml*20
106-65-04-01,한상/캡사이신분말,400g*12
106-300-20-01,한상/치킨소스/순한맛/2.1kg,2.1kg*8ea
105-190-30-01,한주/소금3kg,3kg*6
105-190-200-01,한주소금/25kg,25kg*1
104-271-140-01,+합동/찌개된장(대)(면세),14kg
103-258-03-01,호멜/런천미트,340g*24
103-15-30-01,+해마루/오이피클(슬)(면세),3kg*6
102-273-140-03,화미/실속찰당면/14kg,14kg
102-273-140-02,화미/찰당면14kg/,14kg*1
102-273-140-01,화미/납작당면/14kg,14kg*1
102-273-10-01,화미/납작당면,1kg*10
102-236-05-01,화미/멸치가루/500g,500g*20
102-233-90-01,화미/이온물엿(9Kg),9kg*1
102-233-80-02,화미/이온물엿(8K),8k*1
102-233-80-01,화미/이온물엿/고백당/8kg,8kg*1
102-233-50-01,화미/이온물엿(5Kg),5kg*3
102-233-140-02,화미/이온물엿/고백당/14kg,14kg
102-233-140-01,화미/맥아물엿/14KG,14Kg
102-227-20-01,화미/다시다/실속 2kg,2kg*6
102-227-200-01,화미/다시다/골드/20kg,20kg*1
102-225-200-01,화미/베타믹스(돈까스용)/20Kg,20kg
102-204-80-01,화미/빵가루,8kg*1
101-98-04-01,화풍/두반장/하하/12입,435g*12
101-95-10-01,+화풍/짜사이/1kg,1kg*20
101-95-05-01,+화풍/짜사이/500g,500g*40
101-279-02-01,화풍/누룽지,284g*36
101-261-30-01,화풍/락교sss,3kg*6
101-251-05-01,화풍/리치,560g*24
101-234-20-01,화풍/물밤/마티,2.95kg*6
101-231-04-01,화풍/영콘,400g*24
101-219-30-03,화풍/표고버섯(홀),3kg*6
101-219-30-02,화풍/표고버섯(채),3kg*6
101-219-30-01,화풍/초고버섯(대),3kg*6
101-219-04-01,화풍/초고버섯,415g*24
101-186-01-01,화풍/송화단,160ea
101-151-30-02,화풍/양송이(홀),3kg*6
101-151-30-01,화풍/양송이(특편),3kg*6
101-150-04-02,화풍/양장피(기계),400g*20
101-150-04-01,화풍/양장피/수제작업,400g*20
101-150-02-01,화풍/양장피(채),250g*32
101-108-10-01,화풍/적체리(꼭지)대,1.88kg*6
101-108-04-02,화풍/적체리(꼭지)소,400g*12
101-108-04-01,화풍/적체리(소),400g*12
101-100-30-02,화풍/죽순채,3kg*6
101-100-30-01,화풍/죽순편,3kg*6
101-100-20-02,화풍/죽순(홀),2.95kg*6
101-100-20-01,화풍/동죽순,2840g*6
100-309-10-01,흥국/청포도샤인머스켓,1L*12EA
100-280-10-03,흥국/오렌지농축액/1.5L,1.5L*6EA
100-280-10-02,흥국/자몽농축액/1.5L,1.5L*6EA
100-280-10-01,흥국/애플망고농축액,1L*12
100-182-02-01,흥국/네오스무디(홍시),240g*10ea
100-147-10-01,흥국/라임에이드베이스,1kg*12
08-313-30-01,+해찬들/고추장/3k(면세),3kg*4
08-313-140-02,+해찬들/가득한고추장/14kg(면세,14kg
08-313-140-01,+해찬들/고추장/알찬/14kg(면세),14kg*1
08-271-140-01,+해찬들/된장/14k(면세),14kg*1
08-162-30-01,+해찬들/쌈장/3Kg,3kg*4
08-162-140-02,해찬들/쌈장/알찬/14kg,14kg*1
08-162-140-01,+해찬들/쌈장/14kg(면세),14kg*1
07-192-120-01,LG/하이퐁,12L*1
0000-89-20-01,고흥유자차/농협/다원,2kg*6ea
0000-84-05-01,체리가루/쿨에이드,538g*12
0000-78-20-01,모짜렐라/명세/갈바니/냉동,2.27kg*8
0000-78-10-02,파마산치즈덩어리/그라나파나노,1kg*10
0000-78-10-01,코다노후레쉬모짜렐라펄(1g),1kg*4ea
0000-72-180-01,씨와이프로카놀라유/18L 채종유,18L*1
0000-71-200-01,카라멜액상(부영),25kg
0000-67-10-02,+캐슈넛/베트남산/1kg,1kg*10
0000-67-10-01,+캐슈넛(인도산)/1kg,1kg*10
0000-56-200-01,+콘그릿스5호,25kg
0000-51-01-01,크린팩(대),(30*45)*50
0000-50-10-01,휘핑크림/홉라/무가당,1L*12EA
0000-327-180-01,+기꼬만간장(싱)18L,18L*1
0000-327-120-01,순창진간장/12L,12L
0000-327-10-03,*해선간장/1.75L*6(면세),1.75L
0000-327-10-02,+매크로)기꼬만간장1.8L,1.8L*6
0000-327-10-01,+매크로)기꼬만간장1L,1L*15
0000-321-05-02,통계피/500g(30팩),500g*30
0000-321-05-01,+통계피/500g*30팩(면세),500g*30
0000-317-10-01,프로찜,1kg*15
0000-315-10-01,+건고추/베트남/1Kg/10입,1kg*10
0000-302-04-01,카보트소세지,454g*24
0000-299-04-01,크림콘(옥수수죽),400g*24
0000-29-01-01,페이퍼타올(유림),100g*40
0000-290-10-01,+참깨가루/분말/1kg,1kg*10
0000-27-20-01,슈가데일페퍼로니/2.27kg,2.27kg*4
0000-263-140-01,프로라드유/14kg,14kg
0000-263-130-01,중화유(라드/97%)/프로돈지,13kg
0000-259-01-05,10/13홀더(무지),100*10
0000-259-01-04,12/16온스검정리드(개페),100ea*10줄
0000-259-01-03,랩/이츠웰(30cm),30cm*500m
0000-259-01-02,랩/공업용/500m,50*500m*4
0000-259-01-01,랩/이츠웰(50cm),50cm*500m
0000-249-04-01,홈버터린,450g*20
0000-245-10-01,청/참고소한기름/1.8*10,1.8
0000-241-10-01,망고푸딩(1kg*10),1kg*10
0000-229-200-01,미숫가루/뚜레반12곡/20kg,20kg
0000-229-10-01,미숫가루/뚜레반12곡,1kg
0000-227-200-01,글루탄산나트륨(MSG),25kg
0000-219-10-01,+백목이버섯(6입),1Kg*6ea
0000-218-200-01,버터/데어리스프레드,25kg
0000-217-04-01,+슈가데일/베이컨/454g,454g*24
0000-211-200-01,isp(분리대두단백),20kg
0000-21-05-01,생선두부튀김(푸치오)냉동-모노,500g*10
0000-209-10-02,땅콩분태(볶음)/1kg(10입),1kg*10ea
0000-209-10-01,볶음땅콩분태/1kg(20입),1kg*20ea
0000-198-04-01,+민물새우/400g,400g*20팩
0000-193-150-01,설탕/쌍백당/15kg,15kg*1
0000-193-01-01,스틱설탕/TS/5g*100ea*10pk,5g*100ea*10pk
0000-192-200-02,다모아식기세제,20kg
0000-192-200-01,다모아식기린스,20kg
0000-192-10-02,비타민B1 라우릴황산염,1kg
0000-192-10-01,옥시크린(1Kg),1kg*2*6
0000-190-30-02,꽃소금3kg,3kg*7
0000-190-30-01,+굵은소금/천일염/3kg/면세,3kg*8ea
0000-190-200-01,+꽃소금20k(국산),20k
0000-190-150-01,꽃소금15kg/포,15kg
0000-190-10-01,꽃소금/1Kg,1kg*20
0000-188-200-01,솔비톨(분말),25kg
0000-18-10-01,+피스타치오(탈각),1kg*10ea
0000-173-01-01,슈가시럽펌프/8ml,8ml*100ea
0000-170-200-01,식소다,25K
0000-168-180-02,일등(맑은)식용유,18L
0000-168-180-01,OK골드식용유(18L),18L
0000-16-10-01,+피칸반태,1kg
0000-143-90-01,훈제오리완포/9kg,9kg*1
0000-137-150-02,캡시컴 올레오레진(100만),15kg
0000-137-150-01,파프리카올레오레진,15kg
0000-132-50-02,"와인(팩,백색)",5L*4
0000-132-50-01,"와인(팩,적색)",5L*4
0000-123-10-01,에탄올워셔액(8입),1.8L*8
0000-122-10-01,원두(트랜드)mg,1kg*10
0000-118-01-01,유산지12인치/피자용(300),1000매*1(묶음)
0000-111-10-01,미용장갑(L)/대,L/대
0000-11-01-01,해동지,2겹_420*365mm_100매*10개입 EA
0000-07-30-01,호박다이스(중국산),3kg*6
0000-01-200-01,*흑후추분말(세라식품),20kg
97-193-30-01,삼양사) 백설탕3kg,3kg*8
15-03-12,스팸기획 클래식200g(3입),(200g+3)*12
94-01-04-08,+미드봉/선백후추70% 면세,400g*20
94-01-04-09,+미드봉/굵은후추 면세,400g*20
94-01-04-10,+미드봉/흑후추원두,400g*20
15-245-160-01,새댁표 고추맛기름,15L*1
168-82-10-01,한진 초생강(적색),1.3kg*10
168-82-10-02,한진 초생강(백색),1.3kg*10
67-85-93-01,백설 소갈비양념장 (10kg),10kg*1
315-28-03-01,미드미 크러쉬드레드페퍼/ 면세,340g*12
263-326-05-01,화풍 감자전분,20kg*1
39-247-68-01,사조 마요네즈 스파우트팩,3.2kg*4
168-82-10-03,한진 초생강채 (적색),1.3kg*10
297-583-56-45,부자농산 볶음참깨,1kg*20
215-238-09-03,삼미/머스타드more (대),3.628kg*4
83-62,사조 안심특선88호,카놀라유*2+쟌슨빌*2+참기름*2+살코기4
83-62-01,사조 안심특선79호,카놀*1+요리유*1+맛술*1+식초*1+쟌슨빌*2+살코기*3+참기름*2+소금*1
28-29-01,탐스 제로파인355,355ml*24
20-78,광동 귀한삼 흑삼진,(100ml*12)*5
15-83,백설 쇠고기다시다2kg,2kg*6
359-271-140-01,한진 신주백된장(히로미소),1kg*10
27-261-30-04,삼도 해울찬락교(sss),3kg*6
55-01-08,컨디션제로 스파클링 메론소다100ml,100ml*50
23-62,웅진 생차 녹차500ml,500ml*20
23-62-01,웅진 생차 호지차500ml,500ml*20
23-54-06,웅진 자연은 요거달콤망고1.5,1.5L*12
23-50-00,웅진자연은망고500ml,500ml*24
11-05-21,동원참치기획(살코기+DHA) 90g,(살코기90g*4+DHA*4)*10
638-134-50-01,보베다 블렌드오일,5L*3
15-245-150-02,사조 해표 고추맛기름1.8L,1.8L*8
57-149-04-01,씨엘 양파후레이크,500g*20
19-72-180-01,비앤비 건강한콩식용유18L,18L*1
32-16-05,광동썬키스트 오렌지소다355,(355ml*24)
32-16-06,광동썬키스트 제로 자두자몽소다355,(355ml*24)
32-16-07,광동썬키스트 제로 복숭아레몬소다355,(355ml*24)
27-26-03,펩시콜라1.5,1.5L*12
86-66-05-03,청우 더진한 양념치킨매운맛소스10kg,10kg*1
102-227-10-01,화미/골드다시2kg,2kg*6
283-326-200-01,오토 감자전분20kg,20kg*1
283-326-200-02,오토 감자전분1kg,1kg*15
95-35-02-01,미드미 파슬리후레이크200g,200g*15
241-135-50-01,파티니 혼합블랜드오일5L,5L*4
HB200G10EA-15-15-06,,10입*1
TU85G12EA-15-06-04,,85g*12
TU85G12EA-15-06-05,,85g*12
TU250G6EA-11-04-05,,250g*6
TU250G6EA-11-11-02,,250g*6
TU250G6EA-11-05-04,,250g*6
TU250G6EA-11-21,,250g*6
TU200G6EA-15-07,,200g*6
TU200G6EA-11-03,,200g*6
TU200G6EA-11-04,,200g*6
TU200G6EA-11-11,,200g*6
TU150G12EA-11-05-02,,150g*12
TUS90G8EA-11-41-05,,90g*8
SC500G4EA-08-47-03,,500g*4
SC500G4EA-08-47-01,,500g*4
SC500G4EA-08-47-04,,500g*4
SC500G4EA-08-47-02,,500g*4
OIL900ML4EA-08-32,,900ml*4
OIL900ML4EA-08-32-02,,900ml*4
OIL500ML6EA-08-20-05,,500ml*6
OIL500ML6EA-08-20-04,,500ml*6
OIL500ML6EA-08-20-03,,500ml*6
OIL500ML6EA-08-20-01,,500*6
OILO450ML2EA-39-80..,,450ml*2
OILO450ML2EA-08-37-02,,430*2
OIL1P8L6EA-41-19,,1.8L*12
OIL1P8L5EA-08-28,,1.8L*10
SPCM340G5EA-15-04,,340ml*5
SPCM340G5EA-15-04-02,,340ml*5
SP340G6EA-23-84,,340g*6
SP340G6EA-16-05,,340g*6
SP340G6EA-57-04,,340g*6
SP340G6EA-16-01,,340g*6
SP200G6EA-23-85-01,,200g*6
SP200G6EA-57-02,,200g*6
SP200G6EA-16-06,,200g*6
SP200G6EA-16-02,,200g*6
SP200G5EA-15-03-03,,200g*5
SP200G5EA-15-03,,200g*5
SPS200G6EA-15-03-06,,클200g*4+마200g*2
SPS340G4EA-15-04-03,,340g*4
SG1KG4EA-15-63,,1kg*4
SG3KG1EA-15-60,,3k*1
SG1KG5EA-15-47,,1kg*5
SG1KG5EA-15-47-02,,1kg*5
SGB3KG1EA-15-60-02,,3k*1
SGB3KG1EA-15-42-02,,3kg*1
SG1KG4EA-15-40-03,,1kg*4
CMMS50T1EA-24-11-01,,(3+1)*1
CMN200T1EA-24-12-10,,(180*20)*1
CMR30T1EA-21-108-02,,30T*1
CMR30T1EA-21-108-05,,30T*1
RAM120G10EA-22-51,,120g*10
RAM5EA-54-21,,5*1
RAM86G8EA-81-04,,86g*8
RAM5EA-54-07,,5*1
RAM5EA-39-91-01,,5*1
RAM5EA-39-91,,5*1
RAM5EA-54-01,,5*1
RAM5EA-54-10,,5*1
SS500G2EA-15-19,,500g*2
SS1KG1EA-15-20,,1kg*1
SS1P2KG3EA-15-87-03,,1.2kg*3
SS1P2KG3EA-15-87-04,,1.2kg*3
PD1KG5EA-08-45,,1kg*5
PD1KG5EA-08-46,,1kg*5
RC850G6EA-11-74-02,,850g*6
RC850G6EA-11-74-04,,836g*6
GB140G12EA-10-02,,140g*12
GB130G12EA-10-07,,130g*12
GB280G6EA-10-14,,280g*6
GB230G6EA-10-01,,230g*6
GB130G12EA-19-17,,130*12
GB280G6EA-10-29,,280g*6
GB130G12EA-14-15,,130*12
GB300G6EA-10-00-02,,300g*6
GB280G6EA-10-14-02,,280g*6
GB230G6EA-46-04-01,,230g*6
GB140G12EA-46-04-02,,140g*12
GB280G6EA-10-21,,280g*6
YZ285G6EA-11-23,,286g*6
YZ285G6EA-11-28,,285g*6
YZ285G6EA-11-28-02,,285*6
YZ285G6EA-11-24,,285g*6
FH6-19-20,,400g*6
FH6-14-13-01,,400g*6
FH6-14-13,,400g*6
FH6-14-12,,400g*6
FH6-14-10,,400g*6
FH6-14-02-02,,400g*6
FH6-14-01,,400g*6
FH6-11-17,,400g*6
FH6-10-08-02,,400g*6
FH6-10-04,,400g*6
FH6-10-00,,400g*6
A6_24-61,,200ml*6
A6_24-62,,200ml*6
A6_24-63,,200ml*6
A6_24-64,,200ml*6
A6_24-65,,200ml*6
KRPY1EA-67-73,,500g*1
KRPY1EA-67-73-01,,500g*1
MGG1EA-67-74,,500g*1
MGG1EA-67-74-01,,500g*1
BT15EA-25-59-03,,15병*1곽
BT10EA-25-273,,10병*1곽
BT10EA-25-40-02,,10병*1곽
BT10EA-20-10,,10병*1곽
BT10EA-20-04,,10병*1곽
BT10EA-28-06,,10병*1곽
BT10EA-28-50,,10병*1곽
BT10EA-38-09-03,,10병*1곽
BT10EA-20-12-01,,10병*1곽
BT10EA-28-13,,10병*1곽
BT10EA-28-13-05,,10병*1곽
BT10EA-55-09,,10병*1곽
BT10EA-55-01-02,,10병*1곽
BT10EA-55-01,,10병*1곽
BT10EA-81-40,,10병*1곽
NRG1EA-66-07,,270g*1
GNRG1EA-66-01,,180*1
MMC1EA-65-53-01,,160g*1
MMC1EA-65-54,,160g*1
MGG1EA-48-34,,440g*1
MMC1EA-65-53-02,,160g*1
OIL1P8L6EA-53-01,,1.8L*4
GNRG1EA-66-01-01,,180g*1
PC001323,,1입
PC003582,,(140+20)*1
PC001066,,130g*1
PC001081,,140g*1
PC001958,,1.8L*1
PC002457,,140g*1
PC003422,,1.81kg*1
PC003913,,1.8L*1
PC001080,,230g*1
PC002510,,200g*1
PC002511,,200g*1
PC002652,,140g*1
PC002668,,250g*1
PC003265,,200g*1
PC003607,,200g*1
PC000346,,400g*1
PC001065,,280g*1
PC001069,,280g*1
PC001070,,280g*1
PC001765,,400g*1
PC002390,,340g*1
PC000345,,400g*1
PC000351,,400g*1
PC001083,,400g*1
PC001767,,400g*1
PC003695,,400g*1
PC000356,,400g*1
PC000359,,400g*1
PC000362,,400g*1
PC000363,,400g*1
PC001074,,400g*1
PC002456,,400g*1
PC000669,,600g*1
PC001059,,400g*1
PC001082,,400g*1
PC002653,,400g*1
PC003739,,425g*1
PC003744,,836g*1
PC002759,,836g*1
PC002764,,850g*1
PC003742,,850g*1
PC004325,,350ml*1
PC004326,,350ml*1
PC002891,,(90+10)*1
SP300G5EA-15-03-10,,300g*5
PC004307,,946ml*1
PC005526,,850g*1
PC004737,,850g*1
PC004740,,836g*1
PC004298,,835ml*1
PC004299,,835ml*1
PC004300,,835ml*1
PC004301,,835ml*1
PC005008,,820g*1
PC005548,,790ml*1
PC004376,,70g*1
PC004341,,680g*1
PC005332,,680g*1
PC005045,,5L*1
PC005735,,5l*1
PC005722,,5L*1
PC004841,,595g*1
PC004901,,585g*1
PC004900,,585g*1
PC004349,,550g*1
PC004336,,538g*1
PC005314,,50g*1
PC005101,,500ml*1
PC004536,,500g*1
PC004306,,500g*1
PC005759,,500g*1
PC004852,,500g*1
PC004850,,500g*1
PC004318,,500g*1
PC004293,,400g*1
PC005416,,400g*1
PC004435,,400g*1
PC005697,,400g*1
PC005698,,400g*1
PC005525,,3kg*1
PC000041,,3kg*1
PC005201,,3kg*1
PC005183,,3kg*1
PC004294,,3kg*1
PC004337,,3kg*1
PC005715,,3kg*1
PC004723,,3kg*1
PC004562,,3kg*1
PC004559,,3kg*1
PC005562,,3kg*1
PC005415,,3kg*1
PC005159,,3kg*1
PC004948,,3kg*1
PC004947,,3kg*1
PC004946,,3kg*1
PC004935,,3kg*1
PC004931,,3kg*1
PC004930,,3kg*1
PC004929,,3kg*1
PC004869,,3kg*1
PC004813,,3kg*1
PC004739,,3kg*1
PC004308,,340g*1
PC002758,,3050g*1
PC002105,,X*1
PC004738,,3.63kg*1
PC005708,,3.628kg*1
PC004718,,3.15kg*1
PC004312,,2kg*1
PC004342,,2kg*1
PC005713,,2kg*1
PC004942,,2kg*1
PC004941,,2kg*1
PC004295,,2950g*1
PC005329,,260g*1
PC004310,,230g*1
PC005253,,2268g*1
PC005182,,200ml*1
PC004425,,200g*1
PC004317,,200g*1
PC004292,,2.9kg*1
PC004340,,2.95kg*1
PC004937,,2.84kg*1
PC004296,,2.6kg*1
PC004297,,2.5kg*1
PC004857,,2.55kg*1
PC004453,,2.4kg*1
PC004344,,2.4kg*1
PC005756,,2.4kg*1
PC005757,,2.4kg*1
PC005247,,2.27kg*1
PC005239,,2.04kg*1
PC004793,,1kg*1
PC004343,,1kg*1
PC004903,,1kg*1
PC004313,,1kg*1
PC004605,,1kg*1
PC004648,,1kg*1
PC004319,,1kg*1
PC004949,,1kg*1
PC005330,,180ml*1
PC005245,,15L*1
PC004429,,150g*1
PC005041,,13L*1
PC005218,,13kg*1
PC005616,,12L*1
PC004430,,120g*1
PC005780,,10kg*1
PC005316,,1.8L*1
PC005723,,1.8L*1
PC005237,,1.8L*1
PC004589,,1.8L*1
PC004823,,1.8L*1
PC000355,,1.88kg*1
PC005318,,1.88kg*1
PC003738,,2.95kg*6
PC005201,,3kg*1
PC005237,,1.8L*1
01-19-04,,20g*45
PC005904,,3kg*1
